age,ridge_length,ridge_vel_mean,ridge_vel_std,ridge_surface_area,subduction_length,subduction_vel_mean,subduction_vel_std,subduction_surface_area,age_mean,age_std,accretion_mean,accretion_std,slab_dip_mean,slab_dip_std,min_continental_arc_length,mean_continental_arc_length,max_continental_arc_length,min_carb_plat_continental_arc_length,mean_carb_plat_continental_arc_length,max_carb_plat_continental_arc_length,min_combined_arc_length,mean_combined_arc_length,max_combined_arc_length,global_age_mean,global_age_std
170,63172.47631680657,6.534727594893801,4.154465016301974,4.128669146596031,76632.28973266979,5.120960994933858,3.640977150866304,4.314878014833774,68.36190236441304,48.954793257975254,9.876700029800837,21.417512652154723,29.158503323248947,6.625372140016401,24686.060824483207,29073.712143585737,32101.151296389944,7558.103280870681,9578.213970865569,11214.683969544652,7558.103280870681,9578.213970865569,11214.683969544652,69.02949523925781,54.89655685424805
169,63172.47631680657,6.534727594893801,4.154465016301974,4.128669146596031,76632.28973266979,5.120960994933858,3.640977150866304,4.314878014833774,68.36190236441304,48.954793257975254,9.876700029800837,21.417512652154723,29.158503323248947,6.625372140016401,24686.060824483207,29073.712143585737,32101.151296389944,7558.103280870681,9578.213970865569,11214.683969544652,7558.103280870681,9578.213970865569,11214.683969544652,69.02949523925781,54.89655685424805
168,63172.47631680657,6.534727594893801,4.154465016301974,4.128669146596031,75488.88082810355,5.120960994933858,3.640977150866304,4.314878014833774,68.36190236441304,48.954793257975254,9.876700029800837,21.417512652154723,29.158503323248947,6.625372140016401,24686.060824483207,28975.438416467445,32101.151296389944,7387.055780951696,9578.213970865569,11214.683969544652,7387.055780951696,9578.213970865569,11214.683969544652,69.02949523925781,54.89655685424805
167,63172.47631680657,6.534727594893801,4.154465016301974,4.128669146596031,75488.88082810355,5.120960994933858,3.640977150866304,4.314878014833774,68.89424303677076,49.06235473611906,11.751778443161939,21.417512652154723,29.698927122390966,6.625372140016401,24688.566772760772,28975.438416467445,32178.739004097297,7372.513558130795,9510.356980600693,10960.216211803734,7372.513558130795,9510.356980600693,10960.216211803734,69.31282043457031,55.07831573486328
166,62780.34661891571,6.229255900870873,3.9370308459339114,3.795072402221583,75532.68517076503,4.8021976646624704,3.2035106378814944,3.9870104566213382,69.0976299965102,49.13985944457503,12.189127645419864,18.844180222832318,29.77394063930029,6.549381008790354,24731.082207020445,28941.027207980977,32304.758580163885,7387.055780951696,9510.356980600693,10960.216211803734,7387.055780951696,9510.356980600693,10960.216211803734,69.51676177978516,55.19818115234375
165,62770.45120630056,6.210255184382309,3.9304887718450954,3.792764983825425,75612.78920024117,4.740721642246539,3.1984000004097632,3.983036475552128,69.87136204630929,49.29560133574438,12.189127645419864,18.814117649469196,29.821962515654366,6.549381008790354,24844.41729498875,28941.027207980977,32317.06094828529,7558.103280870681,9510.356980600693,10960.216211803734,7558.103280870681,9510.356980600693,10960.216211803734,69.73614501953125,55.34112548828125
164,62722.733009737836,6.171943383559085,3.9027736957933685,3.7739158949867906,75770.31738818383,4.727848300278623,3.191618400225691,3.9660098897691194,70.57555372779152,49.52048557643432,12.225771524399349,18.774225883680533,30.170471425019656,6.549381008790354,24851.96026751849,28941.027207980977,32408.35469033957,7688.889344747405,9510.356980600693,10960.216211803734,7688.889344747405,9510.356980600693,10960.216211803734,70.03155517578125,55.49372100830078
163,62481.05378080441,6.171943383559085,3.520371962533374,3.7739158949867906,76632.28973266979,4.721618840852111,3.191618400225691,3.9660098897691194,71.1832109408932,49.69171708970452,12.235371137501437,18.774225883680533,30.170471425019656,6.549381008790354,24929.964826149317,28941.027207980977,32994.96815761333,7692.317361710165,9510.356980600693,10960.216211803734,7692.317361710165,9510.356980600693,10960.216211803734,70.29515838623047,55.65036392211914
162,62457.91523721399,6.171943383559085,3.5097625326954396,3.7739158949867906,76632.28973266979,4.719986906624755,3.191618400225691,3.9660098897691194,71.71433532787577,49.88085777221682,12.253538416127066,18.774225883680533,30.170471425019656,6.549381008790354,25077.108018074796,28941.027207980977,33110.22082983141,7750.0368701379075,9680.383523589868,11052.41461744656,7750.0368701379075,9680.383523589868,11052.41461744656,70.55705261230469,55.769744873046875
161,62299.66928094183,6.171943383559085,3.4206363869920793,3.7739158949867906,76632.28973266979,4.716898469258399,3.191618400225691,3.9660098897691194,72.16390052253549,50.129094349751284,12.461400686937264,18.774225883680533,30.170471425019656,6.690185658060512,28840.70731803786,34025.34515653714,39250.97831166287,8934.063389714845,11127.142618070822,12687.91437205618,8934.063389714845,11127.142618070822,12687.91437205618,70.78702545166016,55.917999267578125
160,61887.0029661981,6.171943383559085,3.3884048268073474,3.7739158949867906,82856.36153447427,4.681561883220666,3.191618400225691,3.9660098897691194,78.01143580104004,51.057384177581106,12.828064649301501,18.774225883680533,30.170471425019656,8.479245636650445,29390.85430924696,34405.6160045743,39451.17603997038,9014.53901633,11192.166786204736,12700.486354953917,9014.53901633,11192.166786204736,12700.486354953917,70.84160614013672,55.93878936767578
159,61887.0029661981,6.016299702490642,3.3823967401069694,3.6135539112511745,82856.36153447427,4.619229009618746,3.0182284870970975,3.902770832175518,78.79021570990085,51.14491500011639,12.86022125814772,17.754285218218214,30.170471425019656,8.534846743876102,29488.351022349605,34655.63068279422,39820.761640848774,9054.997277025775,11198.41046067312,12731.468736431005,9054.997277025775,11198.41046067312,12731.468736431005,71.03964233398438,56.101470947265625
158,62299.66928094183,5.9478666770414925,3.375653386068728,3.656863693497355,82856.36153447427,4.613762386114888,3.1639699062176585,3.93456042642178,79.18279391676526,51.25951657735809,12.878450024959461,18.61158768363328,30.170471425019656,8.534846743876102,29520.943370255893,34690.30622024035,39945.04433013888,9195.545558463707,11293.645581996914,12984.73774338902,9195.545558463707,11293.645581996914,12984.73774338902,71.2496337890625,56.20248794555664
157,62457.91523721399,6.241136639483926,3.375653386068728,3.7989637158921004,82856.36153447427,4.613762386114888,3.202464818449175,4.177516336401432,79.49305731944253,51.30710345515996,12.878450024959461,18.838028343818674,30.170471425019656,8.550132082041763,29603.76838325607,34906.46795494004,40108.47319247773,9313.56590652832,11419.44723294754,13036.51796143676,9313.56590652832,11419.44723294754,13036.51796143676,71.2496337890625,56.32619094848633
156,62722.733009737836,6.480292744309982,3.375653386068728,3.83172880476287,82856.36153447427,4.613762386114888,3.2112462273063316,4.188332650520017,79.90366470022938,51.34609697131429,12.878450024959461,18.889683690037245,29.8697662521093,8.644613030628996,29603.76838325607,34906.46795494004,40108.47319247773,9338.17619787575,11420.71274310175,13078.693690469225,9338.17619787575,11420.71274310175,13078.693690469225,71.2496337890625,56.50700759887695
155,63318.81356003076,6.480292744309982,3.3884048268073474,3.8355842692797246,82856.36153447427,4.613762386114888,3.2184825761917266,4.193873934260807,80.0262315994487,51.57695277339023,12.878450024959461,18.93225044818663,29.8697662521093,8.672840841114859,29898.610998711712,34919.303618770864,40187.71581300176,9338.17619787575,11504.81240424162,13286.970706561016,9338.17619787575,11504.81240424162,13286.970706561016,71.2496337890625,56.70566177368164
154,68103.04434524343,6.480292744309982,3.3884048268073474,3.869944913407264,82713.7203186559,4.619229009618746,3.2517031098277354,4.209549589862193,81.09624571048646,51.57695277339023,12.86022125814772,19.127665351927856,29.821962515654366,8.860398107909043,29898.610998711712,35199.39294639601,40621.40154976606,9338.17619787575,11504.81240424162,14094.68684575572,9338.17619787575,11504.81240424162,14094.68684575572,71.2496337890625,56.73594284057617
153,77678.03142761212,6.476323969090002,3.8938598888647444,4.912079535538319,82169.29357208632,5.639992248260656,4.346630460136612,5.091881371968888,81.17085073749043,51.57695277339023,12.86022125814772,25.568414471391833,29.821962515654366,8.860398107909043,29997.52448087588,35304.308204827605,40802.15385290361,9338.17619787575,11504.81240424162,14374.699830154512,9338.17619787575,11504.81240424162,14374.699830154512,71.2496337890625,56.90467834472656
152,78183.98498101163,6.476323969090002,3.8938598888647444,4.9324673653100355,82041.85535584792,5.7570415342966,4.427684349071124,5.092322161799964,81.17085073749043,51.591074374251235,6.823575010231446,26.04520205335955,29.821962515654366,9.10759837371485,29997.67405143118,35398.36883474079,40802.15385290361,9338.17619787575,11504.81240424162,14459.943036660214,9338.17619787575,11504.81240424162,14459.943036660214,71.22531127929688,57.0702018737793
151,78183.98498101163,6.476323969090002,3.8938598888647444,4.977622647933107,82041.85535584792,5.9462159012439075,4.448994926039628,5.179045355088129,81.17085073749043,51.63833952825161,6.1350497982553005,26.1705583884684,30.170471425019656,9.11009660718397,29999.788728008494,35660.94405503769,40866.48522212403,9338.17619787575,11504.81240424162,14459.943036660214,9338.17619787575,11504.81240424162,14459.943036660214,71.01441955566406,57.0702018737793
150,80221.04753145888,6.429435534262429,4.026465941905391,5.1652664496191365,82041.85535584792,5.9462159012439075,4.4612560776576355,5.201479922731956,81.17085073749043,51.66295035568141,5.710290543539445,26.242682809750796,30.170471425019656,9.181197940420214,30210.419748886274,35889.65079626,40866.48522212403,8921.779180053685,11504.81240424162,14459.943036660214,8921.779180053685,11504.81240424162,14459.943036660214,70.72315216064453,57.0702018737793
149,81399.10698591112,6.429435534262429,4.026465941905391,5.237698706041898,82041.85535584792,5.966466922312855,4.935076090390928,5.240735463379472,81.17085073749043,51.82652917854661,5.0222594044476,29.02985935524075,30.83417632316527,9.525932581538706,30662.08430754376,35957.8835862693,40852.7395485852,8833.014866548132,11375.47570992808,14459.943036660214,8833.014866548132,11375.47570992808,14459.943036660214,69.96178436279297,57.0702018737793
148,81657.86048461682,6.429435534262429,4.060809494439853,5.421006320911184,82169.29357208632,6.006818687128825,5.063700199472009,5.4268153536748285,81.17085073749043,51.83424382326482,4.903135751100853,29.786471761600048,31.07718701941359,9.664391998591647,31056.810868604807,36035.109245833686,40802.15385290361,8740.225086128634,11331.880643535624,14451.10555181051,8740.225086128634,11331.880643535624,14451.10555181051,69.3943099975586,57.0702018737793
147,82533.88054600307,6.429435534262429,4.043740320186717,5.5677992317883,83030.5103286284,6.286786243840783,5.211104898657893,5.598243687897532,80.59048080249133,51.83424382326482,4.665772428653976,30.653558227399362,31.163474682185846,10.10280591743808,31056.810868604807,36035.109245833686,40788.07653788822,8581.990002196708,11312.563736900069,14374.699830154512,8581.990002196708,11312.563736900069,14374.699830154512,68.73143768310547,57.0702018737793
146,85592.99196321187,6.3630902529009905,4.026465941905391,5.590194329665301,83030.5103286284,6.309533481129743,5.212760551065718,5.612883932969921,78.64496473671285,51.83424382326482,3.018904447995391,30.6632973592101,31.19354059115145,10.65682559445668,31056.810868604807,36035.109245833686,40788.07653788822,8359.452686860122,11063.864270920656,14279.07935769733,8359.452686860122,11063.864270920656,14279.07935769733,67.96263885498047,57.05615997314453
145,87460.54139712451,6.36073130312786,4.026465941905391,5.63538212199892,83030.5103286284,6.545798431873967,5.212760551065718,5.735118937058049,76.2382419557093,51.83424382326482,2.8850971698250394,30.6632973592101,31.19354059115145,10.727312541642775,31056.810868604807,35957.8835862693,40788.07653788822,8079.5907866762,10995.97225132915,14195.777931385848,8079.5907866762,10995.97225132915,14195.777931385848,67.30867767333984,56.983821868896484
144,87697.10659224565,6.36073130312786,4.026465941905391,5.661833630381486,83030.5103286284,6.549218369296073,5.212760551065718,5.764988933522297,76.2382419557093,53.029955266944036,1.4953033419178439,30.6632973592101,31.19354059115145,10.797666834731128,31056.810868604807,35889.65079626,40550.2548979718,7368.22874318828,10995.97225132915,14195.777931385848,7368.22874318828,10995.97225132915,14195.777931385848,66.6997299194336,56.9304084777832
143,87901.51367987003,6.352773255744269,4.043740320186717,5.7055215317190395,83030.5103286284,6.549218369296073,5.211104898657893,5.794410187415454,75.88321303554375,53.04659831073873,1.4953033419178439,30.653558227399362,31.19354059115145,10.797666834731128,31056.810868604807,35889.65079626,40502.02940566181,7113.149505836528,10960.790908100736,13983.2113188461,7113.149505836528,10960.790908100736,13983.2113188461,66.17961120605469,56.86526870727539
142,87973.98622396478,6.2875197259414914,4.060809494439853,5.715370954683013,83030.5103286284,6.549218369296073,5.205420650150761,5.80413490865059,75.74747865185167,53.14260167631844,1.4953033419178439,30.62012147147506,31.19354059115145,10.797666834731128,30652.94436294602,35185.30445178436,38294.119569517774,7113.149505836528,9351.34643124126,13681.423268699727,7113.149505836528,9351.34643124126,13681.423268699727,65.76318359375,56.842193603515625
141,101949.86051772725,6.2875197259414914,4.224884456055032,5.715370954683013,81974.8846863375,6.549218369296073,5.205420650150761,5.80413490865059,75.5509067604157,53.14260167631844,1.4953033419178439,30.62012147147506,31.19354059115145,10.830751706814544,30652.94436294602,35185.30445178436,38212.300805408435,7113.149505836528,9351.34643124126,12847.182702021506,7113.149505836528,9351.34643124126,12847.182702021506,65.26007843017578,56.841976165771484
140,102154.79997128714,6.352773255744269,4.232162678996917,5.719228851976389,81855.75016041339,6.708875367284446,5.211104898657893,6.012968347330772,75.49155999165639,53.14260167631844,1.4751860629642823,30.653558227399362,31.19354059115145,10.830751706814544,30460.36222004456,34749.46345151965,37747.687563897256,7113.149505836528,9351.34643124126,12791.717242532746,7113.149505836528,9351.34643124126,12791.717242532746,64.5709457397461,56.67325210571289
139,102154.79997128714,6.36073130312786,4.265208519132733,5.737545622121336,81810.10750819372,6.7181926623487795,5.212760551065718,6.028839035653282,72.93088028431049,51.78976251776545,0.5360272512679749,30.6632973592101,31.19354059115145,10.739631060329092,30304.96093149979,34678.24076208957,37731.61813036919,7113.149505836528,9351.34643124126,12775.63441227849,7113.149505836528,9351.34643124126,12775.63441227849,63.28080749511719,56.360595703125
138,102434.64351786039,6.3630902529009905,4.289422456686849,5.8635830956123245,81343.67978065659,6.81388922741349,5.217030158716711,6.043886222144195,72.34109594467365,50.80591345961649,0.4812196332424782,30.688412698333593,31.13256824400329,10.739631060329092,29914.22617931012,34511.19982963583,37730.2705535791,7146.347920990544,9351.34643124126,12773.503322300416,7146.347920990544,9351.34643124126,12773.503322300416,62.465538024902344,55.11271667480469
137,102434.64351786039,6.46447670880189,5.894072341789443,6.311592703214395,81297.65344013585,7.172586059502822,5.764288449532316,6.4503334718898735,72.14809404397916,50.72205083178436,-0.08170133772640986,33.907579114895974,31.07718701941359,10.843675524737517,29914.22617931012,34511.19982963583,37520.4212464642,7329.183100941955,9836.63223892247,12487.120820457249,7329.183100941955,9836.63223892247,12487.120820457249,61.85050582885742,54.219757080078125
136,102434.64351786039,6.5363800444671,6.14379581248087,6.385593529729186,81297.65344013585,7.207918296505356,5.7653117610263855,6.5156454212328905,70.36870295886126,50.72205083178436,-2.191682702957772,33.913598594272855,31.07718701941359,10.87207268193937,30304.96093149979,34678.24076208957,37520.4212464642,7442.987835760383,9977.123793834704,12437.023943168278,7442.987835760383,9977.123793834704,12437.023943168278,61.02246856689453,53.434608459472656
135,102154.79997128714,6.554346031615167,6.14379581248087,6.571877296290037,81343.67978065659,7.2599113059442155,6.082970109836443,6.543362678969102,69.75692315287544,50.72205083178436,-2.399519391207966,35.78217711668496,31.07718701941359,11.06143130629429,30304.96093149979,34678.24076208957,37520.4212464642,7442.987835760383,9977.123793834704,12054.8371341921,7442.987835760383,9977.123793834704,12054.8371341921,60.46842575073242,53.41778564453125
134,101949.86051772725,6.574531954768877,6.190136555535789,6.584394269432358,81343.67978065659,7.55211720957665,6.425249699899468,6.826639147051411,69.22771396238608,50.375928537003624,-2.705360623201264,37.79558646999687,31.07718701941359,10.910380103578941,29914.22617931012,34511.19982963583,37175.28681838608,7442.987835760383,9977.123793834704,11976.088750946736,7442.987835760383,9977.123793834704,11976.088750946736,59.76581573486328,53.30469512939453
133,101214.31784909262,6.722900901525938,6.196833992152535,6.616621896253077,81343.67978065659,7.920478636317614,6.498809696272943,6.967143827750729,69.05172653090224,50.31097297945637,-4.424218879862642,38.228292331017315,31.07718701941359,10.910380103578941,29914.22617931012,34103.18991942917,37108.22624465063,7442.987835760383,9977.123793834704,11976.088750946736,7442.987835760383,9977.123793834704,11976.088750946736,59.35042190551758,53.29796600341797
132,98625.12937560673,6.739657352023594,6.2005183644252195,6.768527148871151,80888.61196892515,7.961696226838098,6.6590768301937056,6.982345343940696,68.9283887023736,50.163902646767376,-6.591050801868318,39.17104017761003,31.07718701941359,10.910380103578941,29806.935952770793,33937.077363406206,36798.01271765419,7442.987835760383,9977.123793834704,11976.088750946736,7442.987835760383,9977.123793834704,11976.088750946736,58.711185455322266,53.173213958740234
131,97642.03682191578,6.843793725455741,6.215328329892822,6.775558966702,80743.97897358576,7.995500975493491,6.6590768301937056,6.982345343940696,68.25894491513087,49.12686387453122,-6.8335072166946915,39.17104017761003,31.07718701941359,10.910380103578941,29480.54114329643,33623.89830466877,36530.80648238323,7329.183100941955,9836.63223892247,11863.666756722932,7329.183100941955,9836.63223892247,11863.666756722932,57.839317321777344,53.01716613769531
130,94998.02218699154,7.0878787590396435,6.32593232981746,6.775558966702,80703.87557501378,8.049298338403494,6.6590768301937056,6.982345343940696,66.89798776590634,49.01560631186732,-6.8335072166946915,39.17104017761003,31.07718701941359,10.910380103578941,28756.233638483845,32468.419316542157,35514.00789934036,6545.827899800123,8764.960790643372,10698.08852417836,6545.827899800123,8764.960790643372,10698.08852417836,57.067501068115234,53.01716613769531
129,91334.78305066236,7.361237541924975,6.330735236229461,6.775558966702,77742.72688823153,8.049298338403494,6.498809696272943,6.967143827750729,64.61553924198435,43.71594503211164,-7.341914776062931,38.228292331017315,31.07718701941359,10.910380103578941,28756.233638483845,32468.419316542157,35514.00789934036,6355.758728533937,8618.578682321235,10275.8094005887,6355.758728533937,8618.578682321235,10275.8094005887,56.43056106567383,53.01716613769531
128,90528.3033245281,7.484859824411987,6.330735236229461,6.776858206355339,77742.72688823153,8.262144740647823,6.498809696272943,6.982345343940696,63.22594525717645,43.588282999680224,-7.348813755314662,38.228292331017315,31.07718701941359,10.910380103578941,28642.92541526121,32468.419316542157,35514.00789934036,6346.013365561078,8565.467236695942,10258.472541273892,6346.013365561078,8565.467236695942,10258.472541273892,55.771724700927734,53.01716613769531
127,90486.98467509664,7.625205907526123,6.330735236229461,6.795475276577315,77742.72688823153,8.262144740647823,6.498809696272943,7.0134439909148805,62.555882046398104,42.603804344668184,-7.7413617322366495,38.228292331017315,31.07718701941359,10.910380103578941,28581.05593820539,32468.419316542157,35514.00789934036,6186.063312085914,8422.196445779402,9995.768656692328,6186.063312085914,8422.196445779402,9995.768656692328,55.24122619628906,53.01716613769531
126,89975.72155097908,7.625205907526123,6.330735236229461,6.795475276577315,77613.44887193826,8.262144740647823,6.498809696272943,7.0134439909148805,62.52817018785294,41.98392645856662,-7.7413617322366495,38.228292331017315,31.07718701941359,10.910380103578941,28458.821010711505,32468.419316542157,35514.00789934036,6077.866519975477,8400.534012687109,9978.933488855684,6077.866519975477,8400.534012687109,9978.933488855684,54.686580657958984,53.15558624267578
125,89975.72155097908,7.625205907526123,6.330735236229461,6.795475276577315,77595.13376301849,8.262144740647823,6.498809696272943,7.0134439909148805,62.02303739583295,41.91136836922451,-7.7413617322366495,38.228292331017315,31.07718701941359,10.910380103578941,28458.821010711505,32468.419316542157,35644.2753774322,6000.764884511691,8250.80011156668,9895.919211001392,6000.764884511691,8250.80011156668,9895.919211001392,54.17101287841797,53.192535400390625
124,90486.98467509664,7.625205907526123,6.330735236229461,6.795475276577315,77595.13376301849,8.262144740647823,6.470471823820041,7.0134439909148805,62.02303739583295,41.25006066148069,-7.7413617322366495,38.06159896364729,31.07718701941359,11.142573761785231,28432.038997527376,32468.419316542157,35712.49301520914,5888.4499484491325,8173.818505301076,9895.919211001392,5888.4499484491325,8173.818505301076,9895.919211001392,53.39170455932617,53.221282958984375
123,90528.3033245281,7.625205907526123,6.130986351912478,6.795475276577315,77595.13376301849,8.11603149448023,6.382204979973731,7.0134439909148805,62.02303739583295,40.84515036890237,-7.341914776062931,37.542382235139584,31.07718701941359,11.175965836802531,28227.09454804231,32468.419316542157,35712.49301520914,5431.901736939376,8092.192427105006,9881.783094523607,5431.901736939376,8092.192427105006,9881.783094523607,52.62722396850586,53.239715576171875
122,90528.3033245281,7.625205907526123,6.103009918468168,6.776858206355339,77595.13376301849,8.0481255119307,6.228767733903894,6.9647377390311105,62.02303739583295,40.69055500523297,-6.534139109180047,36.63981019943466,31.07718701941359,11.81452997507984,27769.92192169539,32468.419316542157,35712.49301520914,4388.781776254451,7725.4925368384975,9867.24689833858,4388.781776254451,7725.4925368384975,9867.24689833858,51.91340255737305,53.25080108642578
121,96177.63398185477,7.591619102406424,6.074938691514192,6.690107040185295,77385.78147767553,7.910803648560609,6.2148158030113665,6.926654693260305,62.02303739583295,39.222953764758095,-6.187691132368671,36.55774001771392,31.07718701941359,11.838520798531647,27160.564722179926,32468.419316542157,35712.49301520914,4279.338364161784,7430.0710014046435,9865.135041518462,4279.338364161784,7430.0710014046435,9865.135041518462,51.31527328491211,53.38580322265625
120,101297.07408623038,7.1339894091308045,6.073251927823821,6.6861618895294646,77385.78147767553,7.851907492502674,6.193476467731886,6.9044944702685225,61.988716217256034,37.86853746387536,-2.5170365149896554,36.43221451606991,31.07718701941359,12.774980616432675,27160.564722179926,32640.53906518987,35832.577201501466,4279.338364161784,7116.693022713123,9867.24689833858,4279.338364161784,7116.693022713123,9867.24689833858,50.82285690307617,53.46672058105469
119,101297.07408623038,6.207861847923769,4.130776151747234,6.217372745100999,76796.42165767514,7.227896207548243,5.518791508153623,6.378187914781399,61.67014333545064,37.53351800528244,-1.6946950980838396,32.463479459727196,30.584100426384065,12.943306399869849,27160.564722179926,32813.034190218044,36093.17822388716,4279.338364161784,7116.693022713123,9881.783094523607,4279.338364161784,7116.693022713123,9881.783094523607,50.21218490600586,53.54340362548828
118,101297.07408623038,6.207861847923769,3.7032794203719006,5.88865447444612,75811.29243325246,7.0880981666742535,5.024477712197747,6.110380770456281,61.570425391403546,37.50565678555559,-1.3032095288796897,29.555751248222045,30.584100426384065,13.084856521712714,27160.564722179926,32813.034190218044,36180.06746823892,4279.338364161784,7116.693022713123,9895.919211001392,4279.338364161784,7116.693022713123,9895.919211001392,50.029781341552734,53.70850372314453
117,101297.07408623038,6.207861847923769,3.6788006803263933,5.856461709898399,74949.97092395386,7.021545619909548,5.020616813837686,6.052553824142532,61.46778516786679,37.2463695247368,-1.278206134134619,29.533040081398156,30.584100426384065,13.128874565777483,27160.564722179926,32813.034190218044,36180.06746823892,4388.781776254451,7116.693022713123,10693.365518280249,4388.781776254451,7116.693022713123,10693.365518280249,49.9056510925293,53.79315948486328
116,101297.07408623038,6.207861847923769,3.6655594694047275,5.837542072227763,73969.71854978584,7.017295042802887,5.019268049685417,5.993528459112383,60.92894523003784,37.24316880634716,-1.2025164931357415,29.525106174620102,30.584100426384065,13.128874565777483,28989.570754197204,33506.17733540506,36264.6687219509,4485.56917036707,7116.693022713123,10693.365518280249,4485.56917036707,7116.693022713123,10693.365518280249,49.74394226074219,53.90874099731445
115,101297.07408623038,6.207861847923769,3.6161731011212632,5.812239081858928,73831.65133632642,7.0088285869860645,4.944606778335451,5.920562424157406,60.32295599471409,37.10860160529888,-1.2025164931357415,29.085922225502646,30.83417632316527,13.128874565777483,29016.15969654022,33596.018121469424,36401.47721208089,4633.706803151928,7133.279498675072,10693.406704723266,4633.706803151928,7133.279498675072,10693.406704723266,49.60151290893555,54.103904724121094
114,100950.55351524844,6.304922441947842,3.5853814897014655,5.809070289905661,73831.65133632642,7.004427803833077,4.927523331189283,5.838509857177061,59.210812173211735,37.24316880634716,-1.1992731478222851,28.985431359936953,30.83417632316527,13.150261379333164,29212.6227039011,33749.04004117271,36516.1546881595,4660.300836649054,7186.49775402768,10693.406704723266,4660.300836649054,7186.49775402768,10693.406704723266,49.516265869140625,54.13007354736328
113,93474.78328728655,6.385866824778611,3.6161731011212632,5.809070289905661,73780.78053953784,7.0088285869860645,4.927523331189283,5.838509857177061,58.82701488771398,37.2463695247368,-1.2025164931357415,28.985431359936953,30.83417632316527,13.128874565777483,29382.46591084656,33854.75446742141,36650.49192611986,4705.402144877689,7215.075184532691,10832.878987631724,4705.402144877689,7215.075184532691,10832.878987631724,49.38200759887695,54.14882278442383
112,93263.0772870206,6.387038662574385,3.6655594694047275,5.809070289905661,73758.9957108962,7.017295042802887,4.927523331189283,5.838509857177061,58.35082369596331,37.2463695247368,-1.2284034528591996,28.985431359936953,30.83417632316527,13.084856521712714,29553.596881407066,33885.54495180428,36722.1430732552,4744.012914103614,7410.761488281619,10928.432912868311,4744.012914103614,7410.761488281619,10928.432912868311,49.251304626464844,54.20237350463867
111,91502.60383268508,6.401488361771173,3.6788006803263933,5.809070289905661,73758.9957108962,7.017295042802887,4.927523331189283,5.838509857177061,57.82644392882296,37.10860160529888,-1.2284034528591996,28.985431359936953,30.83417632316527,13.069493443079006,30535.03383922981,35619.333742745875,38648.019010000615,5952.171278560287,9085.608647777655,12691.226592677986,5952.171278560287,9085.608647777655,12691.226592677986,48.99302291870117,54.20237350463867
110,90923.85444267714,6.412371516973316,3.6788006803263933,5.812239081858928,73504.6617367676,7.017295042802887,5.024477712197747,5.838509857177061,57.79872231181693,37.02050674187876,-1.2284034528591996,29.555751248222045,30.83417632316527,12.943306399869849,31128.62488291111,35865.64037869947,38753.25627599324,6004.381240143009,9239.60653623197,12868.6015475018,6004.381240143009,9239.60653623197,12868.6015475018,48.937164306640625,54.20237350463867
109,90713.35322673435,6.67769389619154,3.6621828776214054,6.146908403240639,73405.79573026243,7.755619293656927,5.588630865898246,6.163212215851326,57.30814566896076,37.10860160529888,-1.278206134134619,32.874299211166154,32.66353096472215,12.940412906077261,31147.06284254084,36173.01305870424,38995.907715772555,6109.17004765673,9297.689073447918,13040.514361222788,6109.17004765673,9297.689073447918,13040.514361222788,48.83781051635742,54.24968719482422
108,90546.43150294191,6.686732456687454,3.6639267725716804,6.146908403240639,73236.18864888066,7.80740928251843,5.588630865898246,6.163212215851326,56.805784067133416,37.167085830795074,-5.621289962687787,32.874299211166154,32.733504211554745,12.324308086458641,31197.266809660778,36188.11889193755,39107.89577988821,6439.9189087679815,9578.648987570972,13256.41547793138,6439.9189087679815,9578.648987570972,13256.41547793138,48.74751281738281,54.2769660949707
107,90356.952166441,6.88871750761329,3.6639267725716804,6.150497728397248,73236.18864888066,7.80740928251843,5.5938177857413525,6.165141578111817,55.988948023407914,37.52215281716135,-5.621289962687787,32.904810504360896,32.733504211554745,11.876062775697708,31350.655743862266,36195.524372332155,39118.283099789885,6477.974077921894,9625.102082047444,13317.82161466655,6477.974077921894,9625.102082047444,13317.82161466655,48.24801254272461,54.36201858520508
106,90184.12377517406,6.903722851081406,3.6639267725716804,6.150497728397248,73531.09111674412,7.80740928251843,5.5938177857413525,6.165141578111817,55.24733266509862,37.64605004529492,-5.621289962687787,32.904810504360896,32.733504211554745,11.809897694095632,31392.402123629836,36229.0550622689,39120.511049697,6505.866806515571,9662.695233445364,13384.076647096676,6505.866806515571,9662.695233445364,13384.076647096676,48.023475646972656,54.372074127197266
105,90142.67375426373,6.956804635370628,3.6639267725716804,6.150497728397248,73758.9957108962,7.80740928251843,5.5938177857413525,6.165141578111817,54.7231886422129,37.755652000802044,-5.621289962687787,32.904810504360896,32.733504211554745,11.809897694095632,31510.69769507944,36542.93983319796,39482.40043998338,6648.274339887485,9956.8840561008,13598.289404804758,6648.274339887485,9956.8840561008,13598.289404804758,48.023475646972656,54.50832748413086
104,90184.12377517406,6.956804635370628,3.6971390631709795,6.150497728397248,73531.09111674412,7.80740928251843,5.5938177857413525,6.165141578111817,54.518290325750705,37.80482036638964,-5.621289962687787,32.904810504360896,32.733504211554745,11.808608305304038,33301.91951059852,38286.795113954024,41724.39112728739,7636.008738783295,11123.682278535847,14277.421573138456,7636.008738783295,11123.682278535847,14277.421573138456,48.023475646972656,54.56743621826172
103,90142.67375426373,6.956804635370628,3.687609361484538,6.146908403240639,73531.09111674412,7.755619293656927,5.588630865898246,6.163212215851326,54.32667713190471,38.30857601860255,-5.288127915447533,32.874299211166154,32.733504211554745,11.808608305304038,33954.21089817883,39540.86899762225,42423.64561422955,7736.445308216903,11233.163070762244,14395.574638822964,7736.445308216903,11233.163070762244,14395.574638822964,48.023475646972656,54.671077728271484
102,89885.34240143836,6.956804635370628,3.687609361484538,6.1034712723698386,73531.09111674412,7.698981745626081,5.549715577509868,6.117377202715889,54.32667713190471,38.30857601860255,-4.112534151976228,32.64538575005805,32.66353096472215,11.784620449176439,33954.21089817883,39540.86899762225,42423.64561422955,7802.198477658873,11233.163070762244,14395.574638822964,7802.198477658873,11233.163070762244,14395.574638822964,48.023475646972656,54.763648986816406
101,89357.4826787591,6.956804635370628,3.687609361484538,6.08762913141697,73945.83350888433,7.49913080583596,5.536481956314287,6.0962749012913955,54.171152395995186,38.30857601860255,-3.485360092825071,32.5675409194958,32.62974709691553,11.762196450236017,34106.44236889998,39659.33583284615,42666.54184847661,8047.084478882323,11317.944442637296,14725.793073514496,8047.084478882323,11317.944442637296,14725.793073514496,48.096900939941406,54.90043258666992
100,89259.79390731311,6.956804635370628,3.687609361484538,6.062145431018013,74352.70325627388,7.392511215780264,5.449479870708253,6.078898168788487,54.13430622905442,38.30857601860255,-3.2169059936497955,32.055763945342655,31.98994517311246,11.65490101759868,34106.44236889998,39659.33583284615,42666.54184847661,8047.084478882323,11317.944442637296,14725.793073514496,8047.084478882323,11317.944442637296,14725.793073514496,48.144771575927734,55.00316619873047
99,89035.31453649986,6.840663129143235,3.6943321687770223,5.976161375428902,74423.65189381901,7.346874018920467,5.40085816539939,5.96846235617369,54.13430622905442,38.30857601860255,3.7094051278830436,31.76975391411406,31.68557103532395,11.6009869173984,34106.44236889998,39659.33583284615,42666.54184847661,8093.013906391077,11317.944442637296,14725.793073514496,8093.013906391077,11317.944442637296,14725.793073514496,48.51679611206055,55.32130432128906
98,89035.31453649986,6.0029396791167615,3.701037856405296,5.049715408517299,74677.71919855147,6.169401128259882,4.771787680228359,5.265996935288339,54.13430622905442,38.30857601860255,3.927843088081786,28.06933929546093,30.2957918399651,11.286718079677005,33954.21089817883,39540.86899762225,42666.54184847661,8047.084478882323,11233.163070762244,14395.574638822964,8047.084478882323,11233.163070762244,14395.574638822964,48.895084381103516,55.599822998046875
97,89035.31453649986,6.002804768449381,3.709469787652636,5.048528604517239,74703.71590179017,6.132266675026096,4.758457218928561,5.208877173095525,53.999341067020794,37.87697407299725,4.014818790567156,27.99092481722683,30.25605260268924,11.212581602670733,34106.44236889998,39687.44553909648,42872.62871237595,8047.084478882323,11123.682278535847,14370.343462495815,8047.084478882323,11123.682278535847,14370.343462495815,49.32344055175781,55.99397277832031
96,89035.31453649986,6.001076395992015,3.722592309576757,5.047399713444418,74725.8034324622,6.117480805603584,4.74598333734363,5.19978708317413,53.55386775392666,37.87697407299725,4.108149208258005,27.917549043197827,30.087057088742345,11.186583257151623,34106.44236889998,39687.44553909648,42872.62871237595,8093.013906391077,11107.483742955088,14370.343462495815,8093.013906391077,11107.483742955088,14370.343462495815,49.72311782836914,56.27001953125
95,92570.22939754599,5.995998607454487,3.835897769574171,5.04482022639028,74747.8999029219,6.101614634596141,4.743427510724993,5.19287220276457,53.309661665887624,36.049930372413584,4.211983086302586,27.902514768970544,30.087057088742345,11.15586709880861,34118.273076893565,39830.82862936475,43003.41133532971,8104.603958697334,11044.750487662202,14395.574638822964,8104.603958697334,11044.750487662202,14395.574638822964,50.20069885253906,56.6213264465332
94,92570.22939754599,5.992241273041583,3.7720743304337474,5.04482022639028,74747.8999029219,6.083962875328561,4.743427510724993,5.19287220276457,52.41141134954911,32.93701386614154,4.771601175359215,27.902514768970544,30.087057088742345,11.102026721712102,34554.213579919866,39923.75879013149,43003.41133532971,8264.41298778101,11044.750487662202,14400.3385565934,8264.41298778101,11044.750487662202,14400.3385565934,50.76971435546875,57.21125411987305
93,92576.91114347632,5.822253094731402,3.7720743304337474,5.04482022639028,74725.8034324622,5.988827800188934,4.74598333734363,5.19287220276457,52.05222266751376,32.72154344232507,4.9807413658629365,27.917549043197827,30.087057088742345,11.102026721712102,34691.8641167565,40074.455059332024,43213.46534211169,8308.13962346668,11044.750487662202,14400.3385565934,8308.13962346668,11044.750487662202,14400.3385565934,51.566917419433594,58.06170654296875
92,92740.0147390692,5.819318162439776,3.7720743304337474,5.04482022639028,74725.8034324622,5.953273967803301,4.757378444558085,5.19978708317413,52.05222266751376,32.52777827863022,5.008682181850942,27.984579085635787,30.087057088742345,11.090361996775151,35219.04626953849,40731.94674629785,43482.37738182876,8411.002962643448,11107.483742955088,14499.459445970102,8411.002962643448,11107.483742955088,14499.459445970102,52.02379608154297,58.4876594543457
91,92885.2543197956,5.807776063494699,3.7720743304337474,5.04482022639028,74725.8034324622,5.94852402908534,4.758457218928561,5.208877173095525,52.05222266751376,32.481988923246554,5.020093712512258,27.99092481722683,30.087057088742345,11.090361996775151,35346.54496147746,40924.283327027784,43729.15864246121,8706.81005187234,11107.483742955088,14400.3385565934,8706.81005187234,11107.483742955088,14400.3385565934,52.46394348144531,58.92171096801758
90,95531.57929530233,5.806468323311695,3.7720743304337474,5.149620088911315,74703.71590179017,5.946584068872916,4.771787680228359,5.221021463679461,51.67863476697439,32.26065264911739,5.16283446210778,28.06933929546093,30.087057088742345,11.090361996775151,35389.631574198225,40961.46359322807,43748.183330688,8706.81005187234,11107.483742955088,14400.3385565934,8706.81005187234,11107.483742955088,14400.3385565934,52.91197204589844,59.39691162109375
89,95531.57929530233,5.797122931460475,3.835897769574171,5.149620088911315,73445.4486061303,5.922318141441679,5.044370436719064,5.221021463679461,52.05222266751376,32.26065264911739,5.3948902532888185,29.67276727481803,30.170471425019656,11.090361996775151,35537.125621409126,41270.21055552042,44057.380299086886,8706.81005187234,11107.483742955088,14400.3385565934,8706.81005187234,11107.483742955088,14400.3385565934,53.410179138183594,60.0440788269043
88,95531.57929530233,5.6716347472215425,3.835897769574171,5.149620088911315,73406.81662037341,5.882868656940902,5.0554346752839425,5.221021463679461,52.05222266751376,32.26065264911739,5.423331610178826,29.73785103108201,30.170471425019656,11.24269167886707,35622.62889805755,41400.932005654126,44137.596630297325,8822.468985801801,11107.483742955088,14400.3385565934,8822.468985801801,11107.483742955088,14400.3385565934,53.790870666503906,60.49201583862305
87,95531.57929530233,5.660567706898982,3.835897769574171,5.149620088911315,73406.81662037341,5.8780336262696,5.0554346752839425,5.221021463679461,52.05222266751376,32.26065264911739,5.695871563501291,29.73785103108201,30.170471425019656,11.309556380054634,36069.86865661514,41813.11743563203,44607.50000246592,8964.262543892046,11107.483742955088,14400.3385565934,8964.262543892046,11107.483742955088,14400.3385565934,53.87904739379883,60.53055191040039
86,95531.57929530233,5.660567706898982,3.835897769574171,5.167820019250453,73406.81662037341,5.8780336262696,5.147791826005788,5.230396591256578,52.05222266751376,32.26065264911739,5.695871563501291,30.28112838826934,30.25605260268924,11.309556380054634,36162.55418203892,41891.788126587824,45179.9757385287,8964.262543892046,11051.241435389888,14271.10489456825,8964.262543892046,11051.241435389888,14271.10489456825,53.966957092285156,60.79879379272461
85,95531.57929530233,5.660567706898982,4.062079951109954,5.193661055314209,73406.81662037341,5.8780336262696,5.17525115634635,5.232991820446234,52.05222266751376,32.26065264911739,5.695871563501291,30.442653860860876,30.932982873497167,11.309556380054634,36499.739603739086,42425.66886440817,46008.38087950887,8964.262543892046,11245.409860151933,14271.10489456825,8964.262543892046,11245.409860151933,14271.10489456825,54.071937561035156,60.881717681884766
84,87014.04380384972,5.660567706898982,4.077984988907125,5.193661055314209,73445.4486061303,5.831701834204781,5.315927000108292,5.232991820446234,51.47531202460272,32.110913126228745,5.748570680493039,31.270158824166423,32.780598119963095,11.309556380054634,36755.86323291424,42425.66886440817,46008.38087950887,8964.262543892046,11051.241435389888,14179.840287533205,8964.262543892046,11051.241435389888,14179.840287533205,54.661563873291016,61.639137268066406
83,84846.73012417856,5.62050018839752,4.077984988907125,5.193661055314209,73819.83547408631,5.822742984316184,5.360617093080184,5.232991820446234,51.35372938409162,32.110913126228745,5.836001522093475,31.533041724001077,33.54855066869131,11.309556380054634,36755.86323291424,42425.66886440817,46008.38087950887,8706.81005187234,10652.203914825272,14052.58008238688,8706.81005187234,10652.203914825272,14052.58008238688,54.786800384521484,61.64144515991211
82,84846.73012417856,5.6190355637883815,4.077984988907125,5.193661055314209,73819.83547408631,5.80787974124411,5.360617093080184,5.221021463679461,48.55396977638963,32.110913126228745,6.027401717750813,31.533041724001077,33.54855066869131,11.418495027133874,36755.86323291424,42425.66886440817,46008.38087950887,8650.208439580385,10652.203914825272,14052.58008238688,8650.208439580385,10652.203914825272,14052.58008238688,54.99860763549805,61.6857795715332
81,84792.94151886993,5.603836866980545,4.077984988907125,4.866921658866257,73819.83547408631,5.775341707982363,5.360617093080184,4.934599927953164,48.461075733140625,32.110913126228745,6.428928421461559,31.533041724001077,33.54855066869131,11.542726649107871,36755.86323291424,42425.66886440817,46008.38087950887,8650.208439580385,10652.203914825272,14052.58008238688,8650.208439580385,10652.203914825272,14052.58008238688,55.32310104370117,62.04646682739258
80,84477.03270779556,5.603836866980545,4.077984988907125,4.718956086231207,73819.83547408631,5.707082168351536,5.360617093080184,4.813365489836538,48.447367598322835,32.359617216227,7.334185947424153,31.533041724001077,33.54855066869131,11.61742906142761,36755.86323291424,41813.11743563203,45179.9757385287,8529.433701358716,11051.241435389888,14080.286709808328,8529.433701358716,11051.241435389888,14080.286709808328,55.69617462158203,62.4779167175293
79,84741.81865307856,5.603836866980545,4.077984988907125,4.718956086231207,73819.83547408631,5.707082168351536,5.315927000108292,4.799202231125176,48.382861322973696,32.359617216227,7.334185947424153,31.270158824166423,33.54855066869131,11.61742906142761,36755.86323291424,41807.88472910929,44981.84296670619,8529.433701358716,11051.241435389888,14080.286709808328,8529.433701358716,11051.241435389888,14080.286709808328,55.88637924194336,62.58274841308594
78,84792.94151886993,5.539297274280556,3.9595088593871917,4.677209421579436,73819.83547408631,5.64542858372988,5.159402153654621,4.750174000081462,48.382861322973696,32.4741960062428,7.334185947424153,30.349424433262467,33.54855066869131,11.61742906142761,36114.30328723616,40938.35221139235,44230.00683807549,8486.32601761659,11051.241435389888,14080.286709808328,8486.32601761659,11051.241435389888,14080.286709808328,56.218238830566406,62.68107223510742
77,84792.94151886993,5.62050018839752,3.8958576346996447,4.813626122767616,73639.60068642834,5.707082168351536,5.159402153654621,4.888999637016246,48.382861322973696,32.56739826370789,6.7915965662948246,30.349424433262467,31.3190158995673,11.61742906142761,36074.098533752054,40901.31586724386,43767.79112875991,8110.162294818544,10640.341200191971,14052.58008238688,8110.162294818544,10640.341200191971,14052.58008238688,56.63373565673828,62.916542053222656
76,84846.73012417856,5.62050018839752,3.8958576346996447,4.813626122767616,73236.82482384407,5.707082168351536,5.139842836170186,4.888999637016246,48.447367598322835,32.688445273854185,6.7915965662948246,30.234369624530505,31.17809209653406,11.7329029879278,36032.63912638015,40819.02697545153,43207.41697165535,7936.632739438259,10640.341200191971,14052.58008238688,7936.632739438259,10640.341200191971,14052.58008238688,57.0062141418457,62.95560073852539
75,84975.13395822691,5.62050018839752,3.8958576346996447,4.813626122767616,73109.09147126654,5.707082168351536,5.1018828132553145,4.888999637016246,48.461075733140625,33.039336266595896,6.7915965662948246,30.011075372090083,30.265454159085806,11.749812156420777,36032.63912638015,40819.02697545153,43207.41697165535,7936.632739438259,10640.341200191971,14052.58008238688,7936.632739438259,10640.341200191971,14052.58008238688,57.13956069946289,63.08989715576172
74,85032.31081288584,5.62050018839752,3.8958576346996447,4.813626122767616,70141.958135811,5.707082168351536,5.092432676942865,4.888999637016246,48.47487792074764,33.84452274202646,6.7915965662948246,29.95548633495803,30.265454159085806,11.772135298335412,36032.63912638015,40819.02697545153,43207.41697165535,8110.162294818544,11464.361995358777,14080.286709808328,8110.162294818544,11464.361995358777,14080.286709808328,57.4397087097168,63.09561538696289
73,86669.54012189015,5.700346098895319,3.8958576346996447,4.813626122767616,69725.38018230218,5.790076004724852,4.972252028856298,4.888999637016246,48.55921957331273,34.156967807013714,6.7915965662948246,29.248541346213518,30.265454159085806,11.780912931389588,36032.63912638015,40819.02697545153,43207.41697165535,8529.433701358716,11807.46476954788,14716.98067562249,8529.433701358716,11807.46476954788,14716.98067562249,57.85820388793945,63.38520050048828
72,86913.39928953134,5.779080265337472,4.077414208344813,4.891619462351656,69682.35649665131,5.8066709817659925,4.929395528344896,4.919818479042652,48.55921957331273,34.190740750052946,5.940729383971465,28.996444284381734,30.265454159085806,11.828180513010219,36032.63912638015,40901.31586724386,43207.41697165535,8695.2109165389,11866.49470435284,14716.98067562249,8695.2109165389,11866.49470435284,14716.98067562249,58.265655517578125,63.67473220825195
71,88125.5109018439,6.0226488798566455,4.0898307728323875,4.977464572336906,69604.6930692239,5.832602787586719,4.929395528344896,5.004832450472385,48.55921957331273,34.190740750052946,5.843111871964753,28.996444284381734,30.265454159085806,12.001180887370076,37071.14376441253,41972.97018490797,44499.32248712161,9739.959185211424,12530.39981127001,16031.377022326182,9739.959185211424,12530.39981127001,16031.377022326182,58.68154525756836,63.98838806152344
70,88125.5109018439,6.112774711759204,4.297912684750481,4.9785259101734525,69604.6930692239,5.897868681182665,4.972252028856298,5.022877481252563,48.55921957331273,34.190740750052946,5.690571837725191,29.248541346213518,30.265454159085806,12.09382176585598,37974.10673207188,42738.81606965348,44994.964318417326,10073.381204760855,13245.948705322506,16499.288515186294,10073.381204760855,13245.948705322506,16499.288515186294,59.13052749633789,64.35343933105469
69,88125.5109018439,6.112774711759204,4.298093416120671,4.9785259101734525,69604.6930692239,5.897868681182665,5.092432676942865,5.022877481252563,48.55921957331273,34.190740750052946,5.690571837725191,29.95548633495803,30.210515511252833,12.505871376195914,38500.42018943223,43105.86917005458,45424.28666570397,10178.632320790684,13359.751904229335,16545.91011736679,10178.632320790684,13359.751904229335,16545.91011736679,59.536651611328125,64.6190185546875
68,88125.5109018439,6.12278452156701,4.408526086886341,5.010297303984271,69682.35649665131,5.983357665398977,5.1018828132553145,5.0419685195971535,48.47487792074764,34.190740750052946,5.306654816572568,30.011075372090083,30.265454159085806,12.505871376195914,38574.820140832715,43155.882629874184,45439.514516844894,10795.71295209586,13442.102825024023,17019.857763557477,10795.71295209586,13442.102825024023,17019.857763557477,60.194393157958984,65.11943054199219
67,88125.5109018439,6.12278452156701,4.539927229825572,5.0267640130702445,69725.38018230218,5.90849577710631,5.208566516200118,5.08468606596894,47.7364689209432,34.233601061454344,5.306654816572568,30.638626565883037,30.265454159085806,12.505871376195914,38709.23687327451,43203.3813831514,45578.82350422432,11000.24771861792,13706.745909560788,17146.326597251198,11000.24771861792,13706.745909560788,17146.326597251198,60.5946044921875,65.5431137084961
66,88125.5109018439,6.12278452156701,4.893898599731463,5.022840062394815,71579.57179004532,5.897868681182665,5.363414396182406,5.074811476470879,47.7364689209432,34.23920757587322,5.690571837725191,31.549496448131798,30.265454159085806,12.505871376195914,38894.73665185235,43523.961347226075,45894.346765636685,11008.598417720092,14025.374158865,17421.92454667762,11008.598417720092,14025.374158865,17421.92454667762,61.10765075683594,65.91736602783203
65,87590.50738512386,6.12278452156701,4.893898599731463,5.010297303984271,72297.53487514137,5.832602787586719,5.363414396182406,5.0419685195971535,47.7364689209432,34.48783962001534,5.843111871964753,31.549496448131798,30.265454159085806,12.524582471736291,38894.73665185235,43523.961347226075,45894.346765636685,11850.360360454262,14411.739114041016,18029.917249323353,11850.360360454262,14411.739114041016,18029.917249323353,61.53131103515625,66.0875015258789
64,86613.72814750113,6.12278452156701,4.893898599731463,5.010297303984271,72475.39879134008,5.832602787586719,5.363414396182406,5.0419685195971535,47.7364689209432,34.48783962001534,5.843111871964753,31.549496448131798,30.17358586671702,12.524582471736291,39119.80901563129,43856.76072233893,46235.22356319939,12159.322472753518,15373.42754273462,18886.943396043385,12159.322472753518,15373.42754273462,18886.943396043385,62.196693420410156,66.54440307617188
63,86613.72814750113,6.080733104040884,4.893898599731463,5.010297303984271,73096.73706553063,5.832602787586719,5.363414396182406,5.0419685195971535,47.7364689209432,35.16276547072986,6.275449054864583,31.549496448131798,29.987757555357266,12.505871376195914,39250.14940406932,45299.41810100867,48060.39202988036,12159.322472753518,15629.088956210786,19159.244206267096,12159.322472753518,15629.088956210786,19159.244206267096,62.8159294128418,66.94562530517578
62,86474.42293885726,6.076093364332276,4.893898599731463,5.010297303984271,75819.44386848215,5.733173660673022,5.363414396182406,5.0419685195971535,48.132253331572755,35.716284135638986,8.54876468656193,31.549496448131798,29.987757555357266,12.266995286338057,40544.90897100875,46207.96622893981,49211.184250154125,12159.322472753518,15879.505131570686,19656.302033580912,12159.322472753518,15879.505131570686,19656.302033580912,63.45296096801758,67.20211791992188
61,85209.09895956161,5.955413752358577,4.893898599731463,4.930656076691375,76322.98448675248,5.346710003284474,5.363414396182406,5.009849967013015,48.1661391467212,36.0741366371451,11.362040565323388,31.549496448131798,29.987757555357266,12.167384131389673,41006.28316273989,46207.96622893981,49259.903330708774,12159.322472753518,15975.13950425736,19925.817531371013,12159.322472753518,15975.13950425736,19925.817531371013,63.979679107666016,67.42096710205078
60,84932.53751185682,5.238751718726888,4.579628186707082,4.637188980348843,77190.95181875741,4.868453103895024,5.181815994578758,4.683453447073968,49.20023492292878,36.63986370808611,13.195932626177997,30.481270556345635,30.265454159085806,12.050990738754404,41229.68639161544,46892.45382603283,49259.903330708774,12266.457996307474,16091.791338625717,19925.817531371013,12266.457996307474,16091.791338625717,19925.817531371013,64.06482696533203,67.52950286865234
59,84286.70726513467,5.238751718726888,4.48150963444003,4.491848086070116,77294.49704400313,4.868453103895024,4.783538450865069,4.683453447073968,50.36032902612456,36.926216671109636,13.195932626177997,28.138461475676873,30.463916966608632,12.028287785420993,41866.55698114197,46946.826752691035,49259.903330708774,12417.452800501853,16091.791338625717,19925.817531371013,12417.452800501853,16091.791338625717,19925.817531371013,64.52934265136719,67.58244323730469
58,84286.70726513467,5.238751718726888,4.48150963444003,4.444658011147417,77364.62737349824,4.868453103895024,4.783538450865069,4.683453447073968,51.510890778728495,37.38806587190596,13.195932626177997,28.138461475676873,30.463916966608632,12.028287785420993,41902.10200193349,47022.57205894372,49758.23178680094,12595.885357612566,16096.20487361911,19925.817531371013,12595.885357612566,16096.20487361911,19925.817531371013,64.9256362915039,67.69584655761719
57,83181.67742203,5.238751718726888,4.462932552215241,4.421868128509626,77476.37852792782,4.868453103895024,4.783538450865069,4.678827352256654,52.91200585813959,39.309899812499026,13.195932626177997,28.138461475676873,30.463916966608632,12.030687692054682,41922.759896135896,47022.57205894372,49758.23178680094,12595.885357612566,16138.667847846917,19925.817531371013,12595.885357612566,16138.667847846917,19925.817531371013,65.44801330566406,67.70834350585938
56,82853.90656550876,5.238751718726888,4.453467592056728,4.390279100851165,78184.32788681945,4.8150698520304065,4.717623140544626,4.541010207166746,53.11342418707554,40.1307840871404,13.195932626177997,27.75072435614485,30.463916966608632,12.030687692054682,41922.759896135896,47022.57205894372,49758.23178680094,12854.73542116834,16142.591709840532,19925.817531371013,12854.73542116834,16142.591709840532,19925.817531371013,65.60713958740234,67.89669799804688
55,79103.62893949453,5.768772948792933,4.44183112915699,4.376373188200278,78184.32788681945,4.8150698520304065,4.611183801189673,4.516485654090708,53.11342418707554,41.41868368053893,13.195932626177997,27.124610595233367,30.463916966608632,12.028287785420993,43544.42117997918,47094.12460665156,49758.23178680094,12969.908884099748,16175.491997542193,19257.20819662416,12969.908884099748,16175.491997542193,19257.20819662416,65.8441162109375,67.90821838378906
54,77155.46862235549,5.768772948792933,4.380545638876452,4.376373188200278,78184.32788681945,4.872542912809323,4.611183801189673,4.497823430048863,53.598769770505235,41.880416974270595,11.676059693938788,27.124610595233367,30.463916966608632,12.030687692054682,43698.21252652615,47094.12460665156,49758.23178680094,12969.908884099748,16175.491997542193,18848.63364387961,12969.908884099748,16175.491997542193,18848.63364387961,66.0916748046875,68.23363494873047
53,77148.88564558761,5.768772948792933,4.380545638876452,4.376373188200278,78184.32788681945,4.890618744908578,4.611183801189673,4.497823430048863,53.598769770505235,41.880416974270595,11.337982865827511,27.124610595233367,31.119934240342484,12.041223618560586,44138.06912946646,47094.12460665156,49758.23178680094,13380.70927211522,16363.09898526788,18703.10401258682,13380.70927211522,16363.09898526788,18703.10401258682,66.0916748046875,68.23363494873047
52,77148.88564558761,5.768772948792933,4.380545638876452,4.376373188200278,78184.32788681945,4.93419313741965,4.611183801189673,4.497823430048863,53.91476164127276,41.880416974270595,11.231654441714245,27.124610595233367,31.13804630881506,12.041223618560586,44195.93413938798,47094.12460665156,49685.95541563836,13380.70927211522,16175.491997542193,18685.71215777957,13380.70927211522,16175.491997542193,18685.71215777957,66.0916748046875,68.23363494873047
51,75987.79541524652,5.768772948792933,4.3396886250005435,4.376373188200278,77789.27647721817,4.93419313741965,4.611183801189673,4.497823430048863,53.987357388217085,43.503564003828494,11.231654441714245,27.124610595233367,31.13804630881506,12.041223618560586,44195.93413938798,47094.12460665156,49685.95541563836,13380.70927211522,16142.591709840532,18450.23070677095,13380.70927211522,16142.591709840532,18450.23070677095,66.36064910888672,68.23363494873047
50,75916.74013556758,5.768772948792933,4.3396886250005435,4.376373188200278,77789.27647721817,4.935848919697537,4.611183801189673,4.497823430048863,54.02633724465381,43.52170956790743,10.975334485766767,27.124610595233367,31.357612782365248,12.041223618560586,44195.93413938798,47094.12460665156,49685.95541563836,12969.908884099748,16138.667847846917,18434.102745675053,12969.908884099748,16138.667847846917,18434.102745675053,66.40263366699219,68.23363494873047
49,75987.79541524652,5.568775716932009,4.289691536375759,4.272722235168812,77738.15190203492,5.0185024043762105,4.47438108516413,4.364193223835095,54.3966412267646,43.77317076347216,10.975334485766767,26.31988873625959,31.62517956667904,12.041223618560586,44138.06912946646,46812.722533746986,49685.95541563836,12969.908884099748,16138.667847846917,18434.102745675053,12969.908884099748,16138.667847846917,18434.102745675053,66.44744873046875,68.23741912841797
48,77148.88564558761,5.303445136501478,4.075948114049435,4.091566355262269,76203.81814062124,5.0185024043762105,4.47438108516413,4.126101649197041,54.926786522698315,43.77317076347216,10.69505978556773,26.31988873625959,32.10558870271178,12.041223618560586,44103.22942945769,46753.74105783143,49325.731425913706,12854.73542116834,16138.667847846917,18391.810505797657,12854.73542116834,16138.667847846917,18391.810505797657,66.82715606689453,68.27849578857422
47,77155.46862235549,5.1814824722622355,4.075948114049435,4.078605197740782,73737.1682395707,5.053294961784517,4.47438108516413,4.119666553024253,58.28773855069253,44.02599812266404,10.479397621316414,26.31988873625959,32.44518764660028,11.9839190539158,44103.22942945769,46259.302687751406,48406.479754465545,12610.1600717228,15497.388952274045,18391.810505797657,12610.1600717228,15497.388952274045,18391.810505797657,67.0194091796875,68.27849578857422
46,77256.97223739902,4.545189977530288,4.075948114049435,3.9921935256036347,73272.83345333996,5.100103127707293,4.47438108516413,3.76814429773387,60.14598396415692,48.48502438436598,10.274735518914605,26.31988873625959,32.45594546652877,11.692584287636603,44103.22942945769,46259.302687751406,48406.479754465545,12420.994496650665,15209.998585015075,18406.9095285403,12420.994496650665,15209.998585015075,18406.9095285403,67.0194091796875,68.27849578857422
45,77473.8750306385,4.4836817532462,4.075948114049435,3.979913019218958,66333.71690300043,5.114674472556332,4.674726965844727,3.76814429773387,62.72070587816427,48.799699846808025,9.999393366427698,27.498393916733683,32.810171356179126,11.384754802680453,44103.22942945769,46259.302687751406,48406.479754465545,12420.994496650665,15209.998585015075,18406.9095285403,12420.994496650665,15209.998585015075,18406.9095285403,67.31598663330078,68.3203353881836
44,77473.8750306385,4.445104293773129,4.075948114049435,3.8788586193918175,64385.89714747366,5.1248891799542315,4.674726965844727,3.665713386223876,62.72070587816427,48.799699846808025,9.913679573198053,27.498393916733683,32.810171356179126,11.384754802680453,44103.22942945769,46259.302687751406,48406.479754465545,12420.994496650665,15209.998585015075,18406.9095285403,12420.994496650665,15209.998585015075,18406.9095285403,67.63285827636719,68.36251068115234
43,77473.8750306385,4.4417727783601295,4.194366804491514,3.8243713052595747,62850.94536595042,5.409966112110512,4.686388581348492,3.665713386223876,62.78260433491518,48.799699846808025,9.853593059092763,27.566991654991124,33.09078267901031,11.384754802680453,44103.22942945769,46259.302687751406,48406.479754465545,12420.994496650665,15209.998585015075,18406.9095285403,12420.994496650665,15209.998585015075,18406.9095285403,67.78414916992188,68.36548614501953
42,77473.8750306385,4.4417727783601295,4.296997590260187,3.8243713052595747,62648.61989516326,5.503935105370006,4.7706082442971605,3.6597468902433223,62.87748221015008,48.799699846808025,8.1766699287617,28.062401437042112,33.29015552482291,11.384754802680453,44103.22942945769,46259.302687751406,48406.479754465545,12610.1600717228,15367.67825313456,18428.12755237346,12610.1600717228,15367.67825313456,18428.12755237346,68.02703094482422,68.5545883178711
41,77887.7142273398,4.445104293773129,4.296997590260187,3.839188246282954,62648.61989516326,5.686985794617207,4.779532646803844,3.665713386223876,62.87748221015008,48.799699846808025,7.623911144882325,28.114897922375555,33.29015552482291,11.384754802680453,45619.43003807639,48025.48133498137,48853.116538732334,12826.812197401092,15497.388952274045,19043.94337207334,12826.812197401092,15497.388952274045,19043.94337207334,68.30442810058594,68.74319458007812
40,77994.57804482775,4.4836817532462,4.296997590260187,3.8788586193918175,62648.61989516326,5.730585166478252,4.782044912906925,3.665713386223876,62.87748221015008,48.48502438436598,6.547142384604668,28.129675958276025,33.21015425141678,11.537868760086514,45757.40788412401,48153.67607074976,49011.38678532924,13741.5651345134,16940.90505038712,20001.033563472334,13741.5651345134,16940.90505038712,20001.033563472334,68.47095489501953,68.87025451660156
39,77994.57804482775,4.4836817532462,4.315854017326047,3.979913019218958,62648.61989516326,5.739778708618289,4.82171646423536,3.675232571214899,62.87748221015008,47.25728172663227,6.290675491304405,28.363038024913877,33.29015552482291,11.537868760086514,45832.44920518273,48213.0924715644,49062.45380232248,13741.5651345134,17077.603221835307,20243.412459548825,13741.5651345134,17077.603221835307,20243.412459548825,68.83560943603516,69.04363250732422
38,78629.22341351444,4.5103789792987,4.338360037217582,3.979913019218958,62936.28824208137,5.739778708618289,4.82171646423536,3.675232571214899,62.87748221015008,46.818843812813384,6.290675491304405,28.363038024913877,33.21015425141678,11.537868760086514,46072.7836930234,48298.124164796245,49137.562083392455,13741.5651345134,17128.205551351883,20379.22716251756,13741.5651345134,17128.205551351883,20379.22716251756,69.17101287841797,69.18167877197266
37,77994.57804482775,4.630302251852772,4.338360037217582,3.979913019218958,64385.89714747366,5.739778708618289,4.82171646423536,3.675232571214899,62.796282662417376,46.26653848323457,6.290675491304405,28.363038024913877,33.21015425141678,11.55039320522787,46140.62863476774,48562.82050288726,50186.20941914049,13741.5651345134,17221.564845342167,20533.98771180738,13741.5651345134,17221.564845342167,20533.98771180738,69.44107818603516,69.26083374023438
36,77994.57804482775,4.764105574239209,4.334835223035912,3.979913019218958,64532.89541900794,5.730585166478252,4.82171646423536,3.6597468902433223,62.796282662417376,46.26653848323457,6.547142384604668,28.363038024913877,33.21015425141678,11.55039320522787,46597.45363246766,49295.21146179674,50194.33125977189,13899.129641489018,17241.187111030304,20627.18762227024,13899.129641489018,17241.187111030304,20627.18762227024,69.6855697631836,69.41337585449219
35,77994.57804482775,4.8490730943967515,4.334835223035912,3.983627400461957,66522.96097813017,5.686985794617207,4.82171646423536,3.6597468902433223,62.796282662417376,46.26653848323457,8.1766699287617,28.363038024913877,33.21015425141678,11.55039320522787,47254.50861577409,49855.950828423265,50671.57053155377,13899.129641489018,17321.134929943863,20904.43778633365,13899.129641489018,17321.134929943863,20904.43778633365,69.93028259277344,69.58570098876953
34,77994.57804482775,5.034639860106571,4.334835223035912,4.07359656078669,66741.10769713954,5.686985794617207,4.82171646423536,3.675232571214899,62.796282662417376,46.193993150113876,8.641720764295155,28.363038024913877,33.21015425141678,11.537868760086514,47254.50861577409,49855.950828423265,50671.57053155377,13741.5651345134,17643.8018177109,20989.36743907641,13741.5651345134,17643.8018177109,20989.36743907641,70.17111206054688,69.58570098876953
33,77994.57804482775,5.052810518707032,4.334835223035912,4.07359656078669,67237.49891139657,5.558080864028242,4.82171646423536,3.6829409455365076,62.87748221015008,45.94408923681525,8.641720764295155,28.363038024913877,33.210154251416775,11.537868760086514,47254.50861577409,49855.950828423265,50671.57053155377,13633.4630677017,17648.986371491636,20989.36743907641,13633.4630677017,17648.986371491636,20989.36743907641,70.17353820800781,69.58570098876953
32,75697.99703602906,5.26506704035824,4.340226172371925,4.090694368969891,67237.49891139657,5.558080864028242,4.8977419434408125,3.794063110910746,63.064086791892585,45.94408923681525,8.641720764295155,28.810246726122422,33.0234170792345,11.537868760086514,47254.50861577409,49855.950828423265,50671.57053155377,13630.006668139877,17648.986371491636,20989.36743907641,13630.006668139877,17648.986371491636,20989.36743907641,70.2962875366211,69.58570098876953
31,73057.11072342632,5.326329571458668,4.340226172371925,4.131617982347309,67237.49891139657,5.540068454868441,4.78849264861087,3.794063110910746,63.5780934380495,45.94408923681525,8.641720764295155,28.167603815358056,32.780598119963095,11.537868760086514,47254.50861577409,49855.950828423265,50671.57053155377,13446.039553101127,17648.986371491636,20989.36743907641,13446.039553101127,17648.986371491636,20989.36743907641,70.32640075683594,69.58570098876953
30,73057.11072342632,5.444450807486296,4.340226172371925,4.245379909408237,67237.49891139657,5.540068454868441,4.78849264861087,3.9363948092061953,63.675001474669465,45.94408923681525,8.641720764295155,28.167603815358056,32.780598119963095,11.769091870369182,46597.45363246766,49295.21146179674,50194.33125977189,13233.665983729908,17643.8018177109,20989.36743907641,13233.665983729908,17643.8018177109,20989.36743907641,70.32640075683594,69.58570098876953
29,72471.77505087024,5.511709929187234,4.334835223035912,4.245379909408237,67738.88182415666,5.540068454868441,4.78849264861087,4.2327043053245825,64.07346175639218,45.94408923681525,8.641720764295155,28.167603815358056,32.780598119963095,12.028754001373853,45693.82634306318,49316.910661703034,50622.51001566701,12366.842143324924,17643.8018177109,20989.36743907641,12366.842143324924,17643.8018177109,20989.36743907641,70.32640075683594,69.25301361083984
28,72312.01823038525,5.512162687536313,4.3211037085882085,4.245379909408237,67830.03174172563,5.540068454868441,4.78849264861087,4.2327043053245825,64.28745964347505,45.94408923681525,9.427439621071525,28.167603815358056,32.780598119963095,12.066253191768727,45693.82634306318,49316.910661703034,50622.51001566701,12293.652513387566,17641.24294787747,20816.408872930788,12293.652513387566,17641.24294787747,20816.408872930788,70.34102630615234,69.23430633544922
27,67956.18595760567,5.512162687536313,4.334835223035912,4.245379909408237,69146.82833399146,5.540068454868441,4.78849264861087,4.2327043053245825,64.37891281294586,45.998078458423244,9.427439621071525,28.167603815358056,33.0234170792345,12.214389671694125,45693.82634306318,49316.910661703034,50622.51001566701,12061.322598515348,17641.24294787747,20721.21372086563,12061.322598515348,17641.24294787747,20721.21372086563,70.34102630615234,69.15386199951172
26,67956.18595760567,5.7452078479673,4.340226172371925,4.245379909408237,69799.81548811863,5.540068454868441,4.78849264861087,4.2327043053245825,64.52454891469763,45.998078458423244,9.931145393951113,28.167603815358056,33.1825536419262,12.35354175943585,45693.82634306318,49316.910661703034,50622.51001566701,12061.322598515348,17401.336108915668,20474.14660342371,12061.322598515348,17401.336108915668,20474.14660342371,70.34102630615234,69.03984069824219
25,67580.42700266911,5.750121350319625,4.363642379512649,4.245379909408237,70756.91262416593,5.540068454868441,4.78849264861087,4.2327043053245825,65.36858384190326,45.998078458423244,10.234078445238602,28.167603815358056,33.896438071289985,12.357970902149082,45693.82634306318,49316.910661703034,50622.51001566701,12061.322598515348,16204.688681736949,18993.76794843863,12061.322598515348,16204.688681736949,18993.76794843863,70.34102630615234,68.69306945800781
24,64228.061912958765,5.750121350319625,4.3211037085882085,4.190048589222369,70756.91262416593,5.540068454868441,4.78849264861087,4.2327043053245825,65.99806307148799,47.38127630532192,10.234078445238602,28.167603815358056,34.60522495000506,12.633993969860098,46924.01657559389,50653.48535064899,52558.622741540225,12061.322598515348,16204.688681736949,18649.0692416047,12061.322598515348,16204.688681736949,18649.0692416047,70.36433410644531,68.4590835571289
23,63994.940368432195,5.750121350319625,4.363642379512649,4.190048589222369,70895.96949022565,5.060206664309439,4.2072403598892745,4.054168139819701,66.31264940116212,47.503822602796106,11.04553541213365,24.748472705231023,34.60522495000506,12.633993969860098,48751.40221992571,52296.7120692689,53407.98987734172,12168.9340092758,16084.088333351136,18616.540395792024,12168.9340092758,16084.088333351136,18616.540395792024,70.4723892211914,68.37215423583984
22,63490.83642777244,5.7452078479673,4.363642379512649,4.163296424001762,73466.15337541532,4.92225897993728,4.164299632504374,4.022398638835293,68.63511274873089,47.77786786274034,11.177638918612042,24.495880191202193,34.60522495000506,12.633993969860098,49114.70395230421,52633.978500016994,54025.32748717583,12201.764162964664,16084.088333351136,18616.540395792024,12201.764162964664,16084.088333351136,18616.540395792024,70.67024230957031,68.37215423583984
21,63415.16198077281,5.7452078479673,4.379925793927763,4.110919468548452,73695.09632023108,4.899801383835953,4.130709647057125,3.902125708455683,69.62696594014152,47.93575815972536,11.902054461065733,24.298292041512493,34.60522495000506,12.633993969860098,49189.215863886304,52633.978500016994,54025.32748717583,12201.764162964664,16084.088333351136,18616.540395792024,12201.764162964664,16084.088333351136,18616.540395792024,70.8133316040039,68.37215423583984
20,63257.60163618382,5.735908303824154,4.41819897358764,4.034585985131762,74417.25346893653,4.776650741618826,4.130709647057125,3.8373676505648286,70.21200259054653,50.57868090853995,13.061160971364597,24.298292041512493,34.349030426874016,12.633993969860098,49673.942240113014,52633.978500016994,54025.32748717583,12763.742858554626,16204.688681736949,18649.0692416047,12763.742858554626,16204.688681736949,18649.0692416047,70.84667205810547,68.37215423583984
19,63415.16198077281,5.716511389824574,4.533308625729497,3.9592322147981482,74417.25346893653,4.579602634868019,4.130709647057125,3.8373676505648286,70.42112167534397,50.74849035427331,13.142965865987492,24.298292041512493,34.16332791746881,12.633993969860098,49673.942240113014,52633.978500016994,54025.32748717583,12927.85653791168,16204.688681736949,18649.0692416047,12927.85653791168,16204.688681736949,18649.0692416047,70.99178314208984,68.36378479003906
18,63415.16198077281,5.56795649304493,4.545850732430615,3.932391671133155,74417.25346893653,4.565695802782127,4.130709647057125,3.8216943112305475,72.0686122685589,51.734961711154035,13.237654618506367,24.298292041512493,34.16332791746881,12.609517834067992,49673.942240113014,52633.978500016994,54025.32748717583,12927.85653791168,16204.688681736949,18649.0692416047,12927.85653791168,16204.688681736949,18649.0692416047,71.11393737792969,68.35396575927734
17,63257.60163618382,5.56795649304493,4.643966501622578,3.932391671133155,74417.25346893653,4.549598714853918,4.130709647057125,3.8216943112305475,73.3826578852716,51.734961711154035,13.564739449629693,24.298292041512493,34.110557636039175,12.609517834067992,49673.942240113014,52296.7120692689,53407.98987734172,12999.286627528694,16298.2320116695,18993.76794843863,12999.286627528694,16298.2320116695,18993.76794843863,71.2928466796875,68.35396575927734
16,62767.84445651039,5.519684889297131,4.643966501622578,3.9252212284404653,74417.25346893653,4.493994293562952,4.108293028459228,3.7790899752000855,74.10537770838745,52.02387664259044,13.826047148716993,24.166429579171925,34.110557636039175,12.609517834067992,49673.942240113014,51900.90433328314,53059.557105689215,13698.2150762255,17102.254691321785,19217.74115917453,13698.2150762255,17102.254691321785,19217.74115917453,71.44820404052734,68.35396575927734
15,62636.61128874323,5.510122799550739,4.643966501622578,3.873980104859423,74417.25346893653,4.449571984718112,4.108293028459228,3.7603186292298374,75.18907889793124,52.35043192072869,14.035497936402475,24.166429579171925,34.110557636039175,12.609517834067992,49673.942240113014,51601.80913492796,52725.991431379545,13958.023975433687,17129.831130166942,19283.37391896865,13958.023975433687,17129.831130166942,19283.37391896865,71.49373626708984,68.35396575927734
14,62321.13389679187,5.500478402380568,4.643966501622578,3.7828595998453554,74332.96722670326,4.449571984718112,4.079462930626479,3.751842191055375,75.18907889793124,53.368204203166115,14.167565930995792,23.996840768391053,34.03355558721745,12.609517834067992,49673.942240113014,51601.80913492796,52725.991431379545,13999.912966126298,17253.42862589737,19846.747970833963,13999.912966126298,17253.42862589737,19846.747970833963,71.50940704345703,68.31474304199219
13,62253.32859027653,5.500456739569394,4.643966501622578,3.710510897096154,72582.69393139113,4.391513791730716,4.04480440314175,3.7168467871778117,75.94864688996756,53.536452933593374,14.175821892288498,23.792967077304407,34.03355558721745,12.610474625589495,49708.1880040873,51601.80913492796,52089.6753795095,15172.113677961706,18819.278249873296,21747.617043613525,15172.113677961706,18819.278249873296,21747.617043613525,71.69290161132812,68.04126739501953
12,61158.01355825149,5.440005608739713,4.643966501622578,3.7055359824474494,72473.59324409899,4.3901102783109565,4.0270901205397625,3.6219885966403287,76.08364349289285,53.63399762199328,14.277000561274939,23.688765414939773,34.03355558721745,12.610474625589495,49708.1880040873,51601.80913492796,52089.6753795095,15858.52677432988,19685.616719617217,22627.73973992206,15858.52677432988,19685.616719617217,22627.73973992206,71.76758575439453,67.95720672607422
11,61158.01355825149,5.381128450927397,4.482837452745956,3.656376322482513,72254.67708863944,4.3901102783109565,3.865762434812719,3.4919276657617675,76.12121821488667,54.31210065592063,14.277000561274939,22.73977902831011,34.110557636039175,12.644462194194514,49722.97465570662,51601.80913492796,52089.6753795095,15980.640367921367,19992.15223596712,22964.02210509964,15980.640367921367,19992.15223596712,22964.02210509964,71.76758575439453,67.92269897460938
10,61158.01355825149,5.3493026776569454,4.366719719942471,3.5190473812428547,72254.67708863944,4.374783389928706,3.8233439717158264,3.4664248635356305,76.87562756538748,54.81560967886013,14.277000561274939,22.49025865715192,34.2120787016614,12.644462194194514,50385.05474601765,51882.85252378251,52089.6753795095,16565.073934526696,20573.633953966655,23816.266735530295,16565.073934526696,20573.633953966655,23816.266735530295,71.76819610595703,67.7589340209961
9,60438.50857616749,5.305184149969722,4.366719719942471,3.5190473812428547,72254.67708863944,4.374783389928706,3.8233439717158264,3.450382979136997,76.93430764206857,57.500578167298336,14.277000561274939,22.49025865715192,34.47336770243623,12.644462194194514,50921.48732196671,52529.36823261853,52755.09425257863,16779.968253445983,20703.486782654076,23862.12614828731,16779.968253445983,20703.486782654076,23862.12614828731,71.76819610595703,67.72081756591797
8,60454.88336698222,5.2098730044468295,4.350237589602198,3.480580538069394,72254.67708863944,4.372909904583262,3.7978271507482737,3.4279390695678766,77.20181103718372,58.24212620952734,14.809626527758496,22.34015971028396,34.60522495000506,12.686035238172483,51255.32484492827,52840.96673883523,53120.066398982955,16799.794710502007,20703.486782654076,23957.912773648277,16799.794710502007,20703.486782654076,23957.912773648277,71.76819610595703,67.5160903930664
7,61158.01355825149,4.943694006670856,4.153370787394479,3.4569983412341667,72354.90143162641,4.282363490281056,3.7927286884638414,3.381150892803646,77.34936296742781,58.695871312285256,14.99038358812845,22.31016875566965,34.60522495000506,12.644462194194514,51281.65641097029,52840.96673883523,53120.066398982955,16799.794710502007,20703.486782654076,23957.912773648277,16799.794710502007,20703.486782654076,23957.912773648277,71.7864990234375,67.08280944824219
6,61243.89023697983,4.940392598332158,4.138239009406577,3.424327841666345,72354.90143162641,4.251634790018164,3.567922616186827,3.3403681636399343,78.91147116149608,59.296475551341366,15.19132702725601,20.98778009521663,34.95752637229851,12.686035238172483,51281.65641097029,52840.96673883523,53120.066398982955,16799.794710502007,20703.486782654076,23957.912773648277,16799.794710502007,20703.486782654076,23957.912773648277,71.7864990234375,66.82209777832031
5,61419.65063135626,4.933743214708411,4.034230032114585,3.4087290683886713,72354.90143162641,4.251634790018164,3.567922616186827,3.3403681636399343,79.03374218864593,59.89342861478213,15.19132702725601,20.98778009521663,35.210207043709175,12.686035238172483,51281.65641097029,52840.96673883523,53120.066398982955,16799.794710502007,20703.486782654076,23957.912773648277,16799.794710502007,20703.486782654076,23957.912773648277,71.7864990234375,66.61585998535156
4,61419.65063135626,4.886800917594365,3.890947991354479,3.3706415085700354,72354.90143162641,4.217474405366479,3.4436497699963264,3.3403681636399343,79.13285655162981,60.27133854119835,15.30836600209187,20.256763352919567,35.210207043709175,12.686035238172483,51281.65641097029,52840.96673883523,53120.066398982955,16799.794710502007,20573.633953966655,23862.12614828731,16799.794710502007,20573.633953966655,23862.12614828731,71.7864990234375,66.43394470214844
3,61794.027878987596,4.851359460822751,3.800709601860116,3.3706415085700354,72254.67708863944,4.217474405366479,3.4436497699963264,3.381150892803646,79.23867521733521,60.27133854119835,15.355553347573315,20.256763352919567,34.98294609229925,12.686035238172483,51281.65641097029,52840.96673883523,53120.066398982955,16799.794710502007,20279.413725617724,23862.12614828731,16799.794710502007,20279.413725617724,23862.12614828731,71.7864990234375,66.28121948242188
2,61802.97506083246,4.851359460822751,3.800709601860116,3.357485449368166,72254.67708863944,4.217474405366479,3.567922616186827,3.3856876844545476,80.6406665188799,60.27192266746255,15.355553347573315,20.98778009521663,35.24972539361476,12.79740871549271,51281.65641097029,51986.63324178167,51986.63324178167,16569.453051944332,19534.67235404947,23364.732793313935,16569.453051944332,19534.67235404947,23364.732793313935,71.91822052001953,66.0926742553711
1,61802.97506083246,4.821254935221951,3.758055015230514,3.3245505616562383,71573.25027693954,4.189555930912537,3.4436497699963264,3.3856876844545476,80.6406665188799,60.8167805268039,15.868873233005967,20.256763352919567,35.24972539361476,12.79740871549271,51281.65641097029,51986.63324178167,51986.63324178167,16569.453051944332,19534.67235404947,23364.732793313935,16569.453051944332,19534.67235404947,23364.732793313935,71.91822052001953,65.94119262695312
0,61794.027878987596,4.821254935221951,3.758055015230514,3.3245505616562383,71573.25027693954,4.102291550388987,3.3951047600748074,3.3856876844545476,80.6406665188799,60.8167805268039,15.868873233005967,19.97120447102828,35.34869853262438,12.79740871549271,51281.65641097029,51986.63324178167,51986.63324178167,16569.453051944332,19534.67235404947,23364.732793313935,16569.453051944332,19534.67235404947,23364.732793313935,71.91822052001953,65.94119262695312
