,outflux,outflux,outflux,influx,influx,influx,cumulative_outflux,cumulative_outflux,cumulative_outflux,cumulative_influx,cumulative_influx,cumulative_influx
,min,mean,max,min,mean,max,min,mean,max,min,mean,max
age,,,,,,,,,,,,
0,10.137169948000823,13.321974810342496,16.506779672684164,8.069990310561247,12.024431763510234,16.455346843274903,31.419168853121914,41.186381765871474,50.95359467862102,25.02288632505247,37.15043362902034,50.739238234949546
1,10.382621596227443,13.587303053344579,16.791984510461713,8.271312147427105,12.25043355212227,16.70900228959337,31.419168853121914,41.186381765871474,50.95359467862102,25.02288632505247,37.15043362902034,50.739238234949546
2,10.382621596227443,13.587303053344579,16.791984510461713,8.271312147427105,12.25043355212227,16.70900228959337,31.419168853121914,41.186381765871474,50.95359467862102,25.02288632505247,37.15043362902034,50.739238234949546
3,10.462230788021893,13.637921913100929,16.81361303817996,8.340275395275823,12.283400694808693,16.70900228959337,41.556338801122735,54.50835657621397,67.46037435130519,33.09287663561371,49.17486539253058,67.19458507822445
4,10.473164142400226,13.637921913100929,16.81361303817996,8.353656131690421,12.283400694808693,16.70900228959337,51.540227184168,67.62702356057497,83.7138199369819,41.041036147367954,61.01535080262755,83.39638566355659
5,10.473164142400226,13.637921913100929,16.81361303817996,8.353656131690421,12.283400694808693,16.70900228959337,62.62902395820908,81.82793524289234,101.02684652757557,49.907056380161976,73.74555635652149,100.456375136112
6,10.473164142400226,13.637921913100929,16.81361303817996,8.353656131690421,12.283400694808693,16.70900228959337,73.47655447058521,95.92962780155636,118.3827011325275,58.558466943500775,86.43752634082038,117.67575458696552
7,10.587971794871455,13.759209940144117,16.93044808541678,8.444923865793104,12.382520083106943,16.7945602321169,83.93878525860711,109.56754971465729,135.19631417070747,66.8987423387766,98.72092703562907,134.377390716281
8,10.847530512376133,14.101692558664029,17.313026590593662,8.651410563338796,12.691969984298893,17.059989472555415,94.41194940100733,123.174643373221,151.93733734543468,75.25239847046703,110.96585479148588,150.98245234290766
9,11.088796774041079,14.20091168231737,17.35585460495193,8.866020232794025,12.730205553893937,17.07703270526749,104.99992119587878,136.93385331336512,168.86778543085146,83.69732233626013,123.34837487459282,167.77701257502457
10,11.264242816187673,14.325623501088334,17.387004185988996,9.01664293734294,12.81783365605071,17.219379450853527,116.97410428932525,152.1395860529084,187.30506781649154,93.28460532046492,136.94814039073896,185.8727276632178
11,11.326689822804214,14.43638081136005,17.546071799915886,9.063386741393334,12.924562380884637,17.250973979135374,128.30079411212947,166.57596686426845,204.85113961640744,102.34799206185825,149.8727027716236,203.12370164235318
12,11.730859258414556,14.814043420584916,17.89722758275528,9.401020207364766,13.229283408708206,17.518816924368434,139.56503692831714,180.90159036535678,222.23814380239642,111.36463499920119,162.69053642767432,220.20073434762068
13,11.751179820400441,14.839505870174598,17.927831919948755,9.41732553129434,13.251973203387394,17.54866045948287,151.31621674871758,195.7410962355314,240.16597572234517,120.78196053049552,175.9425096310617,237.74939480710356
14,11.974183093446474,15.205732739543286,18.437282385640096,9.587282984204787,13.599765516146144,18.09571508819324,163.04707600713215,210.5551396561163,258.06320330510044,130.1829807378603,189.1717930397699,255.26821173147198
15,12.410272167714911,15.664985181691979,18.919698195669046,9.946224876753988,13.987468411675053,18.51564442159668,175.5141021368166,226.34242812052096,277.1707541042253,140.16944833538807,203.2808940728134,273.9966854054092
16,12.467026129684449,15.78728846440466,19.092555208791953,9.986467597527763,14.109101033043475,18.68102357897375,188.37687433910625,242.4332340474122,296.48959375571815,150.49337075135725,217.61293344534116,292.8197827631379
17,12.532338235882673,15.812446722337311,19.107550799124876,10.044739626342954,14.117515676888445,18.72847367393721,200.9092125749889,258.2456807697495,315.5821489645101,160.5381103777002,231.7304491222296,311.5008063421116
18,12.71169881407542,16.003901268676785,19.29610372327815,10.192104439453164,14.279897073757224,18.823097357728663,213.31948474270382,273.9106659514415,334.5018471601792,170.4843352544542,245.71791753390465,330.0164507637083
19,12.71169881407542,16.003901268676785,19.29610372327815,10.192104439453164,14.279897073757224,18.823097357728663,226.03118355677924,289.9145672201183,353.79795088345736,180.67643969390738,259.9978146076619,348.8766816827881
20,12.71169881407542,16.003901268676785,19.29610372327815,10.192104439453164,14.279897073757224,18.823097357728663,239.02572043721267,306.1570122560428,373.28830407487294,191.10748434092702,274.4616534761779,367.8592291836674
21,12.862772202289653,16.09080592689126,19.318839651492866,10.323922415969175,14.332039372527772,18.860230919079793,252.81599056203015,323.27771232919906,393.739434096368,202.18932587878615,289.6787531579756,387.70984737540107
22,12.99453688043342,16.2424450359245,19.490353191415576,10.431044647019638,14.463838868515998,18.982547500879342,266.82032637978875,340.60038999937126,414.3804536189537,213.44979087329017,305.059467003956,407.7072619579103
23,13.102851793896743,16.349699065103255,19.596546336309768,10.520903026903785,14.55237999193609,19.06961265061265,279.2986188277921,356.36696094043793,433.43530305308366,223.44890329840308,319.1414998414201,426.3641693610541
24,13.790270124817493,17.120700073156264,20.45113002149503,11.081841537859145,15.217099681797722,19.850618191733666,291.9034416967021,372.11610628103,452.3287708653578,233.56775401045934,333.164526683852,444.7617894541303
25,13.790270124817493,17.120700073156264,20.45113002149503,11.081841537859145,15.217099681797722,19.850618191733666,305.0062934905988,388.46580534613327,471.92531720166755,244.08865703736313,347.7169066757881,463.83140210474295
26,14.004335817758617,17.32267767017217,20.641019522585722,11.26046499450401,15.380713845980406,19.99741458250925,320.3010287232233,407.57187727499047,494.84272582675743,256.3673185385898,364.72794848732576,486.14503229181486
27,14.004335817758617,17.32267767017217,20.641019522585722,11.26046499450401,15.380713845980406,20.050290102025073,334.39373212504734,425.41418955440554,516.4346469837635,267.6563766545504,380.67274201527925,507.3065342955026
28,13.441112420795392,16.96485749650388,20.488602572212372,10.772528962058622,15.14781856355748,20.050290102025073,350.0737806730113,444.8824824031571,539.6911841333027,280.2566943145939,397.9767671062131,529.8810200657293
29,13.441112420795392,16.96485749650388,20.488602572212372,10.772528962058622,15.14781856355748,20.193030409257553,362.89947973248746,461.212442237561,559.5254047426344,290.52131445438107,412.5924839911015,549.3721006172126
30,13.441112420795392,17.403936275571148,21.483567178491853,10.772528962058622,15.68373124874399,21.161502003687733,377.0660009373288,479.30414612500766,581.5422913126864,301.85336892316053,428.7982766577935,571.0388718653048
31,14.09270340182407,17.842312279415058,21.591921157006052,11.289058115960586,15.9447935279535,21.359588599179684,390.5071133581242,496.26900362151156,602.0308938848988,312.62589788521916,443.946095221351,591.0891619673299
32,13.441112420795392,17.49331869575238,21.591921157006052,10.772528962058622,15.785653337582717,21.359588599179684,403.9368781437162,513.2192379837695,622.5015978238227,323.3893632631619,459.08078314809933,611.1217643376126
33,13.429764785592063,17.403936275571148,21.483567178491853,10.763465377942724,15.68373124874399,21.359588599179684,416.83547363068044,529.8757262492171,642.9159788677537,333.6881388840354,474.0455799606279,631.3147947468701
34,13.324305372650441,16.96485749650388,20.939122351279746,10.618221036171784,15.212366178297454,20.942490508620626,430.15977900333087,547.2796625247883,664.3995460462455,344.3063599202072,489.7293112093719,652.6743833460498
35,13.324305372650441,16.96485749650388,20.939122351279746,10.618221036171784,15.212366178297454,20.942490508620626,444.85429174513956,566.2702220053023,687.6861522654649,356.0375257758092,506.79470193640026,675.7167237138506
36,13.323695331908906,16.95023436225799,20.488602572212372,10.608403180710061,15.14781856355748,20.2291027027598,458.17798707704844,583.7635407010547,709.3490943250607,366.64592895651924,522.580355273983,697.3034379761548
37,12.898595486964206,16.820486019841677,20.470703938923926,10.298775620873545,15.134687926748292,20.2291027027598,470.87983676545207,600.5840267208964,730.2882166763404,376.74435348292997,537.7927214522804,718.2459284847754
38,12.701849688403614,16.656488265447546,20.41438104393088,10.098424526410732,14.964796812528562,20.2291027027598,482.94774599931435,616.6962036905742,750.4446613818337,386.32519723596283,552.395166425042,738.4750311875351
39,12.067909233862306,16.112176969677808,20.156444705493314,9.580843753032854,14.6024449727616,20.2291027027598,494.6039091190038,632.334651034051,770.065392949098,395.57128650982145,566.5858945363304,758.2061813911569
40,11.865820557624373,15.87184107878068,19.87786159993698,9.41735300349925,14.391464226934481,19.964909855244343,505.759299467637,647.4650472557313,789.1707950438254,404.40319388422023,580.3534035188401,777.503986334119
41,11.865820557624373,15.87184107878068,19.87786159993698,9.41735300349925,14.391464226934481,19.964909855244343,517.5292108885361,663.2522262997071,808.9752417108778,413.73991373865545,594.6781996614419,797.4178758309218
42,11.76991142089909,15.787179043975767,19.804446667052446,9.336719854435215,14.324796142601837,19.913889496802827,529.3950314461605,679.1240673784878,828.8531033108147,423.1572667421547,609.0696638883763,817.3827856861662
43,11.65616311968945,15.638447343476884,19.620731567264315,9.246089273858594,14.190728111288367,19.765905174481173,540.8034614794001,694.6096735349283,848.4158855904562,432.1882676077516,623.1631269673426,837.1486908606474
44,11.65616311968945,15.638447343476884,19.620731567264315,9.246089273858594,14.190728111288367,19.765905174481173,552.0721992058114,709.9171377672386,867.7620763286654,441.1074996449061,637.0970799065205,856.7015921974597
45,11.76991142089909,15.787179043975767,19.804446667052446,9.336719854435215,14.324796142601837,19.913889496802827,564.2822705344031,726.178286945361,888.0743033563185,450.8054327092639,651.8250700292342,877.0657147391588
46,11.865820557624373,15.87184107878068,19.87786159993698,9.41735300349925,14.391464226934481,19.964909855244343,575.5951035090029,741.4276451302402,907.260186751477,459.77177735328314,665.6792364221382,896.3966402020912
47,12.210071328591651,16.261149178122373,20.312227027653098,9.697933064357834,14.727990122713683,20.364122541699107,587.0957310304366,756.8684823049269,926.6412335794168,468.89334532241213,679.6932009617362,915.8924898569979
48,14.17825799850488,18.17867388499433,22.179089771483767,11.333994352395466,16.30114653104986,21.8667946140358,601.976738128194,775.8318848428535,949.6870315575123,480.8011469899769,696.6699454542829,938.5489379104428
49,14.881007097757449,18.963402537926488,22.908744318685393,11.907801667564796,16.976744492546725,22.274867301286335,616.154996126699,794.0105587278478,971.8661213289961,492.1351413423724,712.9710919853328,960.4157325244786
50,15.358488444874046,19.13361638177972,23.04579797809553,12.33523361073536,17.02265499105478,22.656448053444812,631.619437468871,813.4757573048595,995.3320771408476,504.534818386228,730.3383450460761,983.3491085750289
51,15.46444134217203,19.46519857701177,23.452819106905476,12.39967704385561,17.36725306074332,22.824882921835886,646.977925913745,832.6093736866392,1018.240821459533,516.8700519969633,747.3610000371309,1005.6239758763153
52,15.46444134217203,19.563963515396424,23.46595581185152,12.39967704385561,17.414445036867576,22.933376050550304,662.6530338376324,852.1733372020356,1041.6936405664385,529.4558646936099,764.7754450739985,1028.4488587981512
53,15.46444134217203,19.563963515396424,23.639836356255707,12.39967704385561,17.414445036867576,22.964774512425592,678.5497101882253,871.9415935554598,1065.3334769226942,542.2270543328963,782.3538166642533,1051.4136333105766
54,15.46444134217203,19.563963515396424,23.639836356255707,12.39967704385561,17.414445036867576,22.964774512425592,694.7708170255465,892.0741391831897,1089.3774613408327,555.2629390964488,800.2463743990005,1074.7480481979958
55,15.46444134217203,19.563963515396424,23.639836356255707,12.39967704385561,17.414445036867576,23.334414887419065,711.1337133436876,912.3485656477345,1113.5634179517815,568.416299681584,818.2565213883191,1098.2001794406012
56,15.4175050847323,19.563963515396424,23.666966631649828,12.33523361073536,17.57837159025473,23.372496117331142,726.5512184284199,932.0623101571684,1137.573401885917,580.7465094622753,835.9211952907283,1121.842071061522
57,15.440843894651124,19.713744509433955,24.00998393413562,12.336910708353265,17.591528794660686,23.399130367859925,741.5917142811503,951.4160413993585,1161.2403685175668,592.7625746165035,853.2928277583852,1145.214567178853
58,15.440843894651124,19.768256353424274,24.043822656361716,12.336910708353265,17.66467390240917,23.452131242605493,755.3002785929547,969.2263812746136,1183.1524839562726,603.6968970548779,869.3201565252153,1166.948562439699
59,15.440843894651124,19.85920755990488,24.043984418138425,12.336910708353265,17.823011486043125,23.64189162092062,769.787394426496,988.2185369413903,1206.6496794562847,615.2345894921326,886.4515719796578,1190.3476928075588
60,15.440843894651124,19.85920755990488,24.185956610948672,12.336910708353265,17.823011486043125,23.83998625442149,784.848820741812,1007.7711614272291,1230.6935021126465,627.2495818939589,904.0431007743185,1214.1876790619804
61,15.440843894651124,19.85920755990488,24.27757122515864,12.336910708353265,17.823011486043125,23.970136675327918,800.2896646364632,1027.630368987134,1254.9710733378051,639.5864926023121,921.8661122603617,1238.1578157373083
62,18.300764250336908,22.671298963077955,27.041833675818996,14.711560006759173,20.13827353761836,26.218855866006457,818.5904288868,1050.301667950212,1282.012907013624,654.2980526090713,942.00438579798,1264.3766716033147
63,18.850737310452097,23.134096422166003,27.417455533879917,15.176282804455488,20.494753970307123,26.454051729663675,837.471636562463,1073.586898697616,1309.7021608327693,669.4870965822407,962.6617244225939,1291.1611838174156
64,18.88120767566291,23.28523074740413,27.68925381914535,15.189043973169415,20.657338624613853,26.78451221410086,856.3223738729151,1096.7209951197822,1337.1196163666493,684.6633793866962,983.156478392901,1317.6152355470792
65,19.240343356245884,23.724318107207132,28.208292858168388,15.478346661059819,21.045914030364937,27.284321782201246,875.562717229161,1120.4453132269894,1365.3279092248176,700.141726047756,1004.2023924232659,1344.8995573292805
66,19.64619159894772,24.188038889637145,28.729886180326574,15.808639627548201,21.44806495361375,27.76698888150152,895.2089088281086,1144.6333521166266,1394.0577954051441,715.9503656753043,1025.6504573768796,1372.666546210782
67,19.64619159894772,24.188038889637145,28.729886180326574,15.808639627548201,21.44806495361375,27.76698888150152,915.1578911570112,1169.1519233756435,1423.1459555942754,732.0070238292749,1047.3809865117223,1400.7545953111908
68,19.64619159894772,24.188038889637145,28.729886180326574,15.808639627548201,21.44806495361375,27.76698888150152,935.4702516705623,1194.1373120065234,1452.804372342484,748.3540694879844,1069.5303393436172,1429.4053796744392
69,19.64619159894772,24.188038889637145,28.729886180326574,15.808639627548201,21.44806495361375,27.76698888150152,955.7379653581281,1219.0753983169218,1482.4128312757148,764.6643960449165,1091.639675855234,1458.0124532145699
70,19.64619159894772,24.188038889637145,28.729886180326574,15.808639627548201,21.44806495361375,27.76698888150152,975.7425933053495,1243.713441877347,1511.6842904493437,780.7605568155709,1113.4889585788994,1486.3080558852182
71,19.64619159894772,24.188038889637145,28.729886180326574,15.808639627548201,21.44806495361375,27.76698888150152,994.570889918725,1267.2021356096564,1539.833381300587,795.8792297592122,1134.394255303555,1513.69721104533
72,19.122156962668917,23.628894038093243,28.149090851243287,15.378063220474022,20.973893633611635,27.38915516011178,1013.6930468813939,1290.8310296477496,1567.9690124141046,811.2572929796862,1155.3681489371666,1540.941180910033
73,18.82829661337551,23.4886937323094,28.135631113517565,15.118672943641304,20.90529672465557,27.24396986470283,1031.2188648650533,1312.766044267164,1594.313223669274,825.3227399269906,1174.908314337963,1566.6157177111072
74,17.525817983659483,21.935014619414545,26.344211255169604,14.065446947304414,19.54016540079642,25.674536801074325,1048.1394272006012,1334.0928384361137,1620.0462496716254,838.8869851957666,1193.943596786862,1591.781246727516
75,17.057391972179516,21.42124045182239,25.785088931465253,13.682006680690083,19.100418190398734,25.171698180859675,1064.7943306485254,1355.141875574408,1645.4894205002897,852.2323602103581,1212.7449872140344,1616.69605197058
76,17.057391972179516,21.42124045182239,25.785088931465253,13.682006680690083,19.100418190398734,25.171698180859675,1081.0164839295321,1375.704894157457,1670.3933043853808,865.2246751708623,1231.1271764161404,1641.1175454181284
77,17.057391972179516,21.42124045182239,25.785088931465253,13.682006680690083,19.100418190398734,25.171698180859675,1097.4724902937483,1396.5354191794913,1695.5983480652337,878.4072759055905,1249.7414373827792,1665.817931445939
78,17.057391972179516,21.42124045182239,25.785088931465253,13.682006680690083,19.100418190398734,25.171698180859675,1114.0873410925703,1417.6443621777926,1721.2013832630141,891.7091200510816,1268.6234113180521,1690.952389209023
79,17.057391972179516,21.42124045182239,25.785088931465253,13.675944956119626,19.100418190398734,25.171698180859675,1131.1447330647497,1439.065602629615,1746.9864721944793,905.3911267317717,1287.723829508451,1716.1240873898828
80,17.057391972179516,21.42124045182239,25.785088931465253,13.675944956119626,19.100418190398734,25.171698180859675,1149.844976506468,1462.16541975623,1774.4858630059914,920.4306860614461,1308.2261588685842,1742.747400052777
81,17.057391972179516,21.42124045182239,25.785088931465253,13.675944956119626,19.100418190398734,25.171698180859675,1168.4639435821643,1485.1647905261577,1801.8656374701504,935.4048843502042,1328.6393245973702,1769.254878501858
82,17.068572852851855,21.580528667478937,26.092484482106016,13.682006680690083,19.278255263482315,25.555592156130604,1187.366781789354,1508.464413307431,1829.5620448255072,950.6126001913842,1349.3063473446127,1796.039004153
83,18.61896707569652,22.99937076992773,27.37977446415895,14.9741982887581,20.413165728785977,26.507478449080903,1204.435354642206,1530.04494197491,1855.6545293076133,964.2885451475039,1368.584602608095,1821.5945963091306
84,18.70024344171819,23.099817126615076,27.499390811511965,15.03955932967438,20.502329360133256,26.623312662894264,1220.1945589637264,1549.84959569985,1879.504632435973,976.9278349742713,1386.2469608827446,1844.8852563293563
85,18.90283820718964,23.29962278127322,27.6964073553568,15.20771584118011,20.667022747242445,26.784125651141984,1235.5664296068069,1569.4581447077892,1903.3498598087708,989.2263958892465,1403.8060313965689,1868.338679202704
86,19.1385676310994,24.177765168625022,29.216962706150646,15.336562142753502,21.5935268527791,28.60439794976622,1254.7049972379064,1593.6359098764142,1932.5668225149216,1004.562958032,1425.399558249348,1896.9430771524703
87,19.610222908622305,24.442593706956387,29.25899052062539,15.734006151129597,21.74398415266817,28.60439794976622,1274.4824330938964,1618.475465906651,1962.468498719405,1020.4265076531507,1447.5485346775063,1926.134816194084
88,19.610222908622305,24.442593706956387,29.25899052062539,15.734006151129597,21.74398415266817,28.60439794976622,1294.0926560025187,1643.060763579814,1992.028871157109,1036.1605138042803,1469.4598869238548,1954.967827615793
89,19.610222908622305,24.442593706956387,29.25899052062539,15.734006151129597,21.74398415266817,28.60439794976622,1313.77182723155,1667.7201515656868,2021.668475899823,1051.9511177185589,1491.4342215340996,1983.870975287495
90,19.610222908622305,24.442593706956387,29.25899052062539,15.734006151129597,21.74398415266817,28.60439794976622,1333.9684809036482,1692.8704224452968,2051.772363986945,1068.1732546619678,1513.8070616050538,2013.1356213349097
91,19.610222908622305,24.442593706956387,29.25899052062539,15.734006151129597,21.74398415266817,28.60439794976622,1353.5946777969357,1717.313016152253,2081.0313545075705,1083.9369166168672,1535.551045757722,2041.5805012078026
92,19.610222908622305,24.442593706956387,29.25899052062539,15.734006151129597,21.74398415266817,28.44487987289299,1373.0650018477709,1741.583401969361,2110.101802090951,1099.573114314979,1557.1472830958471,2069.854907847748
93,19.5502171593635,24.359082837343074,29.167948515322653,15.701485263895307,21.672456359651566,28.36287425654453,1392.5748878059956,1765.8936961637046,2139.212504521414,1115.2420567416118,1578.7766953598782,2098.1629714457913
94,19.50988595822469,24.31029419434372,29.110702430462755,15.66894242663277,21.62941226403103,28.308063598043105,1412.125104965359,1790.2527790010477,2168.3804530367365,1130.9435420055072,1600.4491517195297,2126.525845702336
95,19.470324050835192,24.270385817107698,29.070447583380215,15.636197698111735,21.596237338125064,28.27440663994553,1431.454421175316,1814.1617205749642,2196.8690199746125,1146.4857127536532,1621.6776552764316,2154.1258325877084
96,19.470324050835192,24.270385817107698,29.070447583380215,15.636197698111735,21.596237338125064,28.27440663994553,1450.7648612205676,1838.0502345452624,2225.335607869957,1162.012403452166,1642.8887524256925,2181.7062545991057
97,19.470324050835192,24.270385817107698,29.070447583380215,15.636197698111735,21.596237338125064,28.27440663994553,1470.1527828099013,1862.0270471682252,2253.901311526549,1177.6021751947146,1664.1763617786455,2209.3782383043867
98,19.50988595822469,24.31029419434372,29.110702430462755,15.66894242663277,21.62941226403103,28.308063598043105,1489.5279402608933,1885.9862315615537,2282.444522862214,1193.1818740403794,1685.4478586922405,2237.027342318818
99,19.5502171593635,24.359082837343074,29.167948515322653,15.701485263895307,21.672456359651566,28.36287425654453,1508.8880556100546,1909.9268006802426,2310.965545750431,1208.7494789088282,1706.702824966631,2264.6549444553134
100,23.168808300499006,27.78557345206111,32.402338603623214,18.719690371273828,24.452138129609633,30.87529283264146,1532.7233130453453,1938.601585239025,2344.479857432705,1227.9983307202685,1731.960718931987,2296.6459145861722
101,23.29973351003508,27.928138633240007,32.55654375644494,18.82696912583896,24.573869759112196,31.013218774860036,1555.8921213458443,1966.3871586910861,2376.8821960363284,1246.7180210915424,1756.4128570615967,2327.521207418814
102,23.29973351003508,27.928138633240007,32.55654375644494,18.82696912583896,24.573869759112196,31.053101910453385,1579.1918548558795,1994.3152973243261,2409.4387397927735,1265.5449902173814,1780.9867268207088,2358.534426193674
103,23.303722362777826,27.989018642518335,32.67431492225884,18.82696912583896,24.641927221136648,31.16042704652417,1602.6673567788125,2022.424269844968,2442.181182911124,1284.517075031458,1805.7120018597989,2389.7060976778944
104,23.303722362777826,28.02334007845996,32.74244311835034,18.82696912583896,24.717018275517585,31.171671484220404,1626.1852109185543,2050.6163092450615,2475.0474075715697,1303.520039311485,1830.5187100899996,2421.0158473347774
105,23.303722362777826,28.051163134457532,32.85530880322866,18.82696912583896,24.725275039090036,31.289065829790243,1649.7188361045467,2078.810776239672,2507.9027163747983,1322.5374520896328,1855.3232988020868,2452.3049131645676
106,23.29973351003508,28.02334007845996,32.74244311835034,18.82438717432487,24.717018275517585,31.171671484220404,1672.9203884733024,2106.6886631846223,2540.456937895943,1341.2781096329875,1879.8703690128616,2483.358015075021
107,23.29973351003508,28.02334007845996,32.74244311835034,18.82438717432487,24.717018275517585,31.171671484220404,1696.2241108360802,2134.6776818271405,2573.131252818202,1360.1024968073123,1904.5122962339983,2514.518442121545
108,23.204197362761963,28.02334007845996,32.74244311835034,18.740657543354676,24.717018275517585,31.171671484220404,1719.4114627744673,2162.7010219056006,2605.9905810367345,1378.814867139341,1929.229314509516,2545.963612890417
109,23.201552368755696,27.989018642518335,32.67431492225884,18.725192313078264,24.641927221136648,31.16042704652417,1742.6156601372293,2190.752185040058,2638.8887099428875,1397.5400594524192,1953.9727852406086,2577.4505089355234
110,23.187351938387216,27.8778869449502,32.55422152114469,18.712370332028694,24.547070210774887,31.053101910453385,1763.1612241749588,2215.8874279224165,2668.613631669875,1414.0889600504772,1976.2205016416478,2606.083695744627
111,21.56510939983015,26.30981137399741,31.48694789608464,17.37764345177141,23.37299462683652,30.655734357253444,1784.726333574789,2242.197239296414,2699.6681450180395,1431.4666035022487,1999.4894467522406,2635.953789884762
112,21.52777218860046,26.25233958446867,31.47404582481599,17.349811653050267,23.35297861824285,30.655734357253444,1806.2541057633894,2268.4397034566427,2730.625301149897,1448.816415155299,2022.6932978759496,2665.7170381007545
113,21.395559406595535,26.25233958446867,31.47404582481599,17.242286685865896,23.35297861824285,30.655734357253444,1827.649665169985,2294.530384251165,2761.4111033323456,1466.0587018411647,2045.7653240421153,2695.321233444718
114,21.395559406595535,26.25233958446867,31.47404582481599,17.242286685865896,23.35297861824285,30.655734357253444,1849.0245348874003,2320.609030780497,2792.193526673595,1483.282949608167,2068.8300583740584,2724.930178963417
115,21.395559406595535,26.25233958446867,31.47404582481599,17.242286685865896,23.35297861824285,30.655734357253444,1870.042266160253,2346.8613703649658,2823.6804745696795,1500.1563459889164,2092.2030530008947,2755.5859133206704
116,21.483318911459072,26.30981137399741,31.48694789608464,17.25248235673872,23.37299462683652,30.66071691520369,1891.0111589672786,2373.0828396808865,2855.1545203944956,1516.9874159881524,2115.5560316191377,2786.246630235874
117,21.483318911459072,26.520010177939998,31.800930612662615,17.25248235673872,23.609121434140516,30.956293710198008,1912.250248710496,2399.6028498588266,2886.9554510071584,1534.039435314179,2139.165153053278,2817.202923946072
118,21.483318911459072,26.782626488395994,32.08193406533292,17.25248235673872,23.83241502449972,31.2051687315185,1933.733567621955,2426.3854763472227,2919.0373850724914,1551.2919176709177,2162.997568077778,2848.4080926775905
119,21.729519262608274,27.053340247744046,32.37716123287982,17.45394474547697,24.06431470585856,31.47117311779318,1955.4630868845632,2453.4388165949667,2951.414546305371,1568.7458624163946,2187.0618827836365,2879.8792657953836
120,23.885936757526895,29.31266193019111,34.739387102855325,19.23008115790303,25.96822302345099,33.27382529337291,1979.34902364209,2482.751478525158,2986.1539334082263,1587.9759435742976,2213.0301058070877,2913.3975144689516
121,25.80434239103692,30.412040802070475,35.019739213104025,20.868573601016053,26.625594427760966,33.27382529337291,2005.1575070820793,2513.5470791695807,3021.9366512570823,1608.8445171753137,2240.0909781065634,2947.3968001974467
122,25.808483439989224,30.580194167183077,35.245722423085674,20.904404468925897,26.78282807448923,33.428010757012764,2031.0721729933598,2544.1272733367637,3057.182373680168,1629.8343503466613,2266.8738061810527,2980.6706254908195
123,25.914665911280483,30.778180074147453,35.43790914839103,20.989833171347595,26.945081750334836,33.518248673567804,2057.2702623773107,2575.017401600935,3092.76454082456,1651.056281923322,2293.92164981474,3014.24634970992
124,25.914665911280483,30.778180074147453,35.43790914839103,20.989833171347595,26.945081750334836,33.518248673567804,2084.065847238881,2606.4246232323317,3128.7833992257833,1672.7816119558836,2321.3730599045693,3048.11377955262
125,25.914665911280483,30.778180074147453,35.43790914839103,20.989833171347595,26.945081750334836,33.518248673567804,2109.8701896299176,2636.836664034402,3163.8031384388873,1693.6860164248094,2347.9986543323303,3081.1499144231775
126,25.914665911280483,30.778180074147453,35.43790914839103,20.989833171347595,26.945081750334836,33.436195347946814,2135.9886406298215,2667.6148441085493,3199.2410475872784,1714.8453038777968,2374.943736082665,3114.57792518019
127,25.914665911280483,30.631495560544607,35.367495491683385,20.989833171347595,26.84715318690908,33.428010757012764,2162.2361206549417,2698.556505517702,3234.876890380464,1736.107938315749,2402.0349428366717,3148.1999933152506
128,25.89549562940583,30.631495560544607,35.367495491683385,20.96665649767439,26.84715318690908,33.428010757012764,2188.1316162843477,2729.1880010782465,3270.244385872147,1757.0745948134233,2428.8820960235807,3181.6361886631976
129,25.80434239103692,30.412040802070475,35.019739213104025,20.904404468925897,26.625594427760966,33.03613487055748,2213.123194291859,2758.8382265867012,3304.553258881546,1777.3002790574758,2454.8922316198154,3214.1277485084715
130,24.991578007511148,30.22754563762404,35.019739213104025,20.22568424405236,26.625594427760966,33.03613487055748,2237.0692735123316,2787.4460129906015,3337.8227524688737,1796.6593573693347,2480.039560365989,3245.760758340082
131,24.991578007511148,30.22754563762404,35.367495491683385,20.22568424405236,26.690633050969183,33.428010757012764,2261.3684098785843,2816.6710999258326,3371.9737899730826,1816.2836313304997,2505.7801849254206,3278.3546971845876
132,24.991578007511148,30.22754563762404,35.367495491683385,20.22568424405236,26.690633050969183,33.436195347946814,2285.046600420738,2845.412341632276,3405.7780828438163,1835.3792089894555,2531.1623453635016,3310.7809154921915
133,24.991578007511148,30.22754563762404,35.367495491683385,20.22568424405236,26.690633050969183,33.436195347946814,2308.6560587875583,2874.1358276491355,3439.615596510715,1854.4125608642337,2556.5455754270406,3343.279125346433
134,24.915982523955552,29.650225508454856,34.30887300939856,20.095483186370632,26.010135596234647,32.59393884450599,2333.5720413115137,2904.3633732867597,3475.1547052620076,1874.5080440506042,2583.2362084780098,3377.359562832758
135,24.299136366252622,29.225086935230838,34.15103750420906,19.62427396116511,25.740624559431485,32.59393884450599,2359.0033798324607,2935.042997141649,3511.0826144508387,1895.037093763111,2610.281838633748,3411.7069611137726
136,24.299136366252622,29.225086935230838,34.15103750420906,19.62427396116511,25.740624559431485,32.59393884450599,2384.5984544561497,2965.935124098195,3547.271793740242,1915.6967671025805,2637.5186443969883,3446.3133829365356
137,23.678190542153338,28.741241706443468,33.83751366689898,19.095577658955825,25.383230063538857,32.498209854241516,2409.7368836717046,2996.412685803859,3583.088487936015,1935.9737144144804,2664.4249733364177,3480.6478726851306
138,23.609458366820412,28.723486016859702,33.83751366689898,19.03335187477808,25.383230063538857,32.498209854241516,2430.5024565950775,3022.5885835533036,3614.674710511531,1952.619991963223,2687.7890291136214,3511.539136845406
139,20.76557292337283,26.175897749444406,31.586222575515986,16.646277548742596,23.36405577720387,30.891264160275565,2451.0850305105964,3048.457583037094,3645.830135563593,1969.1274594987165,2710.860434255557,3541.9653733760647
140,20.633516412704335,25.88608508068082,31.338887277551667,16.6246689514171,23.137070606363036,30.72337636932408,2471.5183133944065,3074.343668117775,3677.169022841145,1985.4940094691046,2733.99750486192,3572.6887497453886
141,20.582573915519013,25.86899948379065,31.155425052062288,16.578667701254684,23.071405141935315,30.48206096058374,2491.808712607754,3100.03827253723,3708.2678324667077,2001.7471963266007,2756.960871466995,3603.170810705972
142,20.57752955861114,25.694604419455064,31.098809625562865,16.564356560963116,22.963366605074796,30.426236530658358,2512.4422290204584,3125.2335208420177,3738.0248126635784,2018.3718652780178,2779.2496556377127,3631.806183601631
143,20.55893417828478,25.19524830478747,29.75698019687061,16.507467535493642,22.28878417071801,28.635372895658907,2533.001163198743,3150.339829820017,3767.6784964412914,2034.9362218389808,2801.460300805779,3660.3434429405193
144,20.433282883809973,25.135503518038412,29.693477477465695,16.44362413335627,22.238116849849835,28.579477285713914,2553.5786927573545,3175.4753333380554,3797.3719739187572,2051.5148895402353,2823.698417655629,3688.922920226233
145,20.37411709961471,25.106308977998975,29.65368377771317,16.37791681065554,22.210645168065934,28.537259338888518,2573.336855085718,3199.768603805937,3826.200352526156,2067.4170043030567,2845.2315900171657,3716.7656405545417
146,20.320299853571676,24.75856959598602,29.196839338400366,16.37791681065554,21.888734147158853,28.063554012030444,2592.163249445607,3222.8158015903678,3853.468353735129,2082.579590030538,2865.6349740818127,3743.041290692274
147,20.320299853571676,24.60833771869222,28.84255833776972,16.37791681065554,21.70108205016571,27.842720328308637,2611.11148085316,3245.6797872390525,3880.248093624946,2097.874695018008,2885.7921103584804,3768.646288067385
148,19.75816232836361,24.293270467881314,28.828378607399014,15.902114762821444,21.53317236153695,27.592015028183827,2631.4855979527747,3270.288124957745,3909.0906519627156,2114.3183191513644,2907.493192408646,3796.238303095569
149,19.005323581466655,23.284968635921647,27.564613690376643,15.304755694598471,20.61861526802353,26.572745780711305,2651.8058978063464,3295.046694553731,3938.287491301116,2130.69623596202,2929.3819265558045,3824.3018571075995
150,18.948231407552907,23.04719778443089,27.268001208972848,15.295104987470252,20.40338406464721,26.275650137732274,2670.811221387813,3318.3316631896528,3965.8521049914925,2146.0009916566187,2950.000541823828,3850.8746028883106
151,18.826394359888923,22.863985648684984,26.840948624398063,15.162585727481403,20.157136276667735,25.776379314990297,2689.4089650577957,3340.957260643315,3992.5055562288344,2160.9940861711066,2969.9948570275133,3876.4727396260005
152,18.732770444769905,22.786859534583982,26.779739889817062,15.102261463863812,20.13605745566016,25.762162652119596,2708.1417355025656,3363.744120177899,4019.3465048532325,2176.0963476349702,2990.1309144831735,3902.2491189409907
153,18.597743669982645,22.62559745366226,26.712594683736523,14.993094514487796,19.994315203685332,25.762162652119596,2726.5348956205216,3386.296997578745,4046.059099536969,2190.906281186724,3010.105798217751,3928.01128159311
154,18.39316011795606,22.552877400846292,26.65345123734187,14.809933551753613,19.974883734577325,25.59813673769005,2739.3216385028572,3402.615100612782,4065.9085627227073,2201.135818415018,3024.7200803747855,3947.53862989535
155,14.430546993372982,17.419600638888813,20.40865428440464,11.647693705063814,15.359078908182742,19.52734830223968,2752.1756482475244,3418.7523928774694,4085.3291375074155,2211.4467632284286,3039.107742305918,3966.494215657894
156,14.350648672961931,17.34251315941222,20.334377645862503,11.581199931037437,15.296075239952257,19.51765170764891,2766.447700881409,3436.022933343316,4105.598165805223,2222.962153925705,3054.346232248324,3985.904403875516
157,14.312138958470266,17.307131961081883,20.3021249636935,11.548967448409359,15.267727307407888,19.45855867068835,2780.7598398398795,3453.3300653043975,4125.900290768916,2234.5111213741143,3069.613959555732,4005.338967216107
158,14.272052633885057,17.27054046584622,20.269028297807388,11.515390697276619,15.238489942406535,19.434563340590824,2795.1104885128416,3470.6725784638097,4146.234668414779,2246.092321305152,3084.910034795684,4024.7975258867955
159,13.494886815431036,16.725323452706974,19.97324237026104,10.84743729501897,14.861638082509538,19.410188217621695,2809.5410355062145,3488.0921791026985,4166.643322699183,2257.7400150102158,3100.269113703867,4044.3151775944443
160,13.588286052174247,16.797324624299854,20.006363196425465,10.927041184728187,14.911572640258331,19.386559678123692,2821.9750595703445,3503.5105388225006,4185.046018074658,2267.7338989945783,3113.968524757045,4062.166597461775
161,14.205916462984632,17.27054046584622,20.269028297807388,11.43400980268393,15.238489942406535,19.410188217621695,2835.443554257564,3520.2314073512407,4205.0192604449185,2278.5571979965766,3128.8301628395548,4081.5531571398988
162,14.205916462984632,17.307131961081883,20.3021249636935,11.43400980268393,15.267727307407888,19.434563340590824,2848.920710010079,3536.9472052987935,4224.9737005875095,2289.3890944113587,3143.6833483131304,4100.912159817422
163,14.205916462984632,17.34251315941222,20.334377645862503,11.43400980268393,15.296075239952257,19.45855867068835,2862.41559682551,3553.6725287515005,4244.929460677492,2300.2365317063777,3158.54188616273,4120.265098746216
164,14.205916462984632,17.419600638888813,20.40865428440464,11.43400980268393,15.359078908182742,19.51765170764891,2876.003882877684,3570.4698533758005,4264.935823873918,2311.163572891106,3173.4534588029883,4139.641302035877
165,14.205916462984632,17.46127775397417,20.716639044963706,11.43400980268393,15.476058276557904,20.00513621313268,2890.2097993406687,3587.9311311297747,4285.652462918882,2322.5975826937897,3188.9295170795463,4159.646438249009
166,14.359478136550456,17.61432631882173,20.869174501093003,11.561302489326504,15.602713857169471,20.131077922328075,2904.609241206085,3605.606267462219,4306.603293718354,2334.1898415444452,3204.5890712740324,4179.863359264389
167,14.399441865416074,17.675136332444126,20.950830799472172,11.592258850655481,15.659554194486091,20.216921015379615,2918.9687193426353,3623.220593781041,4327.4724682194465,2345.7511440337717,3220.191785131202,4199.994437186717
168,15.80533481886583,19.045176821219197,22.285018823572557,12.76087698845861,16.78365579874069,21.291142255454847,2934.774054161501,3642.26577060226,4349.757487043019,2358.5120210222303,3236.9754409299426,4221.285579442172
169,15.80533481886583,19.045176821219197,22.285018823572557,12.76087698845861,16.78365579874069,21.291142255454847,2934.774054161501,3642.26577060226,4349.757487043019,2358.5120210222303,3236.9754409299426,4221.285579442172
170,15.80533481886583,19.045176821219197,22.285018823572557,12.76087698845861,16.78365579874069,21.291142255454847,2934.774054161501,3642.26577060226,4349.757487043019,2358.5120210222303,3236.9754409299426,4221.285579442172
