# Mean |DM2026 - BW1991| (m) per (basin, 10-deg lat band).
# Lat-band tag = band centre in degrees (signed).
time_Ma,Arctic_-85,Arctic_-75,Arctic_-65,Arctic_-55,Arctic_-45,Arctic_-35,Arctic_-25,Arctic_-15,Arctic_-5,Arctic_+5,Arctic_+15,Arctic_+25,Arctic_+35,Arctic_+45,Arctic_+55,Arctic_+65,Arctic_+75,Arctic_+85,Southern_-85,Southern_-75,Southern_-65,Southern_-55,Southern_-45,Southern_-35,Southern_-25,Southern_-15,Southern_-5,Southern_+5,Southern_+15,Southern_+25,Southern_+35,Southern_+45,Southern_+55,Southern_+65,Southern_+75,Southern_+85,Pacific_-85,Pacific_-75,Pacific_-65,Pacific_-55,Pacific_-45,Pacific_-35,Pacific_-25,Pacific_-15,Pacific_-5,Pacific_+5,Pacific_+15,Pacific_+25,Pacific_+35,Pacific_+45,Pacific_+55,Pacific_+65,Pacific_+75,Pacific_+85,Atlantic_-85,Atlantic_-75,Atlantic_-65,Atlantic_-55,Atlantic_-45,Atlantic_-35,Atlantic_-25,Atlantic_-15,Atlantic_-5,Atlantic_+5,Atlantic_+15,Atlantic_+25,Atlantic_+35,Atlantic_+45,Atlantic_+55,Atlantic_+65,Atlantic_+75,Atlantic_+85,Indian_-85,Indian_-75,Indian_-65,Indian_-55,Indian_-45,Indian_-35,Indian_-25,Indian_-15,Indian_-5,Indian_+5,Indian_+15,Indian_+25,Indian_+35,Indian_+45,Indian_+55,Indian_+65,Indian_+75,Indian_+85
0,,,,,,,,,,,,,,,,0.0462,9.3676,8.6100,,10.4628,12.9406,18.5357,,,,,,,,,,,,,,,,,,17.1477,13.3170,8.1578,7.8868,10.8292,16.6656,18.5595,10.9334,12.5230,12.1135,10.9151,18.2056,19.7495,,,,,,11.2789,10.7069,10.8316,17.3867,13.1530,15.4785,16.5385,13.9811,12.5261,10.5677,13.0145,2.5794,0.0074,,,,,,15.3229,10.5750,15.3016,13.9790,13.4744,12.8141,15.8120,14.6584,15.1057,17.0408,10.6239,12.4290,,,
1,,,,,,,,,,,,,,,,0.0475,9.5304,8.2807,,10.5902,12.8258,19.0782,,,,,,,,,,,,,,,,,,17.0463,12.9525,8.2094,8.0914,10.9481,16.8008,18.0287,10.7813,12.2242,11.7072,10.7635,18.8935,19.1301,,,,,,11.3877,10.4729,10.8777,16.8847,12.8300,15.1748,16.2193,13.6990,12.2773,10.3920,12.7476,2.4033,0.0103,,,,,,14.8355,10.8099,14.6581,14.1189,13.3250,13.1214,15.5834,14.4196,15.2552,14.0768,6.3438,12.8507,,,
2,,,,,,,,,,,,,,,,0.0513,9.6015,7.8121,,10.6220,12.6554,19.1755,,,,,,,,,,,,,,,,,,16.4881,12.5512,8.1715,8.1152,10.9057,16.6616,17.2105,10.5374,11.7840,11.3920,10.5634,19.5062,18.6441,,,,,,11.3046,10.1900,10.5947,16.1943,12.2516,14.5623,15.6683,13.1566,11.9983,10.1073,12.4775,2.2515,0.0080,,,,,,13.9915,10.8403,13.8252,14.1099,13.1938,13.4155,15.2506,13.7967,14.9090,12.7814,6.3630,12.2781,,,
3,,,,,,,,,,,,,,,,0.0510,9.7096,7.3537,,10.4988,12.3806,18.3106,,,,,,,,,,,,,,,,,,15.8205,12.2047,8.0065,8.0363,10.6976,16.2763,16.2975,10.2978,11.4365,11.0222,10.3859,19.7542,18.2062,,,,,,10.9588,9.8256,10.3342,15.2820,11.7251,14.0105,14.9438,12.7130,11.6632,9.6836,11.7925,2.0049,0.0068,,,,,,13.1295,10.8127,12.8122,13.9951,13.0882,13.1029,14.5782,13.2934,15.0248,10.6203,6.5108,11.8496,,,
4,,,,,,,,,,,,,,,,0.0586,9.7239,7.0198,,10.6822,12.2391,17.6005,,,,,,,,,,,,,,,,,,15.3067,11.8655,7.9466,7.9975,10.7838,16.0193,15.7253,10.0584,11.1932,10.7217,10.3762,19.9880,16.9928,,,,,,10.8306,9.5985,10.1710,14.7105,11.3072,13.5432,14.4142,12.4378,11.4487,9.4656,11.5252,1.8514,0.0136,,,,,,12.4948,10.8596,12.0812,13.8704,12.9788,13.0778,13.9714,12.8115,14.8654,10.3113,9.6105,11.3349,,,
5,,,,,,,,,,,,,,,,0.0577,9.7854,6.8321,,10.9326,12.2026,17.2398,,,,,,,,,,,,,,,,,,14.9276,11.7270,8.0363,7.9926,11.0270,16.1921,15.1001,9.9264,10.9488,10.4942,10.4941,19.9739,16.8358,,,,,,10.7708,9.3892,10.0561,14.2389,10.8984,13.1673,13.9603,12.2507,11.3386,9.1818,11.1888,1.7521,0.0087,,,,,,12.0590,10.7975,11.6744,13.8113,12.9742,13.2026,13.6481,12.2988,14.6009,9.3757,11.1300,11.4793,,,
6,,,,,,,,,,,,,,,,0.0616,9.7355,6.6873,,10.9866,12.0777,16.6137,,,,,,,,,,,,,,,,,,14.5706,11.4082,8.0992,7.8972,11.3718,15.9051,14.6045,9.7419,10.7109,10.3288,10.6167,19.8179,15.7122,,,,,,10.5512,9.0749,9.7934,13.6743,10.5464,12.7425,13.5373,11.9723,11.1565,8.9407,10.8555,1.5928,0.0080,,,,,,11.5066,10.6249,11.2696,13.6722,12.7709,13.1978,13.3785,12.3937,15.0018,9.0941,12.4156,12.0374,0.0000,,
7,,,,,,,,,,,,,,,,0.0616,9.6601,6.6541,,11.1207,11.8404,15.7737,,,,,,,,,,,,,,,,,,14.0533,11.0959,8.1419,7.6413,11.3863,15.4978,14.0255,9.5121,10.3825,10.2318,10.7610,19.0910,13.8462,,,,,,10.2133,8.7761,9.5913,13.0792,10.0208,12.2444,12.8925,11.6380,10.9326,8.5908,10.3508,1.4620,0.0131,,,,,,10.8441,10.2713,10.7988,13.4466,12.6882,13.2184,12.7496,11.6819,14.5482,8.4859,9.8617,12.7057,0.0000,,
8,,,,,,,,,,,,,,,,0.0664,9.6605,6.6828,,11.5716,11.6156,15.3105,,,,,,,,,,,,,,,,,,13.4315,10.7470,8.0396,7.2348,11.2350,14.9873,13.4892,9.1375,10.0751,10.1392,10.7836,18.1393,13.7890,,,,,,9.7265,8.4133,9.2219,12.4071,9.4166,11.6348,12.2624,11.3314,10.6731,8.3385,9.8266,1.3360,0.0098,,,,,,10.1414,9.8960,10.2926,13.1334,12.5586,13.1232,11.9694,11.1550,13.8937,7.6270,9.2866,11.6029,0.0000,,
9,,,,,,,,,,,,,,,,0.0736,9.5523,6.6263,,11.8940,11.4163,14.9583,,,,,,,,,,,,,,,,,,12.5716,10.3625,7.7968,6.6910,10.8218,14.4743,12.8699,8.8739,9.6973,10.0368,10.8023,17.3323,13.5108,,,,,,9.1839,8.0154,8.9010,11.8234,8.9149,11.0993,11.6046,10.9730,10.3985,8.0803,9.0951,1.2442,0.0106,,,,,,9.3032,9.4594,9.5825,12.6881,12.4210,12.8383,11.2816,10.8578,12.1579,6.4574,8.0397,12.2378,0.0000,,
10,,,,,,,,,,,,,,,,0.0696,9.5205,6.7059,,12.0929,11.2445,14.4698,,,,,,,,,,,,,,,,,,11.6708,9.9505,7.7088,6.2214,10.3062,13.9207,12.1876,8.5173,9.3452,9.8792,10.7599,17.0607,13.6175,,,,,,8.6289,7.7442,8.4600,11.3679,8.3782,10.6659,10.9473,10.6708,10.0917,7.9176,8.4865,1.1755,0.0132,,,,,,8.4677,9.0945,8.8787,12.2905,12.4232,12.6536,10.5800,10.4489,10.1540,5.6533,6.2266,12.3502,0.0000,,
11,,,,,,,,,,,,,,,,0.0725,9.3334,6.7190,,12.4687,11.2466,14.0305,,,,,,,,,,,,,,,,,,10.9791,9.7570,7.6273,5.9065,9.8469,13.5363,11.5959,8.3621,9.0310,9.8171,10.7421,17.8120,13.1302,,,,,,8.2647,7.5517,8.2236,11.1636,8.0523,10.4047,10.6155,10.3383,9.9102,7.7063,8.0419,1.1831,0.0081,,,,,,7.7580,8.9123,8.4131,12.2047,12.4187,12.5103,10.0668,10.1788,8.1060,4.8201,3.9582,30.5927,22.5792,,
12,,,,,,,,,,,,,,,,0.0809,9.3032,6.8369,,12.7867,11.2845,13.6021,,,,,,,,,,,,,,,,,,10.5094,9.7739,7.5493,5.7406,9.4824,13.2440,11.2637,8.2261,8.8195,9.7094,10.7027,17.8752,13.3117,,,,,,8.0872,7.3964,8.0485,11.0688,7.8377,10.2622,10.4426,10.1535,9.7167,7.7370,7.8949,1.1621,0.0115,,,,,,7.3170,8.9183,8.0940,12.1904,12.4878,12.2626,10.0006,10.4639,6.7235,4.5118,3.4450,30.9412,29.0953,,
13,,,,,,,,,,,,,,,,0.0765,9.1822,6.8023,,13.0962,11.2901,13.3515,,,,,,,,,,,,,,,,,,10.1586,9.8828,7.4934,5.7560,9.2397,13.0603,11.0060,8.1518,8.6678,9.6373,10.6626,18.1064,13.0699,,,,,,7.9338,7.3123,8.0802,11.0930,7.8171,10.2517,10.3018,10.1360,9.6408,7.6471,8.0180,1.1631,0.0064,,,,,,6.9992,8.9365,7.9274,12.4098,12.4031,12.1709,9.8318,10.6057,5.3665,4.2427,2.5645,30.8045,28.5558,,
14,,,,,,,,,,,,,,,,0.0746,9.1416,6.9331,,13.4077,11.3183,13.0713,,,,,,,,,,,,,,,,,,9.9104,9.9186,7.3992,5.6888,9.0195,12.8348,10.8273,8.2297,8.6065,9.5400,10.6333,18.4665,13.3022,,,,,,7.8675,7.2370,7.9939,11.1145,7.7228,10.2618,10.3175,10.0119,9.5857,7.7082,7.8502,1.1606,0.0144,,,,,,6.7270,8.9500,7.7459,12.5999,12.5001,11.8657,9.8031,10.3874,4.7348,4.3278,2.5886,30.4076,27.6920,,
15,,,,,,,,,,,,,,,,0.0781,9.0394,6.8490,,13.6906,11.3447,12.8120,,,,,,,,,,,,,,,,,,9.6765,9.9739,7.3281,5.6344,8.7972,12.6246,10.8078,8.3414,8.4922,9.5122,10.6601,18.8325,13.5101,,,,,,7.8002,7.1024,8.0828,11.1841,7.6528,10.3051,10.4029,10.0227,9.5072,7.7803,7.8011,1.1780,0.0136,,,,,,6.5298,8.9748,7.6441,12.7896,12.4307,11.8147,9.8742,9.9471,4.4560,4.2868,2.7325,30.4175,27.4929,,
16,,,,,,,,,,,,,,,,0.0823,9.0298,6.9823,,13.8342,11.3740,12.5150,,,,,,,,,,,,,,,,,,9.5515,10.1498,7.2543,5.5586,8.7575,12.4665,10.9428,8.5429,8.4317,9.4440,10.6766,19.2148,13.8950,,,,,,7.7928,7.0087,8.1414,11.2006,7.6911,10.3636,10.3449,10.0452,9.4968,7.8049,7.8710,1.1866,0.0128,,,,,,6.4695,8.9856,7.7093,12.9684,12.4223,11.8505,10.1474,10.1220,4.3992,4.2181,2.8278,29.8940,27.0564,,
17,,,,,,,,,,,,,,,,0.0779,9.0053,6.9535,,14.0758,11.4156,12.2562,,,,,,,,,,,,,,,,,,9.4017,10.2503,7.2321,5.4379,8.7393,12.2142,10.9137,8.6337,8.3788,9.3809,10.7140,19.5219,14.5317,,,,,,7.8264,6.9280,8.2092,11.2445,7.6989,10.4540,10.4367,10.0994,9.4539,7.9126,7.9116,1.2060,0.0103,,,,,,6.3517,9.0177,7.7708,13.0701,12.4651,11.9184,10.5494,10.2857,4.3578,4.4895,2.5137,29.0965,25.5106,,
18,,,,,,,,,,,,,,,,0.0843,9.0575,6.9725,,14.3260,11.4979,11.9724,,,,,,,,,,,,,,,,,,9.2221,10.4827,7.2042,5.2985,8.5891,11.9469,10.8259,8.5913,8.2930,9.2937,10.7077,19.7203,14.9871,,,,,,7.8159,6.9419,8.3188,11.3221,7.7067,10.5660,10.4473,10.1010,9.4365,8.1058,8.1883,1.2292,0.0097,,,,,,6.1884,9.1385,7.9294,13.3165,12.6692,12.0481,10.9944,10.3589,4.6229,4.3858,2.1342,27.8564,26.4450,,
19,,,,,,,,,,,,,,,,0.0850,9.2106,6.9726,,14.6400,11.6840,11.7503,,,,,,,,,,,,,,,,,,9.0767,10.7786,7.1657,5.2414,8.4138,11.8113,10.7201,8.4986,8.2341,9.2568,10.7335,19.9948,15.4258,,,,,,7.8784,6.9690,8.4938,11.4222,7.7236,10.7567,10.6529,10.1886,9.3855,8.2755,8.5442,1.2487,0.0096,,,,,,5.9806,9.3607,8.1191,13.5604,13.0673,12.0636,11.4858,10.1601,5.2562,4.6148,1.9841,26.3046,28.6446,,
20,,,,,,,,,,,,,,,,0.0748,9.2199,7.0059,,14.9722,11.8956,11.9203,,,,,,,,,,,,,,,,,,9.1770,11.1277,7.1548,5.2153,8.2564,11.8337,10.5844,8.5703,8.1266,9.1358,10.7539,20.2346,16.2095,,,,,,8.0403,6.9640,8.8510,11.5573,7.8104,11.0469,10.9167,10.2456,9.3824,8.5025,8.8644,1.2627,0.0085,,,,,,5.8898,9.6550,8.3063,13.7772,13.4462,12.1984,11.9332,9.9979,5.9466,4.7595,1.8192,24.7049,29.0239,,
21,,,,,,,,,,,,,,,,0.0837,9.2941,7.0076,,15.1793,12.1655,12.2227,,,,,,,,,,,,,,,,,,9.4427,11.4354,7.1436,5.2240,8.3392,12.0832,10.5828,8.6243,8.1012,9.1182,10.8733,20.4650,16.7083,,,,,,8.3351,7.2227,9.1546,11.6993,7.8719,11.3647,11.2373,10.2488,9.3301,8.7355,9.2424,1.2012,0.0113,,,,,,5.9788,9.8973,8.6481,14.1604,13.6748,12.1979,13.0615,10.0912,6.8633,4.6759,4.2904,22.9267,30.3729,,
22,,,,,,,,,,,,,,,,0.0834,9.2561,7.0682,,15.4043,12.4780,12.5713,,,,,,,,,,,,,,,,,,9.8569,11.7023,7.1757,5.3331,8.5094,12.3770,10.6323,8.7203,8.1309,9.0690,11.0210,20.5154,17.8137,,,,,,8.6499,7.3043,9.5162,11.9255,8.0718,11.7959,11.6030,10.3233,9.3881,8.9834,9.8229,1.1235,0.0121,,,,,,6.1476,10.2172,9.0272,14.4365,14.3553,12.2727,13.5205,9.8753,8.0603,4.7951,4.7727,21.6498,32.2004,,
23,,,,,,,,,,,,,,,,0.0857,9.3826,7.0649,,15.6246,12.8209,13.0435,,,,,,,,,,,,,,,,,,10.3350,11.9884,7.1809,5.4692,8.7963,12.7648,10.7090,8.8602,8.0715,9.0323,11.1878,20.6705,19.0819,,,,,,9.1240,7.4618,9.8565,12.1439,8.2339,12.1446,12.0331,10.4056,9.4827,9.1021,10.3967,1.0969,0.0134,,,,,,6.3364,10.7003,9.3339,14.6876,14.6248,12.3238,13.5821,9.8649,9.0817,4.7253,4.9814,20.3728,27.8165,,
24,,,,,,,,,,,,,,,,0.0862,9.3930,7.0837,,15.7208,13.1026,13.5382,,,,,,,,,,,,,,,,,,10.8874,12.1290,7.1734,5.5933,9.0246,13.2399,10.8533,9.0984,8.1934,8.9897,11.4429,20.7099,19.7362,,,,,,9.5381,7.5806,10.0831,12.4213,8.4785,12.4333,12.3313,10.5961,9.5539,9.3820,10.7101,1.0310,0.0109,,,,,,6.5654,10.9986,9.7654,14.7927,14.7951,12.3107,13.6012,10.2242,9.5387,4.9876,5.6591,19.3786,29.7159,,
25,,,,,,,,,,,,,,,,0.0951,9.4461,7.0709,,15.6960,13.3538,13.3352,,,,,,,,,,,,,,,,,,11.4256,12.2833,7.1609,5.7136,9.3516,13.5488,10.8738,9.2952,8.2154,9.0117,11.6136,20.4666,20.4565,,,,,,9.8142,7.6773,10.3051,12.6589,8.5520,12.5710,12.4753,10.6326,9.6549,9.4016,10.9492,0.9861,0.0189,,,,,,6.7437,11.4379,10.1206,14.8197,15.1893,12.1645,13.3905,10.6939,9.7933,5.1296,6.2641,18.3481,30.6254,,
26,,,,,,,,,,,,,,,,0.0856,9.4726,7.1131,,15.6355,13.4779,12.9864,,,,,,,,,,,,,,,,,,11.8222,12.2390,7.1267,5.7177,9.5961,13.4824,10.7641,9.4086,8.3144,8.9313,11.7012,20.0341,21.6257,,,,,,10.0605,7.6051,10.3593,12.6812,8.5718,12.7053,12.5691,10.6885,9.6625,9.3997,10.9779,0.9562,0.0094,,,,,,6.8442,11.7563,10.2404,14.6896,15.3075,11.9430,12.9881,11.8894,9.7321,4.9117,7.0446,18.0681,30.6340,,
27,,,,,,,,,,,,,,,,0.0897,9.5112,7.0417,0.0000,15.2910,13.5511,12.7437,,,,,,,,,,,,,,,,,,12.2227,12.2906,7.0607,5.8638,9.8135,13.4719,10.6211,9.6320,8.3663,8.8748,11.8212,19.3326,21.9624,,,,,,10.4985,7.5293,10.3774,12.6472,8.5544,12.7168,12.5195,10.5696,9.6041,9.4488,10.8369,0.8847,0.0151,,,,,,6.9647,11.9670,10.4208,14.6150,15.3323,11.7102,12.4696,13.3044,9.0152,4.8576,7.4725,17.5197,32.2519,,
28,,,,,,,,,,,,,,,,0.0912,9.6498,7.0564,0.2128,15.1373,13.6492,12.5545,,,,,,,,,,,,,,,,,,12.6709,12.1928,6.9890,6.0245,10.0887,13.4543,10.4427,9.6939,8.3374,8.8905,12.0744,18.8901,22.3872,,,,,,10.7394,7.4604,10.4070,12.6304,8.5308,12.6916,12.4903,10.5838,9.6116,9.3310,10.9699,0.8581,0.0179,,,,,,7.2020,12.1516,10.5198,14.4562,15.2993,11.4347,12.0011,14.6290,8.2627,4.8692,7.9421,17.1828,31.5095,,
29,,,,,,,,,,,,,,,,0.1163,9.5458,7.0780,1.3195,14.6258,13.4833,12.5669,,,,,,,,,,,,,,,,,,12.7112,12.0519,6.9025,6.1268,10.1800,13.2258,10.1478,9.5656,8.2182,8.9234,12.1557,18.0873,22.6376,,,,,,10.6697,7.2059,10.2300,12.2829,8.3598,12.2132,12.1971,10.4184,9.4966,9.1019,10.4887,0.8150,0.0128,,,,,,7.2482,12.0077,10.5273,14.2007,14.8523,10.9934,11.5035,15.4080,7.6204,4.6153,8.4527,16.7007,30.3589,,
30,,,,,,,,,,,,,,,,0.2192,9.4478,6.8984,1.1611,13.9557,12.9330,11.2186,,,,,,,,,,,,,,,,,,12.3176,11.4539,6.6433,5.9930,10.0108,12.7995,9.6800,9.3085,8.0458,8.9192,11.7425,16.8399,22.4450,,,,,,10.3793,6.9241,9.7761,11.5174,7.8415,11.4856,11.4700,10.0546,9.2235,8.6987,9.8363,0.7446,0.0136,,,,,,7.1217,11.4182,10.1052,13.5331,13.9830,10.2199,11.1882,15.0061,7.3315,4.8704,8.5646,15.9770,26.6766,,
31,,,,,,,,,,,,,,,,0.2842,9.3650,6.7947,2.0670,13.0356,12.2209,9.9996,,,,,,,,,,,,,,,,,,11.8832,10.9101,6.3582,5.9379,9.6436,12.2552,9.2509,8.9724,7.8763,8.7701,11.1919,15.5515,21.8379,,,,,,10.1333,6.4943,9.3369,10.6820,7.4773,10.6627,10.7450,9.6293,8.8829,8.2005,9.2763,0.6755,0.0345,,,,,,6.9803,10.7964,9.7655,12.7243,13.1645,9.4964,10.4663,14.1272,7.0626,7.1973,9.8311,16.0191,24.7838,,
32,,,,,,,,,,,,,,,,0.5104,9.0714,6.5323,2.3879,11.7663,11.4038,9.0877,,,,,,,,,,,,,,,,,,11.2816,10.4160,6.0270,5.9085,9.2983,11.7496,8.7714,8.7282,7.6869,8.5798,10.5520,14.4805,21.0070,,,,,,9.5847,6.1736,8.7911,9.8569,6.9811,9.8692,9.8942,9.1753,8.5179,7.6325,8.2958,0.6171,0.0204,,,,,,6.7825,10.0261,9.4164,11.9489,12.2681,8.8883,9.6377,13.1788,6.8890,7.4207,10.1586,15.6219,21.9418,,
33,,,,,,,,,,,,,,,,0.7260,8.6425,6.1826,2.7733,10.5679,10.4455,8.0807,,,,,,,,,,,,,,,,,,10.4540,10.0110,5.6386,5.8657,8.9540,11.2625,8.2950,8.4484,7.5268,8.2640,9.7433,13.2606,19.6704,,,,,,8.9864,5.8557,8.2693,9.0166,6.4651,8.9778,9.1426,8.7198,8.0752,6.9878,7.5822,0.5416,0.0248,,,,,,6.5095,9.2470,8.9203,11.2360,11.4020,8.1647,8.7803,12.0476,6.6618,7.1745,10.4971,14.6497,18.6221,,
34,,,,,,,,,,,,,,,,0.9756,7.8567,5.7565,2.0816,9.2753,9.4712,7.3747,,,,,,,,,,,,,,,,,,9.4375,9.5379,5.2716,5.7389,8.6293,10.7911,7.8502,8.1726,7.4097,7.9459,8.7948,12.0279,18.3258,,,,,,8.3587,5.4456,7.6457,8.2831,5.9803,8.1416,8.3394,8.2414,7.6725,6.4450,6.8889,0.4605,0.0255,,,,,,6.2077,8.4676,8.3508,10.4909,10.6693,7.5098,7.9645,10.9138,6.2950,6.7746,10.5148,13.5512,16.8419,,
35,,,,,,,,,,,,,,,,1.2170,7.1059,5.3063,1.9384,8.2286,8.5653,6.6618,,,,,,,,,,,,,,,,,,8.4115,9.1130,4.9399,5.6071,8.3373,10.4076,7.4218,7.9353,7.2512,7.6288,7.9137,10.8652,17.4040,,,,,,7.5973,5.1263,7.0396,7.5509,5.5888,7.4263,7.5162,7.8146,7.2765,5.9696,5.9517,0.3686,0.0307,,,,,,5.9026,7.7734,7.9488,9.6979,9.9130,7.0857,7.4424,10.0513,6.0221,6.6232,10.3803,12.2877,14.7249,,
36,,,,,,,,,,,,,,,,1.4496,6.4173,4.9444,2.1028,7.1379,7.7601,5.9708,,,,,,,,,,,,,,,,,,7.4948,8.7766,4.6763,5.5511,8.1731,10.1049,7.1043,7.6633,7.0701,7.3946,7.1262,9.7950,16.3729,,,,,,7.1273,4.9273,6.5616,7.0185,5.1072,6.8179,6.7556,7.4284,6.8766,5.4669,5.3103,0.2996,0.0381,,,,,,5.7467,7.1320,7.4905,8.9919,9.2765,6.5660,7.0038,9.0712,5.7742,5.8962,10.3950,10.6979,13.1841,,
37,,,,,,,,,,,,,,,,1.7243,5.9403,4.6665,2.1479,6.3539,7.2044,5.4370,,,,,,,,,,,,,,,,,,6.7602,8.5464,4.4660,5.5594,8.0092,9.8334,6.8046,7.4878,6.9394,7.2175,6.4709,8.8983,15.8644,,,,,,6.6524,4.7641,6.1727,6.6364,4.8266,6.4684,6.4260,7.1906,6.5601,5.1911,4.7315,0.2442,0.0492,,,,,,5.6517,6.6147,7.0760,8.5256,8.6750,6.1512,6.6655,8.2101,5.6292,5.4514,10.1961,9.4300,10.4566,,
38,,,,,,,,,,,,,,,,2.0088,5.6592,4.4257,2.3159,5.6071,6.7067,5.0173,,,,,,,,,,,,,,,,,,6.0969,8.3508,4.2440,5.6505,7.9354,9.6866,6.6116,7.3317,6.7323,7.0700,5.9276,8.0976,14.8841,,,,,,6.2647,4.6524,5.9506,6.3247,4.5820,5.9651,5.9809,6.9488,6.3562,4.8918,4.4361,0.1925,0.0505,,,,,,5.6281,6.1947,6.7791,7.9984,8.0942,5.6722,6.3874,7.5113,5.2198,5.1164,9.8981,8.0759,7.6124,,
39,,,,,,,,,,,,,,,,2.3299,5.5917,4.2846,2.3974,5.2784,6.4181,4.9359,,,,,,,,,,,,,,,,,,5.7692,8.2821,4.1476,5.8180,7.9923,9.5841,6.5415,7.3218,6.7340,7.0752,5.6796,7.7035,14.6779,,,,,,6.0533,4.5918,5.9161,6.2175,4.4438,5.9003,5.7637,6.8527,6.2166,4.6679,4.3848,0.1594,0.0533,,,,,,5.5903,5.8967,6.5572,7.7734,7.7508,5.3392,6.3040,7.2936,4.8950,4.9285,9.3948,7.1650,5.9156,,
40,,,,,,,,,,,,,,,,2.6538,5.6221,4.3032,2.4538,5.3839,6.5324,5.2366,,,,,,,,,,,,,,,,,,5.9081,8.3828,4.1619,6.1222,8.1964,9.6705,6.5306,7.4807,6.9003,7.1270,5.8554,7.8827,14.8792,,,,,,6.1431,4.7198,6.0267,6.3786,4.5253,5.9596,5.8866,6.8775,6.1974,4.7428,4.3049,0.1480,0.0701,,,,,,5.7400,6.0129,6.6641,7.7968,7.6985,5.4605,6.3730,7.5697,4.7261,5.0890,9.2579,6.9548,6.3478,,
41,,,,,,,,,,,,,,,,3.0026,5.6335,4.4055,2.7075,5.5807,6.6827,6.0401,,,,,,,,,,,,,,,,,,5.9914,8.5155,4.1853,6.4104,8.4052,9.6013,6.5751,7.5184,7.0199,7.1172,5.8722,7.9583,14.8781,,,,,,6.1991,4.7916,6.0986,6.5777,4.5835,6.0082,5.9600,6.8772,6.2522,4.7523,4.2224,0.1357,0.0564,,,,,,6.3533,6.1026,6.6932,7.7293,7.5632,5.5510,6.5779,7.5628,4.6195,5.2934,8.9492,7.0649,6.1986,,
42,,,,,,,,,,,,,,,,3.4685,5.5011,4.4060,2.6338,5.7330,6.6240,6.1868,,,,,,,,,,,,,,,,,,5.7860,8.5160,4.1692,6.6636,8.5092,9.4480,6.5561,7.4287,6.9981,7.0331,5.6641,8.0001,14.8025,,,,,,6.1279,4.7358,6.0432,6.5035,4.5331,5.9123,5.7930,6.8361,6.1134,4.6379,4.2603,0.1142,0.0651,,,,,,6.2703,5.8510,6.5389,7.5159,7.2636,5.3888,6.3961,7.1470,4.3738,5.5047,8.4711,6.2647,4.8388,,
43,,,,,,,,,,,,,,,,3.8564,5.2674,4.3887,2.6034,5.7856,6.6128,6.3657,,,,,,,,,,,,,,,,,,5.6886,8.5604,4.1620,6.8945,8.7155,9.3107,6.6019,7.5579,6.9204,6.9536,5.5332,8.2905,15.1790,,,,,,6.1232,4.8152,5.9525,6.6168,4.3508,5.7920,5.7165,6.8018,6.0267,4.6379,4.0998,0.0926,0.0536,,,,,,6.2059,5.6671,6.4306,7.3631,7.0259,5.2424,6.2335,6.8960,4.2711,5.4679,7.9028,5.3722,4.2006,,
44,,,,,,,,,,,,,,,,4.4333,5.2785,4.3879,2.7372,5.7789,6.4650,6.7861,,,,,,,,,,,,,,,,,,5.4716,8.5550,4.1606,7.1008,8.8517,9.2256,6.5505,7.4940,6.8756,6.8277,5.2933,8.5567,14.9750,,,,,,6.0276,4.7654,5.9004,6.7515,4.3583,5.6975,5.6144,6.7869,5.9820,4.4930,3.9315,0.0719,0.0686,,,,,,6.0564,5.3978,6.2130,7.1351,6.8321,5.1929,6.0660,6.4759,4.2442,5.3496,7.4604,3.8957,3.0663,,
45,,,,,,,,,,,,,,,,4.7621,5.1956,4.4790,2.6694,5.7472,6.4502,6.5507,,,,,,,,,,,,,,,,,,5.2971,8.4238,4.0869,7.2306,8.8970,9.1553,6.5713,7.4715,6.8632,6.7661,5.0758,8.8667,14.2355,,,,,,5.8958,4.8055,5.8018,6.6970,4.2530,5.6959,5.4207,6.7670,5.8522,4.4194,4.0165,0.0542,0.0687,,,,,,6.0369,5.1098,6.0403,6.9357,6.6766,5.0546,5.9859,5.9651,4.2744,5.2905,6.9670,2.7848,2.0562,,
46,,,,,,,,,,,,,,,,5.2474,5.1284,4.5534,2.8269,5.6107,6.4855,6.4846,,,,,,,,,,,,,,,,,,5.1707,8.2986,4.0478,7.3733,8.9842,9.0844,6.5834,7.5653,7.0526,6.7434,4.9574,9.1721,13.6424,,,,,,5.8894,4.7720,5.8430,6.7583,4.2301,5.7203,5.3899,6.7995,5.7818,4.3997,3.8221,0.0443,0.0636,,,,,,6.0083,4.7913,5.9595,6.8259,6.5218,4.8923,5.6820,5.6637,4.2042,5.2045,6.5606,2.0219,1.5258,,
47,,,,,,,,,,,,,,,,5.9783,5.0642,4.6798,2.1802,5.4774,6.3419,6.3112,,,,,,,,,,,,,,,,,,4.8051,8.1270,4.0370,7.4957,9.0937,9.0195,6.5762,7.5982,6.9160,6.5355,4.5938,8.2678,13.5038,,,,,,5.7353,4.7686,5.8670,6.7879,4.2530,5.6551,5.2551,6.8673,5.7450,4.3763,3.6263,0.0260,0.0524,,,,,,5.9552,4.4777,5.7628,6.6687,6.3603,4.7943,5.6455,5.1029,3.8984,5.1172,6.1694,0.5938,0.6404,,
48,,,,,,,,,,,,,,,,6.7088,4.9449,4.8068,2.4195,5.4025,6.2463,6.0270,,,,,,,,,,,,,,,,,,4.5337,8.0419,4.0278,7.6578,9.1685,8.9744,6.5889,7.6478,6.9131,6.4640,4.5467,8.2495,13.5150,,,,,,5.7943,4.8170,5.9096,6.8505,4.2358,5.7499,5.1260,6.9409,5.6977,4.3371,3.8682,0.0183,0.0446,,,,,,5.9408,4.3289,5.6405,6.6165,6.2956,4.5921,5.5456,4.7012,3.8531,4.9512,5.5824,0.6653,0.0946,,
49,,,,,,,,,,,,,,,,7.6210,4.6506,5.1686,2.1901,5.2778,6.3608,5.7057,,,,,,,,,,,,,,,,,,4.5784,8.0830,4.0377,7.9008,9.2913,9.0273,6.6208,7.7403,6.8185,6.4235,4.7615,8.3924,13.4315,,,,,,5.9494,4.8672,5.9633,6.9334,4.2540,5.7864,5.2133,7.0045,5.6831,4.3794,3.6740,0.0129,0.0419,,,,,,6.0271,4.3170,5.7451,6.7144,6.2425,4.5909,5.8172,4.7864,3.8251,4.9497,5.2355,0.6628,0.1123,,
50,,,,,,,,,,,,,,,,8.9634,4.2152,5.4977,2.0141,5.1091,6.5030,5.2554,,,,,,,,,,,,,,,,,,4.6892,8.1203,4.0877,8.1583,9.4312,8.9776,6.6160,7.8370,6.7477,6.3843,5.0506,8.5303,12.9450,,,,,,6.0897,4.8534,5.9685,7.0045,4.3401,5.8600,5.3454,7.0815,5.7188,4.4627,3.7963,0.0109,0.0885,,,,,,6.1226,4.3608,5.8657,6.8112,6.2659,4.8062,6.0749,4.8522,3.9536,4.9554,4.9212,0.6540,0.0586,,
51,,,,,,,,,,,,,,,,7.7490,3.8641,5.8184,1.6260,5.0982,6.5249,5.0544,,,,,,,,,,,,,,,,,,4.7322,7.8313,4.0446,8.3047,9.5833,8.9258,6.6786,7.9310,6.6550,6.3420,5.1753,9.2799,14.7256,,,,,,6.0036,4.8395,6.0760,7.1032,4.3403,5.9612,5.4510,7.1783,5.7497,4.4370,3.7823,0.0157,0.0610,,,,,,6.0680,4.3587,6.0077,6.9592,6.2132,4.9889,6.3755,4.6838,4.2194,4.9163,4.5660,0.5757,0.0044,,
52,,,,,,,,,,,,,,,,9.0004,3.5162,6.1989,1.9444,5.0275,6.5478,5.2278,,,,,,,,,,,,,,,,,,4.7196,7.7217,4.0492,8.4932,9.7603,8.8467,6.7160,7.9451,6.5161,6.2314,5.3661,9.5415,14.3924,,,,,,6.1199,4.8719,6.1041,7.2915,4.4144,6.1155,5.6316,7.2588,5.8192,4.4082,3.8415,0.0057,0.0270,,,,,,6.1614,4.3601,6.1366,7.0766,6.1409,5.1552,6.6332,4.8126,4.0278,4.7965,4.0007,0.5368,0.0022,,
53,,,,,,,,,,,,,,,,10.0792,3.1874,6.5400,1.9082,4.9706,6.6513,5.2678,,,,,,,,,,,,,,,,,,4.8640,7.6168,4.0765,8.7482,9.9531,8.8316,6.6901,7.9852,6.3946,6.1450,5.5692,9.6328,14.0505,,,,,,6.2976,4.8467,6.2042,7.2716,4.4335,6.2235,5.6144,7.4001,5.8363,4.4394,3.8270,0.0059,0.0113,,,,,,6.2344,4.4111,6.3946,7.1218,6.2812,5.0793,6.9730,4.8958,4.2674,4.6937,3.5386,0.5450,0.0061,,
54,,,,,,,,,,,,,,,,11.0601,3.1398,6.7637,1.9300,4.9219,6.8235,5.3456,,,,,,,,,,,,,,,,,,5.1192,7.5123,4.1030,8.9791,10.1290,8.7076,6.7180,8.0594,6.3639,6.0781,5.8110,9.4880,13.8070,,,,,,6.3169,4.8728,6.2414,7.4544,4.5300,6.2821,5.6542,7.4360,5.8886,4.5055,3.9261,0.0090,0.0021,,,,,,6.2263,4.4528,6.6213,7.2586,6.5518,4.9740,7.2078,5.5561,4.4628,4.6768,3.0435,0.6015,0.0267,,
55,,,,,,,,,,,,,,,,12.4744,3.1313,7.1505,2.9305,4.9974,6.9337,5.5796,,,,,,,,,,,,,,,,,,5.2255,7.2939,4.1112,9.2371,10.3845,8.5920,6.7102,8.0690,6.2522,5.9842,5.8486,9.2491,13.5967,,,,,,6.4586,4.8038,6.4141,7.3825,4.5468,6.4310,5.7349,7.5431,5.9553,4.5204,3.9260,0.0092,0.0350,,,,,,6.2240,4.4441,6.8311,7.2493,6.7778,4.8280,7.3836,5.9375,4.2052,4.4713,2.5785,0.6660,0.0019,,
56,,,,,,,,,,,,,,,,13.6098,3.0363,7.5019,2.4832,5.0616,6.9870,5.8511,,,,,,,,,,,,,,,,,,5.3395,7.0455,4.1366,9.4954,10.6942,8.3824,6.7567,8.0357,6.1871,5.9386,6.0094,8.9712,12.9775,,,,,,6.6551,4.7697,6.6850,7.3518,4.6412,6.7045,5.9664,7.5768,5.9450,4.5853,4.2922,0.1783,0.1515,,,,,,6.3239,4.5463,6.9666,7.2386,6.7899,4.8675,7.4938,6.0288,4.2976,4.1609,2.0227,0.7069,0.3521,,
57,,,,,,,,,,,,,,,,14.0114,3.0257,7.5109,2.4666,5.1718,7.1648,6.1092,,,,,,,,,,,,,,,,,,5.5361,6.9691,4.1905,9.7099,10.9141,8.1894,6.8683,7.9828,6.2044,6.0022,5.9921,8.8938,12.5526,,,,,,6.8384,4.8088,6.8101,7.4424,4.6439,6.7069,5.9329,7.7152,5.9481,4.7166,4.2583,0.1543,0.1137,,,,,,6.3363,4.6310,7.2058,7.2165,6.9091,5.0768,7.6251,6.3053,4.3107,3.9985,1.7416,0.8607,0.3466,,
58,,,,,,,,,,,,,,,,14.3037,2.9272,7.5530,2.6325,5.2712,7.3774,6.1853,,,,,,,,,,,,,,,,,,5.9505,6.8844,4.2630,9.9192,11.1924,8.0378,6.9685,7.9414,6.2049,6.0491,6.0431,8.9280,11.9072,,,,,,6.8817,4.7912,6.8298,7.5125,4.6208,6.8984,6.0513,7.8321,5.9585,4.7281,4.2766,0.1912,0.0933,,,,,,6.3546,4.6992,7.4061,7.2187,7.0956,5.1868,7.7396,6.4428,4.1929,4.1204,1.5631,1.0030,0.3153,,
59,,,,,,,,,,,,,,,,14.9506,2.8890,7.6456,2.5399,5.4404,7.6439,6.6149,,,,,,,,,,,,,,,,,,6.4222,6.8511,4.3723,10.1586,11.3790,7.9627,7.0935,7.9237,6.2185,6.1916,5.9927,8.9307,11.5210,,,,,,7.1851,4.9562,7.0352,7.6886,4.9601,7.0593,6.2482,7.9602,6.0113,4.7737,4.6479,0.2394,0.0669,,,,,,6.5001,4.7803,7.6987,7.2157,7.3803,5.4119,7.8121,6.7008,4.1146,4.4873,1.4692,1.1155,0.4562,,
60,,,,,,,,,,,,,,,,15.4957,2.8234,7.7334,2.4260,5.7223,7.9782,6.8207,,,,,,,,,,,,,,,,,,7.0271,6.8509,4.4766,10.3961,11.6652,7.9159,7.2119,7.8790,6.1935,6.3834,5.9496,8.9649,11.0719,,,,,,7.3924,5.0064,7.2466,7.7329,5.0770,7.4156,6.4634,8.1261,6.0241,4.9460,4.7593,0.2560,0.0945,,,,,,6.5701,4.9455,7.9881,7.2114,7.6944,5.9070,7.9475,6.9483,4.1656,4.8102,2.5960,1.4310,0.3919,,
61,,,,,,,,,,,,,,,,15.7838,2.8511,7.7628,2.3969,5.9015,8.1636,6.5984,,,,,,,,,,,,,,,,,,7.5871,6.8325,4.5853,10.5901,11.7118,7.7775,7.3162,7.8652,6.2070,6.6518,5.7772,8.9127,10.9372,,,,,,7.5964,5.1080,7.3482,7.9141,5.2477,7.3855,6.6243,8.2541,6.0084,4.9826,4.8512,0.2483,0.0404,,,,,,6.6405,5.0467,8.2654,7.1691,7.9372,6.1834,7.9141,7.1648,4.4744,5.0620,4.9794,1.4554,0.3067,,
62,,,,,,,,,,,,,,,,15.8290,2.9203,7.6539,1.9087,5.8147,8.1292,6.5970,,,,,,,,,,,,,,,,,,7.9335,6.6940,4.6350,10.7687,11.7516,7.6155,7.3947,7.7718,6.1364,6.7527,5.4917,8.8665,10.5280,,,,,,7.3937,5.1412,7.3290,7.8186,5.3207,7.4063,6.6547,8.2196,5.9753,5.0653,5.5746,0.2806,0.0324,,,,,,6.5418,5.1552,8.2842,7.2249,7.9834,6.3822,7.8612,7.3118,4.5778,4.9748,6.7141,1.4702,0.3137,,
63,,,,,,,,,,,,,,,,15.7437,2.9464,7.5329,1.1206,5.4975,7.9376,6.5919,,,,,,,,,,,,,,,,,,8.0496,6.4515,4.6067,10.8009,11.6851,7.4208,7.4441,7.6039,6.0358,6.7117,5.2046,8.8240,10.2882,,,,,,6.9450,5.0473,7.1427,7.7531,5.2921,7.0705,6.5536,8.1507,5.9329,4.7875,5.5036,0.3005,0.0406,,,,,,6.4099,5.1718,8.0963,7.4148,7.7730,6.3868,7.7985,7.3108,4.6547,4.6228,7.1501,1.4693,0.2140,,
64,,,,,,,,,,,,,,,,15.4226,3.0308,7.3387,0.9754,5.4094,7.7573,6.6421,,,,,,,,,,,,,,,,,,8.1080,6.1884,4.6648,10.8944,11.5350,7.2612,7.4843,7.4155,5.9754,6.6228,5.0438,8.8049,10.1439,,,,,,6.6743,4.9431,7.0789,7.5944,5.1153,6.8592,6.4724,8.0124,5.8866,4.8486,5.2309,0.3291,0.0117,,,,,,6.2663,5.2090,7.9719,7.5008,7.6784,6.4265,7.5293,7.2669,4.9904,4.3179,7.0845,1.4387,0.2021,,
65,,,,,,,,,,,,,,,,15.2815,2.8838,7.2126,1.8209,5.4740,7.6095,6.8605,,,,,,,,,,,,,,,,,,8.0733,5.8865,4.7720,10.9790,11.3723,7.1264,7.5314,7.2832,5.9509,6.4480,4.9440,8.7931,9.8962,,,,,,6.3123,4.8065,7.0391,7.5353,5.0034,6.4574,6.4224,7.9180,5.7884,4.7790,5.2169,0.2489,0.0041,,,,,,6.1000,5.2622,7.8433,7.5122,7.7403,6.3555,7.3792,7.1275,5.4704,4.1043,6.2868,1.3906,0.2484,,
66,,,,,,,,,,,,,,,,15.0634,2.8443,7.0181,2.3212,5.3386,7.4312,7.3968,,,,,,,,,,,,,,,,,,8.1375,5.5498,4.9076,11.0281,11.2180,6.9534,7.4875,7.1960,5.9973,6.1513,4.8760,8.7506,9.5840,,,,,,6.0257,4.7528,6.9963,7.3853,4.8393,6.0989,6.2992,7.8504,5.7141,4.6874,4.9167,0.3112,0.0000,,,,,,5.9612,5.3292,7.5587,7.4774,7.8807,6.3915,7.3033,6.9235,5.6819,3.7070,4.8999,1.2839,0.2377,,
67,,,,,,,,,,,,,,,,14.6919,2.7918,6.7949,2.6705,5.0003,7.1302,7.2427,,,,,,,,,,,,,,,,,,7.9386,5.1105,4.9881,10.9506,11.0529,6.8362,7.4799,7.1648,6.0353,5.6683,4.7193,8.6938,9.5147,,,,,,5.7174,4.6439,6.8143,7.2672,4.5461,5.5298,6.2275,7.5775,5.5632,4.5279,4.9472,0.2301,0.0000,,,,,,5.7156,5.0873,7.2245,7.4799,7.8050,6.4919,6.9806,6.7147,5.4894,3.2505,3.6096,1.1931,0.2545,,
68,,,,,,,,,,,,,,,,13.3286,3.8212,6.4776,2.5489,4.8270,6.9865,6.8370,,,,,,,,,,,,,,,,,,7.8157,4.6939,5.2140,10.8410,10.9282,6.6969,7.4492,7.2124,6.0825,5.3360,4.5167,8.6962,9.1984,,,,,,5.2885,4.6951,6.7401,7.2343,4.3218,4.9987,6.1865,7.5217,5.5171,4.4533,4.6309,0.2458,0.0000,,,,,,5.5643,5.1172,6.8738,7.5356,7.8174,6.3675,6.9342,6.6680,5.6467,3.0936,2.8602,1.1362,0.2100,,
69,,,,,,,,,,,,,,,,12.9319,3.7493,6.0003,2.7206,4.6920,6.8012,6.5120,,,,,,,,,,,,,,,,,,7.7243,4.2608,5.5676,10.6507,10.7738,6.5404,7.4695,7.3573,6.2107,5.0020,4.3435,8.7769,9.3911,,,,,,5.0227,4.8118,6.6604,7.2737,4.1538,4.5677,6.1362,7.3837,5.4261,4.3381,4.3687,0.1533,0.0000,,,,,,5.5400,4.9471,6.5520,7.4732,7.8392,6.4334,6.8665,6.6692,5.9178,3.0800,2.2651,1.1393,0.1592,,
70,,,,,,,,,,,,,,,,12.5861,3.7425,5.5273,2.7029,4.6572,6.6210,6.4235,,,,,,,,,,,,,,,,,,7.6789,3.8679,6.0007,10.4855,10.4992,6.4259,7.5263,7.4674,6.3739,4.6436,4.1180,8.8604,9.9433,,,,,,4.7415,4.8511,6.7298,7.2633,4.1654,4.0779,6.2336,7.2631,5.2829,4.1869,4.3383,0.1679,0.0000,,,,,,5.4842,4.7052,6.3264,7.3912,7.8698,6.4366,6.9587,6.7705,6.0243,3.0253,2.3023,1.1085,0.1594,,
71,,,,,,,,,,,,,,,,12.2839,3.6547,5.3857,2.7635,4.4816,6.3681,6.2504,,,,,,,,,,,,,,,,,,7.5697,3.5562,6.2803,10.3927,10.2697,6.3529,7.6124,7.4733,6.3719,4.7603,4.3123,8.9977,10.0792,,,,,,4.4168,4.8765,6.6022,7.1536,3.9928,3.6335,6.2162,7.1772,5.2024,4.1366,4.1235,0.1904,0.0000,,,,,,5.3065,4.5711,6.2014,7.3615,7.8152,6.6206,7.1121,6.7650,5.9724,3.0311,2.8381,1.1412,0.1862,,
72,,,,,,,,,,,,,,,,12.0324,3.6276,5.2503,3.0562,4.3568,6.2051,5.9214,,,,,,,,,,,,,,,,,,7.4585,3.3146,6.6588,10.2669,9.9657,6.3003,7.7981,7.4360,6.6076,4.7842,4.3329,8.9456,9.9819,,,,,,4.0283,4.8589,6.4615,7.0506,3.8355,3.1658,6.1230,7.0864,5.0743,4.0568,3.9471,0.1504,0.0000,,,,,,5.1931,4.4977,6.0733,7.3601,7.7682,6.7957,7.3235,6.8439,5.8594,3.7717,3.3712,1.0262,0.1891,,
73,,,,,,,,,,,,,,,,11.8026,3.5651,5.0894,3.1149,4.1377,6.0223,5.9188,,,,,,,,,,,,,,,,,,7.3089,3.1145,7.0458,10.2081,9.5516,6.2713,7.9983,7.3479,6.7409,4.8608,4.2351,8.8631,9.8846,,,,,,3.6866,4.7337,6.3482,6.9274,3.7243,2.7780,6.1988,7.1022,5.0318,3.8997,3.8673,0.2109,0.0000,,,,,,5.0396,4.3509,5.9237,7.3575,7.8124,6.8877,7.4639,6.8989,5.7803,4.8785,3.6680,1.0222,0.2278,,
74,,,,,,,,,,,,,,,,11.6611,3.5244,4.9374,2.4475,3.8657,5.8982,5.9332,,,,,,,,,,,,,,,,,,7.1015,2.9625,7.4330,10.2216,9.1013,6.3077,8.1911,7.3501,6.7715,4.8878,4.1588,8.8030,9.7742,,,,,,3.4412,4.7261,6.1919,6.7300,3.4968,2.4698,6.1380,7.0020,4.9669,3.8399,3.7492,0.1688,0.0000,,,,,,4.8127,4.2921,5.6981,7.3488,7.6900,7.0454,7.3373,7.0337,5.6458,5.5553,4.8461,0.9681,0.2491,,
75,,,,,,,,,,,,,,,,11.4951,3.6559,4.7902,2.0494,3.7472,5.7395,5.9846,,,,,,,,,,,,,,,,,,6.8278,2.7927,7.7729,10.2551,8.6810,6.2949,8.3506,7.3362,6.7206,4.8365,4.1543,8.7466,9.6769,,,,,,3.1985,4.6506,6.0368,6.5016,3.3003,2.3682,6.0489,7.0303,4.9117,3.7619,3.5729,0.2335,0.0000,,,,,,4.6636,4.1346,5.5056,7.5030,7.5610,7.1995,7.0700,7.1603,5.5639,5.6223,7.2989,1.0064,0.2077,,
76,,,,,,,,,,,,,,,,11.1033,3.8283,4.6670,1.3915,3.7742,5.7529,6.3982,,,,,,,,,,,,,,,,,,6.5382,2.6444,8.1073,10.3533,8.3017,6.3219,8.5010,7.3570,6.6700,4.7967,4.1586,8.6783,9.5699,,,,,,3.0787,4.6179,5.8973,6.1946,3.0597,2.3298,5.9744,6.9926,4.8739,3.6724,3.4053,0.1708,0.0018,,,,,,4.5675,4.0390,5.3571,7.6570,7.4688,7.4014,6.8660,7.2221,5.5907,6.2422,9.8621,1.0775,0.2147,,
77,,,,,,,,,,,,,,,,10.8915,3.9532,4.5726,0.1893,3.6836,5.7952,6.5355,,,,,,,,,,,,,,,,,,6.2216,2.5276,8.5071,10.4798,7.8836,6.3604,8.6537,7.3311,6.6169,4.6889,4.1905,8.6104,9.4722,,,,,,2.8851,4.6223,5.9430,6.0513,2.9482,2.6041,5.8529,7.0233,4.8535,3.6119,3.2548,0.0919,0.0589,,,,,,4.4729,3.9877,5.3075,7.8100,7.4206,7.5447,6.6315,7.3848,5.7420,7.6750,10.5964,1.0779,0.3126,,
78,,,,,,,,,,,,,,,,10.7883,4.0284,4.4916,0.0000,3.7132,6.0013,6.6087,,,,,,,,,,,,,,,,,,5.8499,2.4931,8.8549,10.7336,7.4356,6.5611,8.7290,7.3883,6.6232,4.5778,4.3692,8.5304,9.3817,,,,,,2.9148,4.6990,6.0559,6.0980,2.9093,2.8771,5.8810,7.0570,4.8001,3.6065,3.2266,0.0783,0.0764,,,,,,4.5231,3.9687,5.3339,7.8801,7.3859,7.8535,6.4377,7.5684,5.7907,8.2483,10.5296,1.1298,0.2828,,
79,,,,,,,,,,,,,,,,10.6723,4.1785,4.4430,0.0017,3.6478,6.2899,6.3111,,,,,,,,,,,,,,,,,,5.5571,2.5308,9.0585,11.0884,7.0166,6.7665,8.8492,7.4628,6.7150,4.5244,4.6556,8.4411,9.3459,,,,,,2.8964,4.7406,6.2450,6.1329,2.8480,3.2572,6.0307,7.0606,4.8480,3.5328,3.2026,0.1695,0.1422,,,,,,4.5934,4.0395,5.5104,8.0326,7.4301,8.2739,6.3809,7.7235,5.8440,8.5949,10.8968,1.2228,0.3873,,
80,,,,,,,,,,,,,,,,10.5013,4.2534,4.3693,0.0020,3.7015,6.5848,6.8398,,,,,,,,,,,,,,,,,,5.4033,2.6449,9.1363,11.5144,6.7006,6.9260,8.9283,7.5303,6.8945,4.6379,4.9123,8.3606,9.3057,,,,,,3.0050,4.7975,6.3861,6.3616,2.8764,3.4490,6.3062,7.2060,4.8401,3.5680,2.9947,0.1674,0.3821,,,,,,4.6095,4.1782,5.7427,8.2057,7.6094,8.8536,6.2756,7.8200,6.0036,8.5996,10.2448,1.2929,0.4687,,
81,,,,,,,,,,,,,,,,10.2378,4.3882,4.4793,0.0082,3.7917,6.8413,6.6768,,,,,,,,,,,,,,,,,,5.2639,2.7536,9.1718,11.7794,6.5024,7.1312,8.9184,7.5577,7.0373,4.9736,5.0864,8.2624,9.2873,,,,,,3.1319,4.7562,6.4690,6.6044,2.9826,3.5643,6.6204,7.2967,4.8167,3.6390,2.8026,0.1732,0.1335,,,,,,4.6404,4.3719,6.1253,8.5582,7.9031,9.4654,6.3203,7.7073,6.1634,8.2141,9.6558,1.3005,0.5925,,
82,,,,,,,,,,,,,,,,9.9208,4.4954,4.5040,0.0000,3.9923,7.0307,6.4659,,,,,,,,,,,,,,,,,,5.1231,2.8618,9.2884,11.9859,6.3866,7.3359,8.9005,7.6108,7.1192,5.4438,5.3348,8.1582,9.3264,,,,,,3.3226,4.8206,6.6487,6.8284,3.1051,3.6833,6.8455,7.3692,4.8025,3.8073,1.7271,0.1523,0.3584,,,,,,4.7058,4.6755,6.4428,8.8186,8.2306,9.7572,6.7355,7.5087,6.2865,7.6836,8.1135,1.3157,0.6256,,
83,,,,,,,,,,,,,,,,9.6388,4.6478,4.5387,0.8188,4.3467,7.2038,6.4475,,,,,,,,,,,,,,,,,,5.0042,2.9941,9.4041,12.1331,6.2725,7.5410,8.8556,7.6667,7.3174,5.7520,5.7190,8.0810,9.3231,,,,,,3.4493,4.8298,6.8567,7.0122,3.1915,3.5615,7.0537,7.3783,4.8302,3.9549,0.8930,0.1421,0.4282,,,,,,4.7814,5.1275,6.5655,9.1285,8.4704,9.8223,7.2923,7.3371,6.0285,7.2289,6.3085,1.2687,0.7523,,
84,,,,,,,,,,,,,,,,10.1797,4.8838,4.3966,1.1156,4.6581,7.4177,6.0275,,,,,,,,,,,,,,,,,,4.9992,3.1929,9.6383,12.2205,6.1650,7.7829,8.8383,7.7342,7.6178,6.1940,6.8533,9.2873,9.5632,,,,,,3.5763,4.8857,7.1755,6.7013,3.3091,3.6000,7.2022,7.5023,4.8047,4.0075,1.1174,0.1165,0.3005,,,,,,4.8041,5.3642,6.6430,9.2777,8.6359,10.1764,7.8167,7.3399,6.0751,6.9754,5.3428,2.7204,1.6269,,
85,,,,,,,,,,,,,,,,10.4684,4.4694,4.2207,0.8974,4.9884,7.5782,5.9875,,,,,,,,,,,,,,,,,,5.0003,3.4324,9.8474,12.2933,6.1299,8.0630,8.8321,7.8940,7.6777,6.5547,7.0617,9.5775,9.1328,,,,,,3.7824,4.9363,7.4586,6.5687,3.3491,3.5224,7.3547,7.6215,4.7156,4.0351,0.7249,0.1137,0.1461,,,,,,4.8277,5.5307,6.7308,9.5086,8.8451,10.3209,8.1184,7.2964,6.0256,6.5963,4.5745,3.0212,1.3657,,
86,,,,,,,,,,,,,,,,8.9191,4.5612,4.0585,0.6806,5.2624,7.8585,6.2688,,,,,,,,,,,,,,,,,,5.1630,3.6132,10.1296,12.3028,6.2054,8.2375,8.9248,7.9764,7.7157,7.0435,6.8805,9.8956,9.7501,,,,,,3.8186,5.0326,7.7309,6.2611,3.7508,3.3392,7.2049,7.9020,4.6784,3.9758,0.5702,0.1649,0.1182,,,,,,4.8761,5.7344,6.9300,9.6396,9.0416,10.5237,8.6750,7.2682,5.8004,6.0415,4.2864,3.0770,1.3567,,
87,,,,,,,,,,,,,,,,6.9969,4.8909,3.8126,1.1056,5.5193,7.9199,6.5353,,,,,,,,,,,,,,,,,,5.3659,3.8414,10.4231,12.2550,6.2621,8.5562,8.9517,7.9970,7.7463,7.3323,6.5873,10.1997,10.7796,,,,,,3.9658,5.0524,7.8229,5.8969,4.0142,3.3534,7.2019,7.8857,4.6302,4.0194,0.2393,0.2064,0.1390,,,,,,4.8299,5.7330,7.0317,9.7320,9.2064,10.3836,8.6960,7.2862,5.4837,5.3953,4.0389,2.9374,1.4763,,
88,,,,,,,,,,,,,,,,5.9579,5.0807,3.6197,1.5979,5.7564,8.0133,6.8695,,,,,,,,,,,,,,,,,,5.5226,4.0172,10.5807,12.1908,6.3300,8.7803,9.0009,7.9771,7.8271,7.3881,6.6799,10.0741,11.7082,,,,,,4.0038,5.0476,7.9499,5.5558,3.9882,3.4138,7.1913,7.9656,4.5449,4.0194,0.1875,0.0754,0.2462,,,,,,4.8254,5.7854,7.1948,9.9004,9.3841,10.2618,8.7752,7.2077,5.0744,4.8285,3.5071,2.6019,1.3769,,
89,,,,,,,,,,,,,,,,5.6440,5.3161,3.4436,1.1790,6.1989,8.0410,6.8285,,,,,,,,,,,,,,,,,,5.7078,4.2457,10.7309,12.0929,6.5376,8.9746,9.0095,8.0489,7.9390,7.3089,7.1590,9.8048,11.7404,,,,,,4.2037,5.0368,8.1455,5.2439,3.8673,3.4485,7.1371,8.0018,4.4737,3.9146,0.0253,0.1632,0.1865,,,,,,4.7715,5.9455,7.2019,9.9742,9.5772,10.0331,8.9281,7.0792,4.6531,4.4105,2.9316,2.1454,0.7986,,
90,,,,,,,,,,,,,,,,5.4870,5.6681,3.1949,1.8339,6.6945,8.0158,7.3676,,,,,,,,,,,,,,,,,,5.9246,4.6240,10.8453,12.0007,6.8090,9.0956,9.0260,8.1712,7.9957,7.3557,7.6697,9.6717,10.9374,,,,,,4.2446,5.1204,8.2828,5.0723,4.0675,3.5156,7.2130,8.0077,4.4647,3.9556,0.0023,0.2129,0.2110,,,,,,4.8204,6.0467,7.4010,10.0816,9.7434,9.8424,8.9321,6.9021,4.2950,3.9853,2.7042,1.7908,0.2816,,
91,,,,,,,,,,,,,,,,5.0232,6.0800,2.9748,1.4769,6.6986,8.1281,7.7339,,,,,,,,,,,,,,,,,,6.3371,5.1512,11.0164,11.9417,7.1749,9.1250,9.0451,8.4267,8.0273,7.5239,8.0835,9.7741,10.0971,,,,,,4.3528,5.2359,8.8677,4.9552,4.0553,3.5828,7.4396,8.1196,4.5062,4.0591,0.0240,0.1872,0.3004,,,,,,4.9856,6.2125,7.5130,10.1460,9.9625,9.8152,8.8919,6.7622,4.1407,3.6323,2.4879,1.7012,0.4549,,
92,,,,,,,,,,,,,,,,4.8513,6.3142,2.7300,1.6266,6.6953,8.2026,7.8257,,,,,,,,,,,,,,,,,,6.7318,5.6779,11.1481,11.8620,7.4872,9.2220,9.0868,8.6675,8.0842,7.7137,8.3625,10.0525,9.0733,,,,,,4.5820,5.3085,9.2314,4.8703,3.8935,3.6619,7.5443,8.0439,4.4345,3.9857,0.0827,0.1319,0.2402,,,,,,5.1164,6.2351,7.6328,10.2450,10.1504,9.7743,8.7790,6.6764,3.9519,3.3471,2.1276,1.7996,0.8028,,
93,,,,,,,,,,,,,,,,4.7913,6.4653,2.5135,1.2851,6.7740,8.2247,7.7463,,,,,,,,,,,,,,,,,,7.1054,6.2186,11.3209,11.7887,7.7451,9.3583,9.0934,8.8772,8.2341,7.7111,8.6069,10.0529,8.5158,,,,,,4.7275,5.4477,9.4339,4.9735,5.0631,3.9982,7.7919,8.0337,4.4657,3.8566,0.1437,0.1471,0.2134,,,,,,5.3412,6.2686,7.7104,10.3805,10.3967,9.6876,8.5992,6.6153,3.6401,3.1950,1.7050,1.8586,0.7348,,
94,,,,,,,,,,,,,,,,4.8848,6.6102,2.4167,1.3532,7.0026,8.2926,8.1636,,,,,,,,,,,,,,,,,,7.4996,6.8055,11.4562,11.7442,7.9597,9.5256,9.0994,9.0549,8.4934,7.4921,8.9230,9.8079,7.9661,,,,,,4.7238,5.5345,9.4716,5.0768,5.4561,4.0968,7.9900,8.0297,4.5362,3.9306,0.1071,0.1065,0.2579,,,,,,5.5082,6.2755,7.9808,10.4637,10.6723,9.5942,8.4630,6.5469,3.3537,3.1414,1.2971,1.9464,0.3510,,
95,,,,,,,,,,,,,,,,4.9769,6.6398,2.3750,1.4456,7.1165,8.3102,8.3828,,,,,,,,,,,,,,,,,,7.9132,7.3792,11.5472,11.6633,8.0947,9.6689,9.0815,9.3042,8.7076,7.1028,9.1506,9.6670,7.5329,,,,,,4.9200,5.6632,9.5147,5.4053,5.7227,4.2204,8.2490,7.9882,4.5909,3.9260,0.0691,0.0535,0.2470,,,,,,5.6319,6.2834,8.2385,10.4525,10.9979,9.4853,8.2255,6.3992,3.1532,3.0019,0.9914,1.8807,0.1102,,
96,,,,,,,,,,,,,,,,4.9356,6.6533,2.3564,0.8249,7.4764,8.2499,8.3352,,,,,,,,,,,,,,,,,,8.5467,7.6869,11.8013,11.7312,8.2896,9.7458,9.1503,9.5376,8.8596,6.9710,9.0632,9.7149,7.3206,,,,,,5.2501,5.8218,9.4838,5.7895,5.8515,4.3861,8.4216,7.9298,4.5235,4.0203,0.1945,0.0425,0.3997,,,,,,5.8316,6.3768,8.4987,10.4720,11.2540,9.4800,7.9703,6.2536,3.0241,2.9147,0.7890,1.7711,0.0138,,
97,,,,,,,,,,,,,,,,4.8881,6.7013,2.2868,2.5063,7.5008,8.2470,8.0724,,,,,,,,,,,,,,,,,,9.0954,8.1020,11.9870,11.7605,8.5579,9.8328,9.2699,9.8691,8.9301,7.0419,8.9230,9.6440,7.2002,,,,,,5.6179,5.8793,9.5239,6.2485,5.9482,4.5085,8.7406,7.8646,4.5530,4.0989,0.0588,0.0110,0.4158,,,,,,6.0456,6.4227,8.7879,10.5183,11.5475,9.4428,7.7038,6.1245,2.9904,2.7283,0.5881,1.6218,0.0050,,
98,,,,,,,,,,,,,,,,4.9136,6.7787,2.1285,1.6796,7.4749,8.4097,7.7567,,,,,,,,,,,,,,,,,,9.4483,8.4772,12.1738,11.8181,8.7594,9.8969,9.4163,10.1568,8.8696,7.2775,8.6930,9.5312,7.0553,,,,,,5.6716,5.8593,9.6994,6.5132,5.6321,4.5559,8.9616,7.8058,4.6558,4.1343,0.0933,0.0256,0.4815,,,,,,6.2109,6.3719,9.0496,10.5643,11.7448,9.3016,7.4780,5.9946,3.0135,2.5580,0.4613,1.5307,0.0248,,
99,,,,,,,,,,,,,,,,4.8467,6.7084,1.9770,2.2801,7.5126,8.6314,7.2470,,,,,,,,,,,,,,,,,,9.4546,8.8085,12.2374,11.7343,8.8382,9.9275,9.5344,10.2823,8.7003,7.4723,8.6078,9.2296,6.8920,,,,,,5.3822,5.7674,9.9784,6.5218,5.3492,4.7516,9.0565,7.6347,4.5569,4.1616,0.0939,0.1251,0.6766,,,,,,6.1770,6.2672,9.1784,10.6728,11.8813,9.2355,7.2523,5.8477,3.1054,2.3937,0.3442,1.5362,0.0063,,
100,,,,,,,,,,,,,,,,4.8239,6.6598,1.8358,2.4029,7.4834,8.7845,7.1170,,,,,,,,,,,,,,,,,,9.1828,9.1136,12.3048,11.6229,8.8519,9.8677,9.6503,10.2493,8.5442,7.6415,8.5374,8.7797,6.8355,,,,,,5.3676,5.4969,9.9956,6.2153,5.0825,4.8171,9.1106,7.4628,4.4605,4.0822,0.0917,0.1596,0.5381,,,,,,5.9916,6.1500,9.1019,10.6654,11.9703,8.9675,7.0310,5.6869,3.1759,2.2665,0.2323,1.5660,0.0232,,
101,,,,,,,,,,,,,,,,4.7673,6.5713,1.7265,2.3516,8.4570,8.9810,7.2709,,,,,,,,,,,,,,,,,,9.2207,9.0420,12.3876,11.7139,8.8459,9.7536,9.7111,10.0992,8.4342,7.7143,8.6307,8.3845,6.5963,,,,,,5.7419,5.1096,9.8840,6.0631,4.7035,4.9902,9.0954,7.2105,4.4068,4.0277,0.1881,0.0744,0.6249,,,,,,5.9496,6.0769,9.1480,10.6682,12.1359,8.7372,6.8866,5.5003,3.1525,2.2992,0.1694,1.6764,0.0293,,
102,,,,,,,,,,,,,,,,4.6796,6.4692,1.5983,2.6908,9.9440,9.1247,8.7286,,,,,,,,,,,,,,,,,,9.3423,8.8589,12.5970,11.7745,8.7882,9.6308,9.6798,9.9166,8.2780,7.6901,8.5605,8.0767,6.3556,,,,,,5.7570,4.7132,9.7491,5.6699,4.4207,5.0053,9.0189,7.0115,4.3455,3.8832,0.1473,0.1756,0.6003,,,,,,5.7513,6.0151,9.0865,10.6419,12.1968,8.3911,6.7127,5.3049,3.1576,2.2918,0.0980,1.7101,0.0141,,
103,,,,,,,,,,,,,,,,4.5776,6.3769,1.4892,1.9489,10.7314,9.3273,9.5040,,,,,,,,,,,,,,,,,,9.8846,8.8747,12.8414,11.9175,8.8634,9.5344,9.6493,9.8041,8.1694,7.6403,8.4432,7.9625,5.9994,,,,,,5.4294,4.2902,9.7242,5.2788,4.3474,4.9039,9.0521,6.9462,4.2287,3.8074,0.0340,0.2526,0.7424,,,,,,5.6328,6.0582,9.1305,10.5845,12.2804,8.1351,6.6877,5.0707,3.1382,2.2745,0.0568,1.7931,0.0419,,
104,,,,,,,,,,,,,,,,4.5315,6.2144,1.3655,2.0105,10.0610,9.4717,9.3573,,,,,,,,,,,,,,,,,,10.4105,8.9713,13.0997,12.0837,8.9765,9.4369,9.5791,9.7627,7.9873,7.5962,8.2889,7.9617,5.6186,,,,,,5.0549,3.9098,9.8516,4.7882,4.3593,4.9172,9.1041,6.9265,4.2547,3.8505,0.1394,0.1080,0.5810,,,,,,5.6021,6.1932,9.0948,10.5861,12.4858,8.0444,6.5781,4.9474,3.1485,2.2506,0.0638,1.9001,0.0157,,
105,,,,,,,,,,,,,,,,4.4204,6.0299,1.2759,1.9432,8.9784,9.6537,9.2298,,,,,,,,,,,,,,,,,,10.7924,9.1105,13.3092,12.3497,9.1452,9.3896,9.5011,9.7814,7.7730,7.5320,8.1401,7.8945,5.3388,,,,,,5.2224,3.7273,9.6440,4.3692,4.6212,4.7716,9.2639,6.9003,4.3452,3.8108,0.1658,0.0951,0.8394,,,,,,5.7129,6.4511,9.1808,10.6142,12.6972,7.6415,6.4895,4.9980,3.0733,2.2090,0.0447,1.9289,0.0201,,
106,,,,,,,,,,,,,,,,4.4188,5.8362,1.1963,2.6564,7.7637,9.8395,9.3219,,,,,,,,,,,,,,,,,,11.1010,9.6441,13.5875,12.7377,9.3581,9.4655,9.5162,9.9535,7.6483,7.5537,8.1716,7.6893,5.1062,,,,,,5.7242,3.7111,9.3785,4.4451,4.8507,4.7317,9.7390,6.9211,4.3402,3.8748,0.2219,0.1583,0.6025,,,,,,6.0916,6.7647,9.4109,10.8419,13.0582,7.4424,6.4414,5.1642,3.0649,2.2269,0.0454,2.0486,0.0135,,
107,,,,,,,,,,,,,,,,4.5742,5.6337,1.1200,1.9508,6.9768,9.8108,9.8553,,,,,,,,,,,,,,,,,,11.4530,10.1601,13.8899,13.1143,9.5341,9.5264,9.5732,10.1393,7.5931,7.5186,8.2911,7.4212,4.9202,,,,,,6.1117,3.9581,8.8597,4.8383,5.0464,4.8674,10.0307,6.9323,4.4575,4.0301,0.1084,0.1372,0.6163,,,,,,6.3780,6.9614,9.5711,11.0308,13.3903,7.4474,6.3965,5.3424,3.0501,2.2548,0.0813,2.0756,0.0510,,
108,,,,,,,,,,,,,,,,4.7021,5.3851,1.0374,2.1458,6.5131,9.5187,9.8316,,,,,,,,,,,,,,,,,,11.7372,10.5596,14.1737,13.4487,9.6546,9.5678,9.5831,10.2194,7.4863,7.4076,8.2987,7.1562,4.7914,,,,,,6.1606,4.1841,8.2783,5.2349,5.0822,4.8627,10.1255,6.8906,4.4273,3.9575,0.1557,0.0645,0.7569,,,,,,6.6191,7.1309,9.6101,11.2382,13.5714,7.1002,6.2737,5.4507,2.9915,2.2126,0.0438,2.0318,0.0606,,
109,,,,,,,,,,,,,,,,4.7460,5.1709,0.6965,1.9572,6.3496,8.7732,10.1812,,,,,,,,,,,,,,,,,,11.9629,11.0966,14.3601,13.7060,9.6662,9.5550,9.5547,10.1937,7.3985,7.2229,8.1833,6.9432,4.6687,,,,,,6.0989,4.2209,7.7212,5.2277,5.2072,4.8028,10.0487,6.7761,4.4099,3.9795,0.0795,0.0803,0.7322,,,,,,6.6326,7.6035,9.5366,11.3954,13.6553,6.9578,6.1479,5.4901,2.9132,2.1699,0.0699,2.0906,0.0822,,
110,,,,,,,,,,,,,,,,4.7598,4.9322,0.6081,0.9106,5.9508,8.0322,9.9103,,,,,,,,,,,,,,,,,,12.0139,11.7557,14.4181,13.9496,9.6474,9.4957,9.5259,10.0833,7.4011,6.9732,7.9918,6.7729,4.5213,,,,,,5.9291,4.2096,7.0973,5.8326,5.2250,4.7945,9.9611,6.6485,4.2376,4.0144,0.1637,0.1318,0.8348,,,,,,6.6196,7.6692,9.3905,11.4626,13.6237,6.7689,5.9596,5.4970,2.8386,2.1274,0.0457,2.0542,0.1259,,
111,,,,,,,,,,,,,,,,4.6689,4.5973,0.4137,1.5412,5.5141,7.4869,9.2553,,,,,,,,,,,,,,,,,,11.9815,11.8646,14.4412,14.0423,9.6127,9.4851,9.5381,9.9253,7.2861,6.6443,7.5305,6.5562,4.5019,,,,,,5.6362,4.0053,6.7778,6.4090,5.1744,4.8151,9.7042,6.4034,4.1109,4.0063,0.2278,0.1324,0.8254,,,,,,6.3251,7.5432,9.2226,11.5574,13.3947,6.3077,5.8140,5.5691,2.8844,2.0625,0.0777,1.9509,0.2421,,
112,,,,,,,,,,,,,,,,4.3658,4.2949,0.3259,1.2013,5.2208,6.6424,8.3732,,,,,,,,,,,,,,,,,,12.1098,11.6792,14.4145,13.8478,9.5227,9.4175,9.4638,9.6355,7.1860,6.3618,7.0151,6.4420,4.5628,,,,,,5.2797,3.7758,6.3743,6.8531,5.2118,4.6384,9.3945,6.2088,3.9096,4.1197,0.1489,0.1704,0.8525,,,,,,6.1581,7.2916,9.0069,11.6131,13.1534,5.8052,5.5878,5.3845,2.7772,1.9806,0.0653,1.8648,0.2784,,
113,,,,,,,,,,,,,,,,4.0697,3.9489,0.2619,1.2031,4.9806,5.8252,7.1529,,,,,,,,,,,,,,,,,,12.2576,11.2014,14.2355,13.4651,9.3656,9.3149,9.3135,9.2372,6.9405,6.1250,6.4475,6.2999,4.5865,,,,,,4.8012,3.4424,6.0744,7.1331,5.1703,4.4885,9.1256,5.9349,3.7031,4.1208,0.1645,0.1529,1.0078,,,,,,6.0712,7.2101,8.6313,11.5559,12.6494,5.1716,5.4082,5.1687,2.5856,1.9037,0.0478,1.7988,0.2667,,
114,,,,,,,,,,,,,,,,3.7520,3.6616,0.2572,1.1474,4.6729,5.0961,5.7411,,,,,,,,,,,,,,,,,,12.1648,10.6123,13.9410,12.8460,9.1455,9.1109,8.9564,8.8095,6.4337,5.8787,5.9660,6.0857,4.5689,,,,,,4.1900,3.0872,5.7426,7.5697,5.0794,4.3546,8.6861,5.6569,3.5269,4.0442,0.1728,0.1381,0.8016,,,,,,5.5117,6.7981,8.2322,11.3196,11.9621,4.6750,5.1435,4.9700,2.4089,1.7482,0.0456,1.6115,0.4419,,
115,,,,,,,,,,,,,,,,3.3821,3.3910,0.2619,1.2297,4.2816,4.4576,4.4161,,,,,,,,,,,,,,,,,,11.8725,9.9675,13.4772,11.9391,8.8758,8.9112,8.4043,8.3514,5.7746,5.5307,5.5736,5.7936,4.5026,,,,,,3.6110,2.7785,5.5753,8.0426,4.8539,4.1440,8.0647,5.4385,3.3958,4.0629,0.0308,0.1390,0.9664,,,,,,4.8446,6.2632,7.9166,10.9005,11.1970,4.0877,4.8083,4.7625,2.2517,1.6328,0.0618,1.3838,0.8772,,
116,,,,,,,,,,,,,,,,3.2744,3.1316,0.2844,1.3538,4.1642,3.9125,3.7924,,,,,,,,,,,,,,,,,,11.3287,9.5382,12.9181,10.8569,8.5922,8.6344,7.7715,7.8905,5.1057,5.1154,5.2416,5.3986,4.4396,,,,,,2.9920,2.4715,5.3210,8.4024,4.6494,4.2454,7.4623,5.2039,3.1869,3.9208,0.0999,0.2727,1.0101,,,,,,4.1305,5.5937,7.5397,10.3909,10.4093,3.5564,4.4358,4.6547,2.1192,1.5047,0.0462,1.1395,1.0409,,
117,,,,,,,,,,,,,,,,3.2906,2.8782,0.2770,1.8403,4.0020,3.4767,3.3668,,,,,,,,,,,,,,,,,,10.5481,9.4182,12.1768,9.6233,8.2407,8.3816,7.0814,7.3731,4.4542,4.7859,4.8911,5.0585,4.2519,,,,,,2.3399,2.1660,5.2334,8.8351,4.2581,4.2914,6.9474,5.0536,3.2034,3.8645,0.1715,0.3014,0.9510,,,,,,3.4516,5.2049,7.1024,9.8486,9.7169,3.0638,4.0680,4.5388,2.0924,1.4122,0.0472,0.9016,1.5043,,
118,,,,,,,,,,,,,,,,3.3249,2.6821,0.2594,3.4399,3.7627,3.0715,3.1929,,,,,,,,,,,,,,,,,,9.6007,9.6778,11.3558,8.3701,7.9365,8.1228,6.4133,6.7905,3.8923,4.4972,4.5134,4.7391,3.9611,,,,,,1.8024,1.8631,5.1709,8.9148,3.8867,4.2844,6.5612,4.8589,3.1079,3.8212,0.0949,0.1031,0.9944,,,,,,2.9211,4.8282,6.8775,9.2700,9.0971,2.6016,3.7431,4.4513,2.1902,1.4367,0.0328,0.7629,1.5429,,
119,,,,,,,,,,,,,,,,3.5473,2.4516,0.2449,2.3842,3.6708,2.6251,3.6657,,,,,,,,,,,,,,,,,,8.7199,10.1134,10.3338,7.2128,7.7276,7.8437,5.8338,6.1753,3.4586,4.1891,4.0918,4.5044,3.6468,,,,,,1.3320,1.5681,5.0355,8.9367,3.5982,4.5590,6.3189,4.7271,3.1763,3.3803,0.1003,0.4116,1.0399,,,,,,2.3486,4.4961,6.6381,8.7598,8.4650,2.1771,3.4544,4.4021,2.4475,1.7005,0.0494,0.6898,1.7870,,
120,,,,,,,,,,,,,,,,3.7483,2.2607,0.2532,2.0337,3.6321,2.2353,2.0972,,,,,,,,,,,,,,,,,,7.9317,10.5322,9.4207,6.2535,7.5860,7.5225,5.3858,5.6135,3.1820,3.8051,3.7457,4.3352,3.3668,,,,,,0.9620,1.2921,4.9841,8.8128,3.3345,4.6393,6.1293,4.7020,3.2650,2.8774,0.1667,0.3438,1.1447,,,,,,1.8990,4.3720,6.4192,8.3945,7.8374,1.8119,3.1727,4.2994,2.7640,1.9691,0.0270,0.7410,2.3331,,
121,,,,,,,,,,,,,,,,3.5219,2.1763,0.3054,2.0586,3.4920,2.0976,2.0317,,,,,,,,,,,,,,,,,,6.6636,11.4421,9.2528,5.9111,7.6548,7.3857,5.3978,5.1723,3.2818,3.3564,3.7320,4.2393,3.1821,,,,,,0.8760,1.1756,4.7222,8.7608,3.4238,4.6838,6.2717,4.6915,3.4706,2.4400,0.0535,0.4895,1.3029,,,,,,2.2587,5.0151,6.4789,8.4649,7.3605,1.5066,2.9822,4.3366,3.1932,2.0945,0.0828,0.6865,2.6351,,
122,,,,,,,,,,,,,,,,3.4747,2.0468,0.2589,2.5490,3.4756,1.8547,2.4775,,,,,,,,,,,,,,,,,,4.8035,12.6227,9.8790,6.4378,7.8889,7.5473,5.7104,4.9852,3.7196,2.8436,3.8895,4.2595,3.0614,,,,,,0.9394,1.0245,4.4200,8.7247,3.3541,4.7856,6.5753,4.7452,3.4714,1.9889,0.0981,0.6714,1.6161,,,,,,2.6978,4.9002,6.7769,8.9919,7.1983,1.2960,2.9423,4.4366,3.3772,2.0929,0.1386,0.5952,2.7791,,
123,,,,,,,,,,,,,,,,3.3396,1.8251,0.2444,2.8056,3.3213,1.5731,2.0946,,,,,,,,,,,,,,,,,,3.6856,12.8218,10.0641,6.7715,7.9169,7.5295,5.7219,4.6385,3.8253,2.5285,3.8521,4.0561,3.0344,,,,,,0.9282,0.9101,4.0232,8.6844,3.2771,4.8164,6.3726,4.6773,3.5435,1.5873,0.0687,0.6859,1.8757,,,,,,3.0308,4.7447,6.8905,9.1357,6.7657,1.1699,2.8342,4.4526,3.3557,2.0095,0.1607,0.4913,2.6600,,
124,,,,,,,,,,,,,,,,3.0999,1.6002,0.1539,4.4877,3.0561,1.3176,1.5844,,,,,,,,,,,,,,,,,,3.1676,11.9174,9.8462,7.0001,7.5179,7.3671,5.5849,4.1179,3.6355,2.4080,3.6501,3.7427,3.1205,,,,,,0.8255,0.8347,3.9548,8.2712,3.1982,4.7421,5.7651,4.4960,3.4546,1.2156,0.0475,0.5676,2.2006,,,,,,3.5044,4.3202,6.8666,8.9226,6.1439,1.0604,2.6381,4.3760,3.2249,1.8833,0.1974,0.3504,2.5498,,
125,,,,,,,,,,,,,,,,2.7803,1.3393,0.0498,1.9828,2.5681,1.0509,1.3953,,,,,,,,,,,,,,,,,,2.9363,9.9296,9.3415,6.9285,6.8941,6.8596,5.3206,3.5054,3.3162,2.2695,3.3798,3.4064,3.0145,,,,,,0.7389,0.8076,3.7577,7.5232,3.0054,4.3960,5.1065,4.1549,3.3673,0.9174,0.0079,0.4783,2.3411,,,,,,4.3132,3.7566,6.5897,8.4096,5.3083,0.9643,2.3532,4.1693,2.9388,1.6044,0.2252,0.2024,2.2285,,
126,,,,,,,,,,,,,,,,2.5221,1.0349,0.0338,1.4315,2.0628,0.8167,0.8389,,,,,,,,,,,,,,,,,,2.3983,7.4966,8.3867,6.2898,6.0216,5.9469,4.7226,2.9654,2.9608,2.1122,3.0426,3.0306,2.6419,,,,,,0.6486,0.7487,3.5484,6.1994,2.7874,3.9927,4.2375,3.6444,3.0042,0.6847,0.0093,0.5632,2.3722,,,,,,5.0584,3.1654,5.8542,7.3384,4.2519,0.9156,2.0054,3.7702,2.5747,1.2260,0.1478,0.1063,1.6175,,
127,,,,,,,,,,,,,,,,2.3444,0.7797,0.0507,1.5004,1.6163,0.6414,0.6370,,,,,,,,,,,,,,,,,,1.8816,5.9969,7.0750,5.5264,5.3212,5.1608,4.1894,2.6275,2.5269,1.9096,2.6656,2.6435,2.3176,,,,,,0.5352,0.6563,3.4116,5.3535,2.5607,3.5450,3.4819,3.1648,2.5779,0.5038,0.0191,0.5878,2.2339,,,,,,4.7639,2.5674,5.3953,6.3198,3.4771,0.8052,1.7128,3.4873,2.1360,0.8558,0.1178,0.0657,1.1931,,
128,,,,,,,,,,,,,,,,2.2398,0.5828,0.4499,1.3613,1.3129,0.5038,0.3400,,,,,,,,,,,,,,,,,,1.5736,4.8728,5.9147,4.8171,4.7899,4.5602,3.7206,2.3836,2.1617,1.7777,2.3779,2.3335,2.0613,,,,,,0.4029,0.5510,3.2532,4.5766,2.3930,3.2206,2.9048,2.7764,2.4193,0.3600,0.0180,0.4863,2.2009,,,,,,4.5435,2.0826,4.9164,5.5446,2.8941,0.7065,1.4785,3.2394,1.7732,0.5995,0.0751,0.0240,0.9171,,
129,,,,,,,,,,,,,,,,2.1488,0.4768,0.7962,0.9767,1.0606,0.4051,0.2755,,,,,,,,,,,,,,,,,,1.1456,4.1798,4.9504,4.2426,4.3654,4.1522,3.3214,2.2114,1.8967,1.6541,2.1399,2.0929,1.7956,,,,,,0.3320,0.4569,3.2027,3.8731,2.3021,2.9603,2.4411,2.4642,2.3227,0.2515,0.0115,0.5386,2.1668,,,,,,4.3620,1.7214,4.4110,5.0004,2.4376,0.6434,1.2953,3.0539,1.4966,0.4872,0.0510,0.0126,0.5934,,
130,,,,,,,,,,,,,,,,2.0470,0.6854,0.4206,0.6507,0.8900,0.3245,0.2685,,,,,,,,,,,,,,,,,,0.7899,3.8051,4.2835,3.8640,4.0899,3.8271,3.0748,2.0226,1.7563,1.5796,1.9309,1.8934,1.6409,,,,,,0.2920,0.4337,3.1735,3.2052,2.2441,2.7954,2.0755,2.2169,2.2619,0.1485,0.0136,0.5792,2.2462,,,,,,4.4262,1.7359,4.1263,4.5093,2.1150,0.6034,1.1653,2.9332,1.3311,0.4841,0.0464,0.0251,0.5190,,
131,,,,,,,,,,,,,,,,1.9084,0.7968,0.2737,0.3534,0.7243,0.2649,0.0982,,,,,,,,,,,,,,,,,,0.5008,3.6138,3.5160,3.3768,3.7534,3.4725,2.8696,1.8834,1.6125,1.5407,1.8302,1.7401,1.4898,,,,,,0.2609,0.3926,3.1633,2.6778,2.2041,2.6431,1.8941,1.9945,2.1453,0.1246,0.0045,0.5750,2.3177,,,,,,4.6004,1.5700,3.9747,3.9202,1.8139,0.5821,1.0795,2.7828,1.3206,0.6541,0.3169,0.0132,0.5032,,
132,,,,,,,,,,,,,,,,1.8011,0.7908,0.2727,0.2491,0.6533,0.2215,0.2085,,,,,,,,,,,,,,,,,,0.2602,3.3025,3.1757,3.1625,3.5115,3.2287,2.7023,1.8421,1.4835,1.4979,1.6900,1.5951,1.3388,,,,,,0.2662,0.3254,3.0792,2.4257,2.1609,2.6129,1.8173,1.9470,2.0866,0.0893,0.0071,0.5743,2.5495,,,,,,4.6708,1.4638,3.8944,3.5652,1.6219,0.5702,1.0084,2.6398,1.3350,0.7991,0.5311,0.0279,0.6498,,
133,,,,,,,,,,,,,,,,1.8832,0.8045,0.1733,0.2170,0.6142,0.2193,0.2187,,,,,,,,,,,,,,,,,,0.1294,2.6988,3.5373,3.4890,3.5809,3.2632,2.6461,1.8056,1.4656,1.5097,1.6347,1.5635,1.3956,,,,,,0.3214,0.3291,3.0305,2.4693,2.2031,2.7182,1.8419,1.9847,2.1376,0.0757,0.0203,0.5755,3.4617,,,,,,4.8458,1.3752,4.1556,3.6532,1.6557,0.5568,0.9822,2.7192,1.3986,0.8746,0.7304,0.0311,0.7348,,
134,,,,,,,,,,,,,,,,1.8044,0.8305,0.0847,0.2245,0.6261,0.2309,0.2115,,,,,,,,,,,,,,,,,,0.0413,2.4084,3.6624,3.8317,3.6918,3.3496,2.5489,1.7913,1.4495,1.5135,1.5891,1.5291,1.4073,,,,,,0.3511,0.3317,3.0234,2.5683,2.2226,2.8354,1.8593,2.0295,2.0959,0.0589,0.0140,0.5932,3.4981,,,,,,4.7806,1.4256,4.4338,3.7194,1.6994,0.5401,0.9540,2.8702,1.5072,0.9943,0.7869,0.0377,0.7310,,
135,,,,,,,,,,,,,,,,1.6781,0.8234,0.0454,0.2830,0.5501,0.2294,0.2032,,,,,,,,,,,,,,,,,,0.0022,2.0467,3.7085,3.8642,3.5935,3.2840,2.3636,1.6928,1.4116,1.4593,1.4899,1.4499,1.3654,,,,,,0.3384,0.3120,3.0229,2.4675,2.2401,2.7980,1.8551,1.9969,2.0288,0.0485,0.0137,0.6371,3.3151,,,,,,4.6574,1.4159,4.3813,3.3970,1.5976,0.5176,0.9047,2.9033,1.5535,0.9605,0.8188,0.0454,0.6598,,
136,,,,,,,,,,,,,,,,1.4900,0.7613,0.0667,0.2651,0.5048,0.1948,0.1746,,,,,,,,,,,,,,,,,,0.0000,1.4685,3.7678,3.5049,3.3044,3.0668,2.1877,1.5227,1.3069,1.3501,1.3426,1.3336,1.3447,,,,,,0.3322,0.2705,2.8904,2.3443,2.1961,2.4544,2.0677,1.8861,1.9105,0.0418,0.0036,0.6785,2.7235,,,,,,4.4127,1.2645,3.9003,2.8836,1.4194,0.4894,0.8432,2.7146,1.5260,0.8069,0.7601,0.0478,0.5392,,
137,,,,,,,,,,,,,,,,1.2556,0.6812,0.0814,0.2495,0.4763,0.1489,0.1769,,,,,,,,,,,,,,,,,,0.0001,1.0116,3.4923,3.0131,2.9293,2.7207,1.9602,1.3011,1.1598,1.1968,1.1498,1.1372,1.0762,,,,,,0.2793,0.1813,2.6158,2.1813,2.0757,2.1024,1.9159,1.7987,1.7143,0.0263,0.0089,0.6741,1.9162,,,,,,4.0402,1.0730,3.1079,2.2323,1.2450,0.4638,0.7942,2.3019,1.1698,0.5768,0.5702,0.0511,0.3441,,
138,,,,,,,,,,,,,,,,0.9851,0.5949,0.0777,0.3776,0.4830,0.1041,0.1973,,,,,,,,,,,,,,,,,,0.0007,0.6675,3.0314,2.6671,2.5622,2.3242,1.7208,1.1041,1.0227,1.0508,0.9670,0.9624,0.8243,,,,,,0.2610,0.1565,2.3293,2.0550,2.0250,1.7890,1.7342,1.6969,1.4964,0.0196,0.0137,0.6512,1.0992,,,,,,3.7106,0.8937,2.3774,1.7074,1.0110,0.4383,0.7981,1.8127,0.7541,0.3417,0.3050,0.0484,0.1836,,
139,,,,,,,,,,,,,,,,0.7407,0.5290,0.0708,0.4498,0.5078,0.0790,0.2386,,,,,,,,,,,,,,,,,,0.0002,0.5513,2.6990,2.2907,2.2170,2.0673,1.5311,0.9527,0.9165,0.9403,0.8114,0.8437,0.7065,,,,,,0.2640,0.1482,2.1810,1.9231,1.9738,1.5236,1.5432,1.6353,1.3681,0.0121,0.0091,0.6591,0.8083,,,,,,3.4286,0.8618,1.8181,1.4177,0.7647,0.4083,0.8597,1.4017,0.5339,0.1410,0.1478,0.0280,0.0792,,
140,,,,,,,,,,,,,,,,0.6089,0.4968,0.0650,0.4562,0.5654,0.0369,0.2648,,,,,,,,,,,,,,,,,,0.0000,0.4301,2.5497,2.0839,2.0243,1.9398,1.4148,0.8667,0.8541,0.8713,0.7173,0.8022,0.6792,,,,,,0.2959,0.0842,2.0526,1.8969,2.0037,1.3240,1.4587,1.6334,1.2961,0.0100,0.0162,0.6984,0.7485,,,,,,3.4639,0.9396,1.4974,1.2166,0.6104,0.3923,0.9376,1.1690,0.4473,0.0865,0.0888,0.0195,0.0607,,
141,,,,,,,,,,,,,,,,0.6658,0.4369,0.0565,0.4986,0.9316,0.0125,0.2812,,,,,,,,,,,,,,,,,,0.0000,0.3219,2.3725,2.1470,1.9867,1.9248,1.3505,0.8289,0.8271,0.8411,0.6797,0.7940,0.6975,,,,,,0.3463,0.1014,1.9582,1.9175,2.0479,1.3243,1.4751,1.6309,1.3290,0.0136,0.0119,0.6119,0.6955,,,,,,3.4699,0.9541,1.3931,1.1699,0.5757,0.3759,0.9644,1.1048,0.4188,0.0920,0.0927,0.0265,0.0614,,
142,,,,,,,,,,,,,,,,0.7167,0.4235,0.0574,0.6562,0.8888,0.0098,0.0820,,,,,,,,,,,,,,,,,,0.0000,0.2511,2.1457,2.3709,2.0660,1.9806,1.3199,0.8209,0.8256,0.8345,0.6736,0.8024,0.7525,,,,,,0.4228,0.1251,1.9587,1.9205,2.1426,1.3085,1.4595,1.6853,1.3927,0.0181,0.0317,0.6411,0.6412,,,,,,3.4144,0.9599,1.4403,1.1070,0.5888,0.3724,0.9413,1.1778,0.4146,0.1271,0.0999,0.0427,0.0648,,
143,,,,,,,,,,,,,,,,0.7706,0.4163,0.0534,0.8605,0.8302,0.0048,0.0281,,,,,,,,,,,,,,,,,,0.0000,0.1958,1.9233,2.5340,2.1190,2.0185,1.2842,0.8089,0.8225,0.8198,0.6642,0.8008,0.8083,,,,,,0.4251,0.0489,1.9073,1.8831,2.2299,1.2822,1.4431,1.6921,1.4226,0.0246,0.0227,0.6112,0.5556,,,,,,3.2961,0.9252,1.4339,1.0372,0.6098,0.3771,0.9182,1.1997,0.3775,0.1199,0.0903,0.0387,0.0612,,
144,,,,,,,,,,,,,,,,0.8303,0.4195,0.0378,0.9278,0.7806,0.0019,0.0248,,,,,,,,,,,,,,,,,,0.0000,0.1460,1.7268,2.6715,2.1987,2.0516,1.2504,0.7986,0.8183,0.8061,0.6553,0.7953,0.8776,,,,,,0.4529,0.0969,1.8560,1.8523,2.3056,1.2803,1.4649,1.6910,1.4395,0.0379,0.0320,0.6057,0.4907,,,,,,3.1419,0.8805,1.4869,0.9701,0.6344,0.3827,0.9071,1.1982,0.3470,0.1276,0.0944,0.0422,0.0669,,
145,,,,,,,,,,,,,,,,0.8650,0.4178,0.0211,1.0222,0.7264,0.0007,0.0142,,,,,,,,,,,,,,,,,,0.0000,0.1050,1.5306,2.7467,2.2563,2.0685,1.2001,0.7768,0.8013,0.7841,0.6403,0.7743,0.9413,,,,,,0.4277,0.0632,1.8475,1.7736,2.3373,1.2176,1.4326,1.6788,1.4651,0.0518,0.0293,0.6280,0.4337,,,,,,3.0271,0.8619,1.4831,0.8924,0.6478,0.3979,0.8868,1.1800,0.3358,0.1220,0.0997,0.0427,0.0733,,
146,,,,,,,,,,,,,,,,0.8946,0.4134,0.0117,1.0343,0.6712,0.0008,0.0009,,,,,,,,,,,,,,,,,,0.0000,0.0736,1.3491,2.7473,2.2806,2.0591,1.1442,0.7479,0.7711,0.7595,0.6219,0.7439,0.9745,,,,,,0.3794,0.1215,1.7988,1.6369,2.3131,1.1636,1.4200,1.6385,1.4481,0.0589,0.0416,0.5749,0.3923,,,,,,2.8641,0.8180,1.4647,0.8277,0.6375,0.4177,0.8664,1.1372,0.3188,0.1056,0.1021,0.0307,0.0776,,
147,,,,,,,,,,,,,,,,0.9084,0.3969,0.0070,1.0455,0.6166,0.0560,0.0000,,,,,,,,,,,,,,,,,,0.0000,0.0489,1.2177,2.6344,2.2249,2.0078,1.0754,0.7114,0.7262,0.7222,0.6093,0.7077,0.9595,,,,,,0.3401,0.0952,1.6960,1.5092,2.2292,1.0455,1.3565,1.5862,1.3910,0.0646,0.0463,0.6019,0.3632,,,,,,2.5691,0.7463,1.3196,0.7311,0.6061,0.4404,0.8507,1.0611,0.2811,0.0928,0.0964,0.0209,0.0747,,
148,,,,,,,,,,,,,,,,0.8975,0.3781,0.0055,0.9902,0.5473,0.0481,0.0000,,,,,,,,,,,,,,,,,,0.0000,0.0293,1.0664,2.4577,2.0899,1.8883,0.9881,0.6873,0.7302,0.6994,0.5577,0.6541,0.9033,,,,,,0.2684,0.0792,1.6146,1.3918,2.3523,0.9876,1.2722,1.4804,1.3198,0.0666,0.0511,0.5569,0.3330,,,,,,2.2802,0.6754,1.0924,0.6019,0.5609,0.4680,0.8398,0.9754,0.2393,0.0904,0.0874,0.0209,0.0786,,
149,,,,,,,,,,,,,,,,0.8599,0.3561,0.0068,0.9017,0.4784,0.0407,0.0000,,,,,,,,,,,,,,,,,,0.0000,0.0146,0.9277,2.2346,1.9077,1.7666,0.9010,0.6315,0.6703,0.6464,0.5153,0.6031,0.8328,,,,,,0.2056,0.0471,1.5058,1.3352,2.3302,0.9450,1.1630,1.3376,1.2133,0.0674,0.0573,0.5590,0.2920,,,,,,1.9617,0.5712,0.8140,0.4683,0.5103,0.4993,0.8214,0.8645,0.2004,0.0821,0.0740,0.0208,0.0763,,
150,,,,,,,,,,,,,,,,0.8018,0.3308,0.0067,0.8080,0.4169,0.0264,0.0009,,,,,,,,,,,,,,,,,,0.0000,0.0060,0.8183,1.9329,1.6897,1.6222,0.8035,0.5650,0.6030,0.5831,0.4692,0.5539,0.7347,,,,,,0.1242,0.0295,1.3362,1.2627,2.2290,0.8956,1.0479,1.2557,1.0677,0.0717,0.0464,0.5470,0.2602,,,,,,1.6590,0.4733,0.5129,0.3160,0.4548,0.5308,0.7990,0.7457,0.1610,0.0724,0.0786,0.0199,0.0690,,
