Sea_level_m,CCD_p2.5,CCD_median,CCD_p97.5
-12.509,4455.59709109846,4645.443566019676,4927.597336264037
-11.736613065326633,4452.0572150317375,4639.631697991441,4919.969139600311
-10.964226130653266,4448.603988692057,4633.851123748946,4912.181749976718
-10.1918391959799,4445.535969581286,4627.910332344347,4904.387399930527
-9.419452261306533,4442.436675897263,4621.920448939365,4896.451352161995
-8.647065326633166,4438.891796839039,4616.241609155659,4888.514455436613
-7.8746783919598,4435.662599190848,4610.554308677083,4880.749427349906
-7.102291457286434,4432.194769804036,4604.854105860037,4873.256367272348
-6.329904522613067,4428.91034804166,4599.125513487485,4865.201934396094
-5.557517587939699,4424.478517796924,4593.232107574524,4857.097571422415
-4.785130653266333,4420.66947252783,4587.4689032107435,4849.075827620091
-4.012743718592967,4417.518082991174,4581.910104826535,4841.314840206108
-3.2403567839195997,4413.998874771955,4576.293063023922,4833.834991924745
-2.4679698492462325,4410.090416430965,4570.469159409415,4826.083894088615
-1.6955829145728671,4405.99326635517,4564.712618190926,4818.157396467462
-0.9231959798995,4402.030241866714,4559.087106563335,4810.032464024115
-0.1508090452261328,4398.101752086455,4553.372387285202,4802.094490123756
0.6215778894472344,4393.685662850251,4547.564181117208,4794.016374806696
1.3939648241206015,4389.846704593854,4541.940031572369,4786.029812815581
2.166351758793967,4385.390592042331,4535.932435333112,4777.993619178833
2.938738693467334,4381.217341063362,4530.492043360538,4769.957425542085
3.7111256281406995,4376.821610297964,4524.723531191517,4761.921231905338
4.483512562814067,4372.106774109339,4519.1334944125565,4754.0345590678735
5.255899497487434,4367.306340580256,4513.449119361823,4746.28195749855
6.028286432160801,4363.395783527017,4507.950657543018,4738.535401413935
6.800673366834168,4359.241337392385,4502.433649338654,4730.417898240944
7.573060301507535,4354.982301376094,4497.006675645829,4722.740009322414
8.345447236180902,4350.121466441491,4491.366123519161,4714.940721791182
9.117834170854266,4345.588967349672,4485.86922552631,4706.978587944242
9.890221105527633,4341.559648589722,4480.169203136258,4699.260345255741
10.662608040201,4337.003468539655,4474.459017112751,4691.369973636351
11.434994974874368,4332.462588280498,4468.748675043957,4683.3721665196035
12.207381909547735,4327.881331192992,4463.09917362589,4675.23259116143
12.979768844221102,4323.215504460375,4457.6079479263935,4667.1303135686985
13.752155778894469,4319.013875674111,4451.928156039381,4659.13827388506
14.524542713567836,4314.118761268015,4446.520279510547,4651.395916923979
15.296929648241203,4309.672769489214,4441.005844450074,4643.709158148882
16.069316582914567,4305.5103389791475,4435.2844539187345,4635.812040568794
16.841703517587934,4301.20004968181,4429.829016987736,4627.781124130678
17.6140904522613,4297.563468280702,4424.401776992223,4619.747752348446
18.38647738693467,4293.39966654369,4418.804185337503,4611.9677730193225
19.158864321608036,4288.659389308047,4413.334326132179,4604.0406070679965
19.9312512562814,4284.201428473922,4407.834214079403,4596.300157185296
20.70363819095477,4280.961483618289,4402.527919263432,4588.567832799581
21.476025125628134,4277.233820517886,4396.995304936647,4580.753074729177
22.248412060301504,4273.519949337678,4391.479468738291,4572.876028074593
23.020798994974868,4269.976259507983,4385.9815437115585,4565.440088158597
23.79318592964824,4266.139121911431,4380.40559991803,4557.755056273076
24.565572864321602,4262.121200623185,4374.875470048367,4549.747227619222
25.337959798994966,4258.074994395099,4369.542006094718,4541.561382710795
26.110346733668337,4253.54469527305,4364.15251741549,4533.4136741101665
26.8827336683417,4249.002120731691,4358.792750428157,4525.2925458008085
27.65512060301507,4243.909199274705,4353.496197389575,4517.421862865692
28.427507537688435,4238.179867651051,4347.9540117244,4509.825862627009
29.199894472361805,4232.9704984021,4342.71688145531,4501.95625135382
29.97228140703517,4227.810077751079,4337.551299382082,4494.099187246906
30.744668341708532,4222.998479189918,4332.325442805972,4486.440193771963
31.517055276381903,4217.6845832226345,4327.182508713,4478.534377899318
32.28944221105527,4212.223034126568,4322.068612875881,4470.826845516045
33.06182914572864,4206.5802686046345,4316.829225693315,4462.8930713712225
33.834216080402,4201.297204797002,4311.496675383829,4454.9677851450015
34.60660301507537,4195.62405621304,4306.37426428943,4447.155365205635
35.378989949748735,4190.229615132966,4301.2195068592955,4439.361797489561
36.151376884422106,4185.049953964546,4296.054028101924,4432.151290015903
36.92376381909547,4179.941564426812,4290.697113893803,4424.94988611334
37.69615075376883,4174.143512432982,4285.4286969567665,4417.076412868194
38.468537688442204,4168.64712202878,4279.969419866886,4409.391896171707
39.24092462311557,4163.333838146361,4274.498806958852,4401.934114164566
40.01331155778894,4158.186745732719,4268.905342745757,4394.831364086831
40.7856984924623,4152.588339962345,4263.58205246824,4388.165824211975
41.55808542713567,4147.486958408181,4258.245557323273,4381.322200053561
42.330472361809036,4142.16124497478,4252.716675907341,4374.197084285347
43.10285929648241,4136.620468948326,4247.1377080893935,4367.568393731913
43.87524623115577,4131.132862863604,4241.549725622966,4361.556706424184
44.647633165829134,4125.417105701094,4236.012232062269,4354.67561263848
45.420020100502505,4119.9182144677125,4230.501583151468,4348.349907384075
46.19240703517587,4114.434998128629,4225.078248909595,4342.256594538783
46.96479396984924,4108.747694588649,4219.337569827716,4335.8257455032435
47.7371809045226,4103.070286521687,4213.953421953939,4329.277634654861
48.509567839195974,4097.784537989853,4208.380031965167,4323.992134999276
49.28195477386934,4092.067832443755,4202.656649759187,4317.296438241949
50.0543417085427,4086.24437408572,4197.1482000822,4310.545891062146
50.82672864321607,4080.7024542995446,4191.298216529223,4304.8115321530495
51.599115577889435,4075.016370873288,4185.639815618544,4298.554625893768
52.3715025125628,4069.323421611019,4180.141358418805,4292.411163522349
53.14388944723618,4063.7120345180665,4174.49387836311,4286.062403935203
53.91627638190954,4057.934982920814,4168.625687327691,4280.011805888852
54.688663316582904,4052.2459773438886,4162.71970211649,4273.880860021437
55.46105025125627,4046.6501639506896,4156.879466329892,4267.850045359203
56.23343718592963,4040.984413653769,4151.002166744214,4261.906780503511
57.00582412060301,4035.5309784438514,4145.035458431494,4256.822154243492
57.77821105527637,4030.177509125364,4139.283372825298,4251.585609607211
58.550597989949736,4024.203146048072,4133.511410978341,4246.835617155287
59.3229849246231,4018.258140643964,4127.382643100609,4242.128545828432
60.09537185929648,4012.418836105222,4121.474626930186,4238.011356005908
60.86775879396984,4006.652637465716,4115.533592317109,4233.717431598758
61.640145728643205,4000.947879923705,4109.566423492492,4229.907154941404
62.41253266331657,3995.100656378967,4103.669795594776,4225.965945103006
63.18491959798993,3989.4586118144734,4097.634816344935,4221.537266591715
63.95730653266331,3983.6174124642184,4091.6499757408747,4217.07927321136
64.72969346733667,3977.7190373846224,4085.6525635444664,4213.722531972668
65.50208040201004,3972.076020642704,4079.5754098684283,4210.265180336557
66.2744673366834,3966.152909433281,4073.4752139622933,4206.906946554445
67.04685427135678,3960.3518982795945,4067.3244129357963,4203.1206516590355
67.81924120603014,3954.6190540709968,4061.394671215159,4199.306825286259
68.5916281407035,3948.624495915758,4055.208383739462,4195.525019432878
69.36401507537687,3942.988220033545,4048.9251923453085,4192.275001000291
70.13640201005023,3937.1320327747403,4042.6034970453934,4188.970345865191
70.90878894472361,3931.4160817306333,4036.3993821417025,4186.109633389384
71.68117587939697,3925.366033697751,4030.1995108109595,4182.999335950037
72.45356281407034,3919.435615465224,4024.002509045908,4179.56780867732
73.2259497487437,3913.6870908822743,4017.7625066715004,4176.584437720328
73.99833668341707,3907.7285090558617,4011.5205690794414,4173.30770912559
74.77072361809044,3901.7103662583095,4005.3313550660646,4169.950550789947
75.5431105527638,3895.6561798229523,3999.1923465043146,4166.954298874871
76.31549748743717,3889.6262953464925,3992.980924252396,4163.6398533368365
77.08788442211053,3883.7643250382503,3986.892416140405,4160.547051924226
77.86027135678391,3877.9257081890605,3980.5473709884054,4157.436181653626
78.63265829145728,3871.9638503105684,3974.2654209753514,4154.227998125399
79.40504522613064,3866.0711923444,3967.9712806407397,4151.158170782244
80.177432160804,3859.949483356465,3961.7661857578487,4148.20577783521
80.94981909547737,3853.9244154586713,3955.59674158447,4144.9295395967
81.72220603015074,3847.66706197991,3949.2600650644476,4141.821607992043
82.49459296482411,3841.899000507634,3942.8037701132835,4138.514146281855
83.26697989949747,3836.1195941413625,3936.4600491004985,4135.492601836396
84.03936683417083,3830.209476967902,3930.0530821907896,4132.080294403064
84.81175376884421,3823.8850242366684,3923.8576807166573,4128.798733847392
85.58414070351758,3817.8828798760087,3917.5886725857154,4125.630132092163
86.35652763819094,3811.8051080125147,3911.2568498312553,4122.782201202345
87.1289145728643,3805.684907572918,3904.9611702423344,4119.645181759942
87.90130150753767,3799.569111425926,3898.6838278409928,4116.377910154113
88.67368844221104,3793.5132757127476,3892.4134512426076,4113.492869660435
89.44607537688441,3787.4300229392134,3886.2228188895015,4110.305838784552
90.21846231155777,3781.0841002961943,3879.856398195015,4107.169752076842
90.99084924623114,3774.777556595315,3873.761293031588,4104.3115156224485
91.76323618090451,3768.5954859975636,3867.3109687201422,4101.217180344458
92.53562311557788,3762.46579943961,3861.03855655203,4098.268080271427
93.30801005025124,3756.300291366011,3854.9350503241453,4094.970937432002
94.0803969849246,3750.1085418101206,3848.7007137128858,4091.5636523125463
94.85278391959797,3744.0044616434293,3842.7421233205587,4088.289809261678
95.62517085427135,3737.7833502042804,3836.339406266372,4085.2481354522793
96.39755778894471,3731.602635493095,3830.041001795279,4082.2621739812776
97.16994472361807,3725.343773085409,3823.93695371911,4078.742542577894
97.94233165829144,3719.2935090109595,3817.6450789944174,4075.3364598810012
98.71471859296481,3713.055620900707,3811.394718186264,4072.1283135528365
99.48710552763818,3706.5826147309704,3805.3228220092333,4069.1201376325503
100.25949246231154,3700.418391816949,3799.0705043662747,4066.0221551878144
101.0318793969849,3693.9189868294006,3793.0195400715284,4062.982617980741
101.80426633165827,3687.3100929875786,3786.8771761082985,4059.7664158264292
102.57665326633165,3680.388673540132,3780.7026627654423,4056.5544611481523
103.34904020100501,3673.6558360105555,3774.6149232056714,4053.3323797549597
104.12142713567837,3667.038658146237,3768.4804362901905,4050.1252799382773
104.89381407035174,3660.578591278335,3762.1070853855654,4046.935837211927
105.6662010050251,3653.955360557325,3755.9432973527637,4044.25824367419
106.43858793969848,3647.3488666449553,3749.6961254822063,4041.062466938815
107.21097487437184,3640.5464137886293,3743.720645300823,4038.185458420277
107.9833618090452,3633.6633099687083,3737.7646904109574,4035.200736585443
108.75574874371857,3627.0739629157806,3731.6705779866124,4032.001533963137
109.52813567839195,3620.443433734899,3725.4264399395065,4029.157986008186
110.30052261306531,3613.41160859029,3719.3215990462977,4026.390865102858
111.07290954773867,3606.7211240896895,3713.027375289803,4023.4793296284934
111.84529648241204,3599.968023824583,3707.0673796733813,4020.6813913179203
112.6176834170854,3593.1601640410395,3700.9419213935603,4017.59509534413
113.39007035175878,3586.053024021684,3694.9849395131814,4014.655858490401
114.16245728643214,3579.171777132446,3689.1559699947375,4011.617000343939
114.93484422110551,3571.7907095655537,3683.033988389666,4008.786294470909
115.70723115577887,3564.724161938767,3677.088684350515,4005.9444816504333
116.47961809045223,3558.0540174675343,3671.0616369303216,4003.170708773326
117.2520050251256,3551.2338410797065,3665.118760018115,4000.395639409978
118.02439195979896,3543.67759001379,3659.0415769263095,3997.3671851074782
118.79677889447235,3536.6925997757257,3653.013698806459,3994.571729412444
119.56916582914572,3529.2648502478714,3646.9054993398195,3991.6356942638868
120.34155276381908,3522.0888104824085,3640.9632929515383,3988.5110799862264
121.11393969849244,3514.7578599360245,3634.8465721771827,3985.319619277848
121.88632663316581,3507.2567823181334,3628.8023551451206,3982.2851389088473
122.65871356783917,3500.279402035235,3622.898357847642,3979.079290664281
123.43110050251254,3493.063428936001,3616.9657231533024,3975.786595629956
124.2034874371859,3486.0268921226275,3610.9774523613846,3973.0774608731354
124.97587437185926,3478.781786107392,3604.9457736805834,3970.3713755416234
125.74826130653265,3471.4635505717397,3598.8827166063393,3967.269393973415
126.52064824120602,3463.8185442017657,3592.768305837264,3964.1162515758974
127.29303517587938,3456.7351901478496,3586.7811838458447,3961.2699013845536
128.06542211055273,3448.8839895028345,3580.682962938896,3958.264736948279
128.8378090452261,3441.2353763832043,3574.6771792513628,3955.1864207688673
129.61019597989946,3434.299250631626,3568.7621959805315,3952.10854079273
130.38258291457282,3426.845668229378,3562.8939586362276,3949.0304427149554
131.15496984924619,3419.1942150634945,3556.943957413141,3946.11042675008
131.92735678391955,3411.6913323149665,3550.949471925852,3943.073411401695
132.69974371859297,3404.445648400404,3544.967335368064,3940.025637076052
133.47213065326633,3397.181465120877,3538.9679355477447,3936.977862750409
134.2445175879397,3389.3402013430064,3532.789970815722,3933.9300884247655
135.01690452261306,3381.867004293649,3526.9022703249134,3930.8380012922294
135.78929145728642,3373.915068720454,3521.0065822631295,3927.666244610814
136.5616783919598,3366.0018699208094,3515.133627775577,3924.556036076072
137.33406532663315,3358.1598280231988,3509.1261881631326,3921.6842494137804
138.10645226130652,3350.7452276147005,3503.216811194841,3918.708178032061
138.87883919597988,3342.995807510086,3497.2741938126387,3915.662898121668
139.65122613065324,3335.0468698672494,3491.2539624222773,3912.6168985295785
140.4236130653266,3327.0932673265006,3485.1376971474574,3909.5329041191203
141.196,3319.147782573464,3479.3570188989593,3906.5329809899213
