,sediments,sediments,sediments,crust,crust,crust,lithosphere,lithosphere,lithosphere,serpentinite_total,serpentinite_total,serpentinite_total,serpentinite_bending,serpentinite_bending,serpentinite_bending,serpentinite_mor,serpentinite_mor,serpentinite_mor,organic_sediments,organic_sediments,organic_sediments,total_influx,total_influx,total_influx
,min,mean,max,min,mean,max,min,mean,max,min,mean,max,min,mean,max,min,mean,max,min,mean,max,min,mean,max
age,,,,,,,,,,,,,,,,,,,,,,,,
0,135.38508830556725,135.38508830556725,135.38508830556725,19.04996976588617,22.822255990030875,27.47703822213518,6.902409771257881,13.738195557644582,22.806371009593956,10.526280838386338,10.716882894235106,11.420500448872753,8.612858685526275,8.612858685526275,8.612858685526275,1.9134221528600632,2.1040242087088306,2.8076417633464774,0.0,5.178613046458163,11.359538295456558,172.10906595394536,188.0598887421909,208.631367988189
1,138.82127540043777,138.82127540043777,138.82127540043777,19.04996976588617,22.822255990030875,27.47703822213518,6.902409771257881,13.738195557644582,23.730450855865225,10.636783636857988,10.858417155649667,11.67813661029904,8.612858685526275,8.612858685526275,8.612858685526275,2.023924951331714,2.2455584701233913,3.065277924772765,0.0,5.30324036115829,11.632914340605229,175.54525304881588,191.62070315176155,213.3364845048118
2,138.82127540043777,138.82127540043777,138.82127540043777,19.801463813329867,23.697595954930623,28.508618510112708,6.9319459161631585,14.041199110280427,23.730450855865225,10.535776838123583,10.733042257125192,11.468486347340514,8.60952776099563,8.60952776099563,8.60952776099563,1.9262490771279517,2.1235144961295616,2.858958586344883,0.0,5.352709256876566,11.741426757019608,176.18813784225816,192.76786595364442,214.40510367887134
3,201.44759248816817,201.44759248816817,201.44759248816817,20.126855496056915,23.838500634150712,28.640087775546515,6.9319459161631585,14.041199110280427,23.730450855865225,10.665472709645845,10.962431799726136,11.74630841755255,8.60952776099563,8.60952776099563,8.60952776099563,2.0559449486502146,2.352904038730506,3.1367806565569194,0.0,5.275601555607267,11.572287283267599,239.26954248423783,255.68736956192654,277.27157262849556
4,201.54478801876402,201.54478801876402,201.54478801876402,20.209522554213766,24.12158267396876,28.952399519611323,7.257976644227008,13.978421246009775,23.746848006851657,10.647731158214345,10.938026885141795,11.690076967390533,8.60461313383202,8.60461313383202,8.60461313383202,2.043118024382326,2.333413751309775,3.0854638335585136,0.0,5.216623971357163,11.442917098460917,239.66001837541913,255.7994427952415,277.37702961107846
5,200.7965569202229,200.7965569202229,200.7965569202229,20.403522906535773,24.283097832224943,29.065103896643244,7.3333780370681545,13.988807403614231,23.150788906569858,10.78481181142345,11.05156364299943,11.74673850722989,8.60461313383202,8.60461313383202,8.60461313383202,2.180198677591431,2.4469505091674106,3.142125373397871,0.0,5.216623971357163,11.442917098460917,239.3182696752503,255.33664977041866,276.2021053291268
6,198.94478614057076,198.94478614057076,198.94478614057076,20.465399923679893,24.399075080137273,29.24161338328425,7.412763383650728,14.139995298694881,23.461239514731545,11.113034458334997,11.32382090040977,11.988216425327149,8.60461313383202,8.60461313383202,8.60461313383202,2.5084213245029776,2.7192077665777497,3.3836032914951284,0.0,5.147415053013168,11.291103987254738,237.93598390623634,253.94513636860185,274.9269594511684
7,198.47386421973022,198.47386421973022,198.47386421973022,20.726711375586248,24.6117633337721,29.328128957866884,7.614937722778032,14.14025444638184,23.495207111065724,11.09813887374548,11.397102346845218,12.075650966920353,8.580614350756571,8.580614350756571,8.580614350756571,2.517524522988908,2.8164879960886466,3.495036616163781,0.0,5.135017363686457,11.263909055828414,237.831628575003,253.68101983834916,274.6300351615694
8,200.65446152738946,200.65446152738946,200.65446152738946,20.79150035860143,24.835359964902317,29.719568511432385,7.653014625117055,14.155759215651544,23.623340575899462,11.00590463298093,11.254216014172314,11.940075528517546,8.528163930507382,8.528163930507382,8.528163930507382,2.4777407024735467,2.726052083664933,3.411911598010163,0.0,5.258529187245306,11.53483821718325,240.09501630920437,256.1446551156979,277.43607765689666
9,200.5510942215725,200.5510942215725,200.5510942215725,21.06846584830597,25.070891695496417,29.905848584442882,7.678744076681664,14.219761647625837,23.967516936813215,10.795138277236589,11.08781610032333,11.769798248051863,8.484142191269173,8.484142191269173,8.484142191269173,2.3109960859674157,2.603673909054156,3.28565605678269,0.0,5.684284822903038,12.468753805077652,240.10702924100053,256.6185532290418,278.6542933959016
10,201.91123449743705,201.91123449743705,201.91123449743705,21.283159736885242,25.289719186101316,30.341079633974182,7.678744076681664,14.471670376565074,24.139678776201347,10.629630874108981,10.92230869719572,11.604290844924256,8.318634788141566,8.318634788141566,8.318634788141566,2.3109960859674157,2.603673909054156,3.28565605678269,0.0,5.982297389974037,13.12245879091091,241.56508444024666,258.6433513611854,281.2073996672224
11,200.84368412843102,200.84368412843102,200.84368412843102,21.283159736885242,25.289719186101316,30.341079633974182,7.678744076681664,14.541709412901138,25.624382726438622,10.524996029815172,10.799564560275424,11.492266321719892,8.221751986779047,8.221751986779047,8.221751986779047,2.3032440430361247,2.577812573496378,3.270514334940845,0.0,5.767544089734954,12.651387035547758,240.32292649087637,257.2689149433706,280.99298258389774
12,198.10232614528422,198.10232614528422,198.10232614528422,21.283159736885242,25.289719186101316,30.341079633974182,7.757626766258763,14.541709412901138,25.624382726438622,10.467486390532098,10.78036823843161,11.615804625975901,8.136856494533003,8.136856494533003,8.136856494533003,2.3306298959990954,2.643511743898607,3.4789481314428987,0.0,5.74327745504666,12.598156998166985,237.61059903896034,254.45740043776493,278.2654305916643
13,196.33872857356363,196.33872857356363,196.33872857356363,21.358546085748,25.374240814816535,30.4394232570271,8.000705843603306,14.61088667944302,25.624382726438622,10.467486390532098,10.78036823843161,11.615804625975901,8.136856494533003,8.136856494533003,8.136856494533003,2.3306298959990954,2.643511743898607,3.4789481314428987,0.0,5.5271215486740415,12.124008558381702,236.16546689344705,252.63134585492884,276.1260282032113
14,197.13492755943437,197.13492755943437,197.13492755943437,21.643433883529177,25.783767367995495,30.781154873674243,8.342496668742216,15.081011288087565,26.16574438567962,10.359807237467553,10.672689085367065,11.508125472911356,8.029177341468458,8.029177341468458,8.029177341468458,2.3306298959990954,2.643511743898607,3.4789481314428987,0.0,5.516311558203426,12.100296321220352,237.52975802239973,254.24440939826428,277.7816082278089
15,195.2619978267364,195.2619978267364,195.2619978267364,22.21061265424426,26.379376285151757,31.529417964680366,8.373599688797302,15.100104523383731,26.53347171798484,10.371646385230811,10.681600618880925,11.657941997360826,8.029177341468458,8.029177341468458,8.029177341468458,2.342469043762354,2.652423277412466,3.628764655892369,0.0,5.514085719519012,12.09541383636422,236.25511008047195,252.98395597933433,277.0677663657361
16,195.0407658188864,195.0407658188864,195.0407658188864,22.53111510928205,26.800854579384183,32.07561369146125,8.552880503054636,15.271228148064852,26.353667019339724,10.479325538295356,10.78927977194547,11.765621150425371,8.136856494533003,8.136856494533003,8.136856494533003,2.342469043762354,2.652423277412466,3.628764655892369,0.0,5.68306298908832,12.466073653484177,236.53366134191705,253.52430315996713,277.5835852031418
17,193.89206810763395,193.89206810763395,193.89206810763395,22.107360569752394,26.2824771529049,31.415597354042216,8.556639104644782,15.349684863511078,26.16699459581069,10.16960012601838,10.382647254106395,11.15293009538895,8.168312160140056,8.168312160140056,8.168312160140056,2.0012879658783245,2.2143350939663398,2.9846179352488926,0.0,5.506040900783808,12.077767137203127,234.6733029727067,251.36429847592603,274.55767168335433
18,193.80173948118917,193.80173948118917,193.80173948118917,22.248302282287806,26.49181994566722,31.710827925454875,8.566970235350063,15.445925065908812,25.724321567274522,10.169228142326743,10.36706631095855,11.126692687185297,8.221751986779047,8.221751986779047,8.221751986779047,1.9474761555476954,2.145314324179504,2.9049407004062493,0.0,5.350701414343775,11.737022457270175,234.671962037924,251.33343663463842,274.02988443219556
19,193.5841704749925,193.5841704749925,193.5841704749925,22.248302282287806,26.49181994566722,31.710827925454875,8.649916275449849,15.52332789681568,25.724321567274522,10.227487267657592,10.42335612489241,11.245233939689445,8.2695740284764,8.2695740284764,8.2695740284764,1.9579132391811924,2.153782096416009,2.975659911213045,0.0,5.2647831396435105,11.548556564379352,234.6476710621359,251.2168666568779,273.7423912609839
20,193.9901468657232,193.9901468657232,193.9901468657232,22.248302282287806,26.49181994566722,31.710827925454875,8.649916275449849,15.494505617224714,25.317098401247215,10.34363067910235,10.547511233212834,11.424365935944508,8.336461503068165,8.336461503068165,8.336461503068165,2.0071691760341865,2.2110497301446688,3.087904432876342,0.0,5.260450901631962,11.5390535906766,235.23199610256322,251.78443456345994,273.9814927190464
21,197.04992614424236,197.04992614424236,197.04992614424236,22.29148572105961,26.55466440676636,31.79573143904706,8.673601132846661,15.49745498559127,25.44620928224452,9.694610350166057,9.913333404858639,11.348942233780095,8.336461503068165,8.336461503068165,8.336461503068165,1.3581488470978929,1.576871901790474,3.01248073071193,0.0,5.314529253430119,11.657677072040219,237.7096233483147,254.32990819488876,277.2984861713543
22,199.86607776449262,199.86607776449262,199.86607776449262,22.31816418064031,26.57528275901503,31.81185295503698,8.777656051649123,15.6058901841315,25.146493002627995,9.654281954814781,9.858649981464584,11.055203071842202,8.336461503068165,8.336461503068165,8.336461503068165,1.317820451746617,1.52218847839642,2.7187415687740377,0.0,5.314529253430119,11.657677072040219,240.61617995159685,257.2204299425339,279.53730386603996
23,202.8508794699565,202.8508794699565,202.8508794699565,23.190786835187925,27.605835256661607,33.03464415492809,9.1074640043708,16.22250773882115,26.32250297288527,9.654281954814781,9.858649981464584,11.266902714413503,8.336461503068165,8.336461503068165,8.336461503068165,1.317820451746617,1.52218847839642,2.9304412113453377,0.0,5.285904410488648,11.594887093975082,244.80341226433,261.8237768573925,285.06981640615845
24,204.69384228354843,204.69384228354843,204.69384228354843,23.514816330487353,27.969933945992224,33.450164742837714,9.277405972238542,16.755610722516707,27.178795821742398,9.654281954814781,9.858649981464584,11.266902714413503,8.336461503068165,8.336461503068165,8.336461503068165,1.317820451746617,1.52218847839642,2.9304412113453377,0.0,5.285904410488648,11.594887093975082,247.14034654108912,264.56394134401063,288.1845926565171
25,208.38701710750263,208.38701710750263,208.38701710750263,23.53264115349695,27.969933945992224,33.450164742837714,9.306943475561509,16.8111318430218,27.178795821742398,9.654281954814781,9.858649981464584,11.266902714413503,8.336461503068165,8.336461503068165,8.336461503068165,1.317820451746617,1.52218847839642,2.9304412113453377,0.0,5.303352658115877,11.633160669415428,250.88088369137586,268.3300855360971,291.9160410559117
26,208.38701710750263,208.38701710750263,208.38701710750263,23.53264115349695,27.969933945992224,33.450164742837714,9.306943475561509,16.823502855109147,27.586018987769705,9.635620359006932,9.845692685902062,11.202439908959512,8.361760012337976,8.361760012337976,8.361760012337976,1.2738603466689553,1.4839326735640852,2.840679896621535,0.0,5.303352658115877,11.633160669415428,250.96752807205638,268.39414565319424,292.2215590684021
27,209.9352236728856,209.9352236728856,209.9352236728856,23.53264115349695,27.969933945992224,33.450164742837714,9.565030175981459,16.93847630560749,27.881180970574242,9.582620420412098,9.792649239996242,11.087927414146165,8.361760012337976,8.361760012337976,8.361760012337976,1.2208604080741219,1.4308892276582663,2.726167401808188,0.0,5.420439525762133,11.889996379091091,252.48407527684572,269.92532605162427,294.1745655898229
28,209.9352236728856,209.9352236728856,209.9352236728856,23.514816330487353,27.96660134274785,33.42350574448867,9.565030175981459,17.31000967447567,28.00444291031386,9.860348913421438,10.029202677117524,11.398475110897078,8.352514963166056,8.352514963166056,8.352514963166056,1.5078339502553821,1.676687713951468,3.045960147731021,0.0,5.448139820355529,11.950758315618586,252.77662309194497,270.5658303892469,294.4191751855688
29,210.36313234068308,210.36313234068308,210.36313234068308,23.514816330487353,27.96660134274785,33.42350574448867,9.565030175981459,17.850028969156146,30.074787279435647,10.234824564991218,10.472270041008235,11.617543084115837,8.17731992781276,8.17731992781276,8.17731992781276,2.057504637178458,2.294950113195474,3.4402231563030767,0.0,5.906027662765452,12.95515745380804,253.71623121249297,272.5869243636517,298.3283487339773
30,210.36313234068308,210.36313234068308,210.36313234068308,23.679103194007023,28.127062596926375,33.59934523756261,9.578682460835484,18.303253322967528,30.98576632675053,10.582628827846062,10.893259405722098,12.122484296907412,8.17731992781276,8.17731992781276,8.17731992781276,2.405308900033302,2.7159394779093375,3.945164369094651,0.0,5.906027662765452,12.95515745380804,254.32839274305067,273.7215627468179,300.1684894968104
31,208.89927660647504,208.89927660647504,208.89927660647504,23.679103194007023,28.127062596926375,33.59934523756261,9.578682460835484,18.303253322967528,30.681251449668743,10.751996039396817,11.068454441075394,12.297679332260707,8.352514963166056,8.352514963166056,8.352514963166056,2.39948107623076,2.7159394779093375,3.945164369094651,0.0,5.270285418045868,11.560626078294137,252.94071981716084,271.68892180609026,297.0356449032078
32,189.92985692825383,189.92985692825383,189.92985692825383,23.731445261688574,28.180228480821533,33.640172607347445,9.578682460835484,18.10476206533149,29.51036593432094,10.72669972463759,11.05769379783362,12.433301816917663,8.352514963166056,8.352514963166056,8.352514963166056,2.374184761471534,2.7051788346675636,4.080786853751605,0.0,5.475746171761962,12.011314183219723,233.96099601479762,252.74259908338456,277.5015092664652
33,187.4085751138665,187.4085751138665,187.4085751138665,23.749901116170495,28.34068973500006,33.81601210042138,9.891326684050403,17.621543738160074,29.136573021481006,10.802815496966922,11.115609766162454,12.483678997842993,8.352514963166056,8.352514963166056,8.352514963166056,2.4503005338008643,2.763094802996397,4.131164034676937,0.0,5.543380437737454,12.159673218262771,231.84693005043647,250.0241104303087,275.01558114806585
34,183.77538648353163,183.77538648353163,183.77538648353163,23.292427239455527,27.832154476465817,33.41106026722442,9.737448912458497,17.11757652377966,29.02528891904351,10.793826584825752,11.120386387658698,12.450219010798754,8.352514963166056,8.352514963166056,8.352514963166056,2.441311621659696,2.7678714244926406,4.097704047632698,0.0,5.434626548809479,11.92111630061442,227.60238977179472,245.28768160015326,270.5773826205949
35,170.57458559899783,170.57458559899783,170.57458559899783,23.049734794166497,27.347659957419605,32.82952532158728,9.578682460835484,17.00807060116585,28.338434189990345,11.009977043946865,11.358407593281438,12.487716130627142,8.352514963166056,8.352514963166056,8.352514963166056,2.657462080780808,3.0058926301153814,4.135201167461085,0.0,5.4282092446188175,11.907039633357467,214.212435177636,231.71566536348007,256.154912021732
36,163.1555713388863,163.1555713388863,163.1555713388863,23.18021198939126,27.625631427065585,33.13591715623995,9.578682460835484,16.66687755571671,27.09066318901595,10.970863581835998,11.280535730987221,12.41801315094367,8.346826602548191,8.346826602548191,8.346826602548191,2.624036979287807,2.9337091284390313,4.071186548395479,0.0,5.466765203971485,11.991613995808455,206.8858424957049,224.1922508053337,247.77899891014823
37,160.02354891567091,160.02354891567091,160.02354891567091,23.40794155166345,27.86867213534901,33.36945699036428,9.578682460835484,16.523655715877727,27.001531935361385,10.551181973040705,10.881992404258309,12.100189593760259,8.100881439239842,8.100881439239842,8.100881439239842,2.4503005338008643,2.781110965018466,3.999308154520417,0.0,5.45649560854278,11.969087141319651,203.56811188381633,220.76294923426775,244.52379206275796
38,154.26936571207906,154.26936571207906,154.26936571207906,23.860741578250956,28.42694675474938,34.06390343497221,9.737448912458497,15.837439815440849,26.7340301192379,10.463094128393248,10.795719512086526,12.005344766507063,8.006036611986646,8.006036611986646,8.006036611986646,2.4570575164066017,2.78968290009988,3.999308154520417,0.0,5.5982331943018195,12.279995393952376,198.28281264719917,214.87538133534153,239.33997528886394
39,149.6491997512346,149.6491997512346,149.6491997512346,24.045223583162855,28.681461023875556,34.386806974660324,9.737448912458497,15.837439815440849,26.427386446099042,10.447211999061171,10.77983738275445,11.989462637174986,7.990154482654569,7.990154482654569,7.990154482654569,2.4570575164066017,2.78968290009988,3.999308154520417,0.0,5.633930844320541,12.358299916574188,193.8471286912666,210.54542729364195,234.81437371719056
40,143.33406069657482,143.33406069657482,143.33406069657482,24.14262002611823,28.728212346998774,34.411403738886754,9.737448912458497,15.777240532725788,26.293045939070403,10.278661952847063,10.611287336540343,11.82091259096088,7.821604436440462,7.821604436440462,7.821604436440462,2.4570575164066017,2.78968290009988,3.999308154520417,0.0,5.512949486298296,12.09292145381571,187.4808909650857,203.9507577354422,227.93192370134253
41,139.21329959957683,139.21329959957683,139.21329959957683,24.149706753088168,28.743200454260798,34.40539994896718,9.571853341833881,15.657862208137757,25.930388315429127,10.228993412498205,10.561618796191485,11.771244050612022,7.7719358960916045,7.7719358960916045,7.7719358960916045,2.4570575164066017,2.78968290009988,3.999308154520417,0.0,5.5284793339562,12.12698692609746,183.18772031813361,199.73144418478037,223.4473188406826
42,139.21329959957683,139.21329959957683,139.21329959957683,24.032014117600625,28.608697648226993,34.249426923273035,9.571720185410404,15.573341317893778,23.708201837721887,10.209080454973922,10.561631315679081,11.715092080337067,7.7719358960916045,7.7719358960916045,7.7719358960916045,2.4371445588823173,2.7896954195874772,3.943156184245462,0.0,5.5284793339562,12.12698692609746,183.0463713819571,199.5124204885026,221.01300736700625
43,138.01844555255428,138.01844555255428,138.01844555255428,23.860867170588854,28.41098644439827,34.01772745334442,9.520683097775473,15.298943864736811,23.41488793256122,10.172200146129933,10.507578854051348,11.51825543040805,7.7719358960916045,7.7719358960916045,7.7719358960916045,2.400264250038329,2.7356429579597434,3.746319534316445,0.0,5.5284793339562,12.12698692609746,181.5801495977466,197.7772467875198,219.09630329496542
44,134.9881449521431,134.9881449521431,134.9881449521431,23.860867170588854,28.41098644439827,34.01772745334442,9.520683097775473,15.298943864736811,23.225427004985633,10.144575882500263,10.417865560857226,11.31652441176181,7.7719358960916045,7.7719358960916045,7.7719358960916045,2.3726399864086574,2.645929664765622,3.544588515670205,0.0,5.475409927193511,12.010576614489088,178.5142711030077,194.59135074932894,215.55840043672407
45,130.11580211935689,130.11580211935689,130.11580211935689,23.860867170588854,28.41098644439827,34.01772745334442,9.571720185410404,15.298943864736811,22.754891436741413,10.238916307959208,10.534544410212934,11.390950141694216,7.7719358960916045,7.7719358960916045,7.7719358960916045,2.466980411867603,2.7626085141213306,3.6190142456026106,0.0,5.439712277174789,11.932272091867278,173.64723137305384,189.64399517861108,210.11317383429608
46,126.54304186920764,126.54304186920764,126.54304186920764,23.720875428241765,28.1403856033078,33.73055545333186,9.571853341833881,15.21255326714841,22.754891436741413,10.200760736028883,10.527705702496657,11.451617831291502,7.8896361948922795,7.8896361948922795,7.8896361948922795,2.3111245411366044,2.6380695076043787,3.5619816363992225,0.0,6.1962884239448135,13.59185847833059,170.03653137531217,186.6199748661053,208.07196506890298
47,107.47306267576143,107.47306267576143,107.47306267576143,22.870051992699644,27.479038348538403,33.122343290096026,9.571720185410404,14.704988975052602,22.896859659980702,10.730136221818318,11.07837250708106,11.7822117506335,8.387100137973356,8.387100137973356,8.387100137973356,2.343036083844963,2.6912723691077036,3.395111612660145,0.0,5.863537422705946,12.861953056258137,150.64497107568982,166.59899992913944,188.1364304327298
48,97.9535701383309,97.9535701383309,97.9535701383309,22.21944271881606,27.363729773866893,32.699756735626444,9.571720185410404,15.28411485102187,23.510945890871792,10.567722563843787,10.909841109563985,11.917936865663439,8.412238854083375,8.412238854083375,8.412238854083375,2.155483709760412,2.4976022554806088,3.505698011580064,0.0,5.201148494737384,11.408970891682085,140.4273983849769,156.834287961455,177.59531222040772
49,85.53223944153497,85.53223944153497,85.53223944153497,22.296420553045035,26.50548731600493,32.540478516724804,9.783568277328971,16.22836924604618,24.52522845491862,11.009708651275313,11.349986214166028,12.3561726258019,8.850474614221836,8.850474614221836,8.850474614221836,2.1592340370534764,2.4995115999441926,3.505698011580064,0.0,5.157193346574259,11.3125531473242,128.61818659589122,144.77136621986278,166.26667218630448
50,86.1086246035461,86.1086246035461,86.1086246035461,22.40671537394575,26.49625435113962,32.33361812283412,10.138878062020357,16.252440373641004,24.509657025177475,11.197281297657637,11.513828328898555,12.547558523300143,9.044363121783572,9.044363121783572,9.044363121783572,2.1529181758740648,2.4694652071149834,3.503195401516571,0.0,5.157193346574259,11.3125531473242,129.7814978630789,145.45014302822304,166.67173530249278
51,85.87048166487071,85.87048166487071,85.87048166487071,22.40671537394575,26.49625435113962,32.254129647380026,10.203055225357243,16.282574848750983,24.54643349906948,11.309423450725138,11.577206262772687,12.478001972152043,9.162275575569828,9.162275575569828,9.162275575569828,2.1471478751553104,2.4149306872028595,3.3157263965822152,0.0,5.157193346574259,11.3125531473242,129.72034438123364,145.30304358087136,166.32389941826222
52,81.32152484296033,81.32152484296033,81.32152484296033,22.40671537394575,26.611562925811125,32.33361812283412,10.203055225357243,16.282574848750983,24.60351132292369,11.363348304835664,11.705428988675163,12.769602675319431,9.162275575569828,9.162275575569828,9.162275575569828,2.201072729265836,2.543153413105335,3.607327099749604,0.0,5.116505987341133,11.223303456103201,125.23125501385857,140.99961749347537,162.1181283554614
53,74.89874962282654,74.89874962282654,74.89874962282654,22.853493877476968,27.16929137075837,32.643176699730304,10.203055225357243,16.282574848750983,24.60351132292369,11.432702063905968,11.781761424984424,12.89830546472638,9.162275575569828,9.162275575569828,9.162275575569828,2.27042648833614,2.6194858494145956,3.736029889156552,0.0,5.140953526695198,11.27693031662174,119.35535995413649,135.25744181299612,156.2890509976846
54,74.89874962282654,74.89874962282654,74.89874962282654,22.96100368184802,27.923624354053352,33.27962714655078,10.138878062020357,16.252440373641004,24.52522845491862,11.322491655672557,11.662423688501951,12.77789040087663,9.044363121783572,9.044363121783572,9.044363121783572,2.278128533888985,2.6180605667183787,3.7335272790930585,0.0,4.988213948344873,10.941888660885608,119.29859093829018,135.7304771874776,156.28166449582162
55,85.53223944153497,85.53223944153497,85.53223944153497,22.947029826928613,27.99194332849735,33.62785727032635,9.783568277328971,16.27964406152427,24.52522845491862,11.195069531756957,11.53342724732661,12.599754222683922,8.866226943590863,8.866226943590863,8.866226943590863,2.328842588166094,2.667200303735748,3.7335272790930585,0.0,5.164968604350039,11.329608551477449,129.5627971173878,146.63624432451843,167.65110432889747
56,85.53223944153497,85.53223944153497,85.53223944153497,23.389415198064427,27.84474266126616,33.33612133261431,9.385081657169442,15.956749378606569,24.63499751646685,11.572018935013947,11.939508252030501,12.90822997405876,8.866226943590863,8.866226943590863,8.866226943590863,2.7057919914230832,3.073281308439638,4.042003030467897,0.0,4.907053131433486,10.76385848185404,129.8463814309826,146.09697677829587,167.13139719798897
57,84.56715345207859,84.56715345207859,84.56715345207859,22.40593349464309,26.579561518172024,31.93049841867522,8.970687066918943,16.493261784137125,25.123824509214824,11.608363691900507,12.00605299327371,12.911357502125153,8.866226943590863,8.866226943590863,8.866226943590863,2.742136748309645,3.1398260496828474,4.0451305585342885,0.0,4.3287932963173805,9.495417553212262,127.50708903469823,143.89417331898218,164.02825143530603
58,83.85151413865995,83.85151413865995,83.85151413865995,24.517231688715935,29.24288500348568,35.02952259675721,8.970687066918943,16.517332911731952,25.123824509214824,11.699172535362775,12.045409402304308,13.016550642116325,8.771837476137865,8.771837476137865,8.771837476137865,2.9273350592249106,3.273571926166444,4.244713165978459,0.0,4.386939655180049,9.622964404911167,128.93722052994326,145.88886751281615,166.5389058793835
59,80.03104359091472,80.03104359091472,80.03104359091472,24.783139085211037,29.673670137447594,35.69098080449227,8.970687066918943,16.517332911731952,25.262293450216404,11.466692147838067,11.875688423284311,12.670102862651602,8.603269890766596,8.603269890766596,8.603269890766596,2.8634222570714725,3.2724185325177153,4.066832971885006,0.0,4.568739826904174,10.021751878370411,125.26455542049383,142.67982887710824,163.7023381948454
60,73.04228729953475,73.04228729953475,73.04228729953475,25.246795878509282,30.175760056236506,36.24501428492478,8.970687066918943,16.657111731025815,26.75133432050272,11.011294083358408,11.417366667881987,12.566498477236205,8.594167580172174,8.594167580172174,8.594167580172174,2.417126503186233,2.8231990877098134,3.972330897064031,0.0,4.520839486050975,9.916680162950522,118.29316016852685,135.83582153814996,158.42918007713567
61,65.44902108919199,65.44902108919199,65.44902108919199,25.25374429005432,30.175760056236506,36.24501428492478,8.970687066918943,16.685972029167473,27.23155145190478,10.855021354519076,11.181474476916602,12.429087097033374,8.594167580172174,8.594167580172174,8.594167580172174,2.2608537743469026,2.587306896744429,3.834919516861201,0.0,4.561763776871023,10.006449575071938,110.5505696408898,128.0764477258035,151.378816513775
62,64.82547486172743,64.82547486172743,64.82547486172743,27.80337527831111,33.204295470352974,39.86449471115338,10.008093499923275,18.05741164801398,28.985193569569034,10.840564043507225,11.167017165904753,12.414629786021525,8.579710269160323,8.579710269160323,8.579710269160323,2.2608537743469026,2.587306896744429,3.834919516861201,0.0,5.089457121485815,11.163970460033363,113.51406083468638,132.3805698759167,157.28591371516472
63,64.43441455996056,64.43441455996056,64.43441455996056,28.868367894799775,34.528642088089164,41.500502117346784,10.443787395978394,18.20520331020044,28.985193569569034,10.78916905564782,11.115622178045346,12.363234798162118,8.528315281300918,8.528315281300918,8.528315281300918,2.2608537743469026,2.587306896744429,3.834919516861201,0.0,5.082481071452662,11.14866815673489,114.55642646203705,133.3842852293979,158.51555851629277
64,59.278601941624835,59.278601941624835,59.278601941624835,28.89239879367912,34.598782227968485,41.58943084661005,10.622739805763905,18.20520331020044,28.618512118822977,11.335273419388148,11.716765402164672,12.723050639993653,8.528315281300918,8.528315281300918,8.528315281300918,2.8069581380872304,3.1884501208637546,4.194735358692736,0.0,5.0415567806326145,11.058898744613476,110.2181323760939,128.926097163348,153.3520396061844
65,57.71288966588898,57.71288966588898,57.71288966588898,28.716473404180064,34.38276310916581,41.258759690249725,10.622739805763905,18.212268718707666,28.985193569569034,11.368673168317194,11.712144501257951,12.800283409510238,8.523940882446498,8.523940882446498,8.523940882446498,2.8447322858706974,3.1882036188114533,4.27634252706374,0.0,5.082481071452662,11.14866815673489,108.38739268347061,127.05385241156532,151.85340650634424
66,50.04319074365839,50.04319074365839,50.04319074365839,27.579875732713422,33.1635908038979,40.047146322402504,10.674891151299233,18.212268718707666,28.985193569569034,11.093521482972559,11.421681521685112,12.50612709923654,8.337941944495228,8.337941944495228,8.337941944495228,2.7555795384773307,3.0837395771898857,4.1681851547413125,0.0,5.082481071452662,11.14866815673489,99.42816491684442,117.97914087471167,142.79158942384973
67,48.3408447860706,48.3408447860706,48.3408447860706,27.579875732713422,33.168254776148785,40.047146322402504,10.784589814215895,18.212268718707666,29.853749991657658,10.739524181454334,11.077751163128276,12.031045739494813,8.315493615419973,8.315493615419973,8.315493615419973,2.424030566034361,2.7622575477083045,3.71555212407484,0.0,5.082481071452662,11.14866815673489,97.44483451445424,115.88160051550797,141.42145499636047
68,47.348365246592955,47.348365246592955,47.348365246592955,27.67856989331121,33.18357469763847,39.9201151633921,10.841145398606272,18.375035972094164,29.259044346431253,10.415400741397278,10.723183722616575,11.79692929434902,8.309163015109693,8.309163015109693,8.309163015109693,2.1062377262875853,2.4140207075068814,3.487766279239327,0.0,5.040364063706039,11.05628246232292,96.03177998429027,114.39694389702578,139.10715670746583
69,41.908050236204815,41.908050236204815,41.908050236204815,27.313082862247786,32.779532203911415,39.51058937064579,10.841145398606272,17.813511011068464,27.944676817276783,10.097060591220462,10.375041681840964,11.397608033936038,8.271303089935854,8.271303089935854,8.271303089935854,1.8257575012846075,2.1037385919051097,3.126304944000183,0.0,5.013788431420059,10.997987526985895,90.20409943283373,107.95656241900508,131.8255508396087
70,38.021915014901026,38.021915014901026,38.021915014901026,27.281093009039854,32.77486823166053,39.500677768477075,10.674891151299233,17.772377383645438,27.930158370613594,10.046273371229958,10.320932051574514,11.457000628045325,8.256488274935402,8.256488274935402,8.256488274935402,1.789785096294556,2.0644437766391124,3.2005123531099224,0.0,4.839922425213222,10.616604029499966,86.05883961395273,103.76580506608678,127.5693074915799
71,37.86398821393128,37.86398821393128,37.86398821393128,27.281093009039854,32.77486823166053,39.500677768477075,10.674891151299233,17.72196851204135,27.965128530920417,10.028265698538327,10.30404727049227,11.447277567913972,8.256488274935402,8.256488274935402,8.256488274935402,1.7717774236029245,2.0475589955568667,3.1907892929785704,0.0,4.407908768095036,9.668961168724614,85.86824875065534,103.08675694443632,126.41972999665172
72,37.55026061389799,37.55026061389799,37.55026061389799,27.281093009039854,32.77486823166053,39.500677768477075,10.674891151299233,17.716051060563295,28.21927909150171,9.959850795700929,10.268785134366958,11.334616772567763,8.256488274935402,8.256488274935402,8.256488274935402,1.7033625207655274,2.0122968594315562,3.0781284976323615,0.0,4.376689796982279,9.600480844993342,85.50549898426496,102.71587925994731,126.20531509143787
73,36.70932141580404,36.70932141580404,36.70932141580404,27.569083692948197,33.021365946168295,39.70035829830983,10.674891151299233,17.673374768221844,28.26991848764281,9.989516653289776,10.179322188547356,11.265555395409857,8.309163015109693,8.309163015109693,8.309163015109693,1.6803536381800823,1.8701591734376628,2.956392380300164,0.0,4.376689796982279,9.600480844993342,84.93550920442941,101.94484455841048,125.53178204391884
74,36.17564804129888,36.17564804129888,36.17564804129888,28.26770590021254,33.94678529450444,40.90756460332478,10.779015908143188,17.673374768221844,28.088228803630642,9.921400645660905,10.11629299804721,11.148437582703522,8.256488274935402,8.256488274935402,8.256488274935402,1.664912370725503,1.8598047231118087,2.8919493077681206,0.0,4.407908768095036,9.668961168724614,85.14973811225101,102.32823063055213,126.01521002060468
75,34.91838535098304,34.91838535098304,34.91838535098304,29.00084652913861,34.765941513537115,41.8250523841525,10.792155511664431,17.673374768221844,28.088228803630642,9.85462026906597,10.076697177858728,11.068040535094646,8.240618592095581,8.240618592095581,8.240618592095581,1.6140016769703887,1.8360785857631474,2.8274219429990652,0.0,4.43629765474369,9.731233565244242,84.59361419859319,101.90707254062447,125.69272742533593
76,34.90742042390456,34.90742042390456,34.90742042390456,29.478229426726696,35.39962567523673,42.64544430053726,10.818296128052523,17.75221814115834,27.55271184155815,9.923164692080082,10.14524160087284,11.145579576922657,8.309163015109693,8.309163015109693,8.309163015109693,1.6140016769703887,1.8360785857631474,2.836416561812963,0.0,4.3170223446876,9.469597401250228,85.1278250920809,102.52224260717713,125.71247334667603
77,33.33405936818318,33.33405936818318,33.33405936818318,29.543526359611622,35.48487770011975,42.75390434460453,10.818296128052523,17.75221814115834,27.55271184155815,9.923879113397142,10.088450624122842,11.115513872478788,8.309877436426753,8.309877436426753,8.309877436426753,1.6140016769703887,1.7785731876960904,2.805636436052035,0.0,4.435073100864514,9.728547447057649,83.61976096924447,101.09467893444864,124.47574225506841
78,33.43222614383489,33.43222614383489,33.43222614383489,29.669871082201173,35.641428764526815,42.94647852938239,10.818296128052523,17.75793888007927,28.088228803630642,10.072117082903635,10.262144471522275,11.311151906679973,8.446221939480974,8.446221939480974,8.446221939480974,1.6258951434226612,1.8159225320413008,2.8649299671989983,0.0,4.454206234247971,9.770516900931037,83.99814704582117,101.55253009252874,125.53826144269507
79,31.141146662014542,31.141146662014542,31.141146662014542,29.669871082201173,35.641428764526815,42.94647852938239,10.818296128052523,17.861695152262328,28.238388597813895,10.12344865465414,10.311742247628658,11.425119700677673,8.457527052821368,8.457527052821368,8.457527052821368,1.6659216018327734,1.8542151948072894,2.967592647856306,0.0,4.473141716752077,9.812052798036817,81.7676071666696,99.45192503133313,123.58803751919886
80,30.83465594160626,30.83465594160626,30.83465594160626,30.31331792025446,36.34241476123164,43.72936837404508,10.818296128052523,17.861695152262328,28.238388597813895,10.131466784883028,10.327686226259031,11.443144422432898,8.457527052821368,8.457527052821368,8.457527052821368,1.6739397320616596,1.8701591734376628,2.985617369611531,0.0,4.4774351052448225,9.821470553440262,82.1045632843146,99.8507136961224,124.07385439885671
81,30.751051970766284,30.751051970766284,30.751051970766284,30.31331792025446,36.34241476123164,43.72936837404508,10.818296128052523,17.861695152262328,28.363365393532767,10.151055192395269,10.348118322908704,11.477911868094651,8.457527052821368,8.457527052821368,8.457527052821368,1.6935281395739024,1.8905912700873366,3.0203848152732835,0.0,4.459210634102335,9.78149429415995,82.03279712134433,99.75585809824199,124.08920045255519
82,28.854553356124296,28.854553356124296,28.854553356124296,29.871188256210562,35.954575799298574,43.39518616155637,11.156056898683731,18.440025316702837,28.82824230627522,10.18102656851889,10.41985970062598,11.500244605265664,8.464353562339701,8.464353562339701,8.464353562339701,1.7166730061791886,1.9555061382862784,3.0358910429259627,0.0,4.459210634102335,9.78149429415995,80.04469345667874,98.11009318399529,122.34158910052278
83,28.894617457795157,28.894617457795157,28.894617457795157,30.206048349936594,36.516108140083055,44.18838625474493,11.17081267516281,19.434683113575016,31.072239645125975,10.451341762825933,10.726800429958397,11.697965675540459,8.4752046496812,8.4752046496812,8.4752046496812,1.9761371131447345,2.2515957802771975,3.2227610258592607,0.0,4.345173242862129,9.531347758536281,80.70568849717877,99.87379345323558,125.38121817353786
84,29.115151015986626,29.115151015986626,29.115151015986626,29.29902681142515,35.13851363784521,42.276394459089445,11.281763275828972,19.46936967229054,31.167892039653346,10.578462783523504,10.86555729328646,11.999912407276698,8.515208597512245,8.515208597512245,8.515208597512245,2.0632541860112585,2.3503486957742155,3.4847038097644525,0.0,3.8276275492493963,8.396086237063178,80.220071638145,98.38471772934261,122.77482595508067
85,29.196138589250708,29.196138589250708,29.196138589250708,29.41874189749033,35.27401688544427,42.433131771566494,11.38287941482132,19.46936967229054,32.142313161046715,11.226446952961664,11.542526130346708,12.671123896541744,8.515208597512245,8.515208597512245,8.515208597512245,2.711238355449419,3.0273175328344637,4.155915299029498,0.0,3.6387396528117506,7.981751496490272,80.84289544625497,98.7050128699408,124.10281027752906
86,30.775144776270448,30.775144776270448,30.775144776270448,29.710084275893784,35.65682753790043,42.90894863463689,11.38287941482132,19.46936967229054,32.42118277819573,11.3899272945248,11.725901858936837,12.893391317520505,8.483880806585258,8.483880806585258,8.483880806585258,2.906046487939541,3.242021052351579,4.409510510935247,0.0,3.66393328095797,8.037014938875526,83.31371477831598,101.34685614316186,127.09136146230473
87,31.903000153500216,31.903000153500216,31.903000153500216,29.72695719161982,35.69200234329497,43.00567499864871,11.38287941482132,19.46936967229054,32.47544123499759,11.524843118612871,11.87358008125339,13.065108664419574,8.515208597512245,8.515208597512245,8.515208597512245,3.009634521100627,3.358371483741144,4.549900066907329,0.0,3.3545119370343888,7.358284248978659,84.46364548072162,102.22588602464333,127.77618150961776
88,32.21033368324111,32.21033368324111,32.21033368324111,29.73129199571003,35.71071762335434,43.027497704502174,11.38287941482132,19.364332736953234,31.809678693874556,11.288905006350127,11.639494780149718,12.886246406315038,8.530603876570046,8.530603876570046,8.530603876570046,2.7583011297800812,3.1088909035796712,4.355642529744993,0.0,3.3545119370343888,7.358284248978659,84.53148206360413,102.19430012013831,127.19773122784477
89,32.36363281589041,32.36363281589041,32.36363281589041,30.056865319378314,36.32686284895279,43.69323648032401,11.424154134631408,19.178595607680066,31.4406069777058,11.248449019108964,11.541682490296648,12.69538346139267,8.530603876570046,8.530603876570046,8.530603876570046,2.717845142538917,3.011078613726601,4.1647795848226234,0.0,3.4935862800184543,7.663350549717899,85.03770206212026,102.84896081594951,127.80011116042387
90,33.39048465553294,33.39048465553294,33.39048465553294,30.319306180761377,36.396804048300446,43.81838416151118,11.46824459402611,19.314416985812066,31.330241406359338,11.120901219602025,11.445455787149442,12.781196337022179,8.539559823390896,8.539559823390896,8.539559823390896,2.5813413962111307,2.9058959637585455,4.241636513631283,0.0,3.5666438076654132,7.823605771653171,86.24274901093219,104.05332401444362,129.0580994564493
91,34.220297795034085,34.220297795034085,34.220297795034085,30.376407139951745,36.43479446090775,43.89383563730097,11.503572714218635,19.82657175571478,32.398335475404394,11.457082901305018,11.831468495563167,13.218008582119605,8.601556766990985,8.601556766990985,8.601556766990985,2.855526134314032,3.2299117285721817,4.61645181512862,0.0,3.590705116214214,7.876385416211837,87.62028979709285,105.96676687001737,131.66979215265425
92,39.061698527807096,39.061698527807096,39.061698527807096,30.41159099874608,36.44653435696059,44.189421667636154,11.515493492754869,19.82798466580216,32.42342264802387,11.495336857674012,11.780406370511361,13.077263103657842,8.601556766990985,8.601556766990985,8.601556766990985,2.8937800906830264,3.1788496035203773,4.475706336666856,0.0,3.651625772652042,8.010017823881913,92.51433783561225,110.80643801093143,136.80733608615648
93,40.45252606149669,40.45252606149669,40.45252606149669,30.628678546495312,36.68823472280639,44.197758220534325,11.56960229994428,19.91937624032972,32.638483312240226,11.50810423319403,11.801144104599395,13.105324835697285,8.601556766990985,8.601556766990985,8.601556766990985,2.9065474662030453,3.199587337608409,4.503768068706299,0.0,3.671906780074722,8.05450519500263,94.2325070529147,112.5988134625233,138.5068991802361
94,42.1677440002579,42.1677440002579,42.1677440002579,31.206951722074383,37.33672832367116,44.9093869047366,11.581002691740588,19.95047156559392,32.86684110860636,11.362692574158153,11.696156098666496,13.105324835697285,8.601556766990985,8.601556766990985,8.601556766990985,2.761135807167169,3.0945993316755116,4.503768068706299,0.0,3.704961315258361,8.127011917340935,96.39198690001541,114.92168685666424,141.23461032190403
95,42.1677440002579,42.1677440002579,42.1677440002579,31.554329981725232,37.813508023356725,45.433734340889536,11.591921221156854,20.294865305963825,33.11560830729467,11.31108453192815,11.61291457879188,13.171224806933592,8.601556766990985,8.601556766990985,8.601556766990985,2.709527764937165,3.011357811800896,4.5696680399426075,0.0,3.7167616248669657,8.15289646745013,96.65456797945119,115.62316113107696,142.0336095068545
96,42.1677440002579,42.1677440002579,42.1677440002579,32.009097122780176,38.28144439870381,45.9921403012924,11.695175610678033,20.495406579106785,33.6122712134854,11.297085767208301,11.643955789884224,13.17066170667912,8.61900735010115,8.61900735010115,8.61900735010115,2.678078417107151,3.0249484397830746,4.551654356577971,0.0,3.7320799392331176,8.186497931221046,97.15165191781425,116.30318012407568,143.1118645698257
97,43.79387190613841,43.79387190613841,43.79387190613841,32.01563642200333,38.29715185029952,46.003985305165024,11.763791303681158,20.595408705025516,33.772189284229945,11.387477512735519,11.746284273474663,13.278457108752969,8.61900735010115,8.61900735010115,8.61900735010115,2.768470162634369,3.127276923373513,4.659449758651819,0.0,3.812508707855299,8.362922326908398,98.89318659145177,118.17763488968673,145.14383537808808
98,44.820488989662074,44.820488989662074,44.820488989662074,32.04588265199958,38.31262240788085,46.03041463755706,11.934163564707102,20.65202121898003,33.865713735761226,11.390061057685788,11.748152167743768,13.30132943543884,8.61900735010115,8.61900735010115,8.61900735010115,2.7710537075846378,3.1291448176426195,4.68232208533769,0.0,3.9894971326534185,8.751155000659134,100.14825437784113,119.48044003070672,146.7267599128649
99,47.19147280712078,47.19147280712078,47.19147280712078,32.15886290077209,38.40048647714649,46.06090251530795,11.980217755305048,20.67784182687493,34.18169507470192,11.46696428605146,11.826861007379613,13.437953668519722,8.629221151645162,8.629221151645162,8.629221151645162,2.837743134406299,3.197639855734452,4.80873251687456,0.0,3.9950885301266403,8.763420001568138,102.80193387707116,122.10584273465206,149.63544406721851
100,49.511940373826626,49.511940373826626,49.511940373826626,35.81652411898678,42.689336363189234,51.12935092145549,13.952960287934731,23.78278568724156,38.21096128635954,11.875000392587571,12.244573072097529,13.83096553935464,9.032841130359486,9.032841130359486,9.032841130359486,2.842159262228085,3.211731941738043,4.798124408995155,0.0,4.136678825370385,9.07400516532856,111.15200904551392,132.35122223572174,161.7572232863249
101,52.49933481937202,52.49933481937202,52.49933481937202,36.65732275956307,43.69770807762213,52.339600671427704,14.123011544733847,24.512200796896508,39.452543406393154,11.854518831771221,12.21636323514575,14.229600098059187,9.123150938797254,9.123150938797254,9.123150938797254,2.731367892973967,3.093212296348496,5.106449159261932,0.0,4.491732143853754,9.8528317994211,115.15593337855505,137.43624331579298,168.43516242816003
102,63.63583724248489,63.63583724248489,63.63583724248489,35.49842298298979,42.337870060874394,50.70866037908584,14.235798642127431,24.698299745740684,39.66985667179926,11.74169268031328,12.048446650783953,13.632860331643139,9.142392085841356,9.142392085841356,9.142392085841356,2.599300594471924,2.906054564942597,4.490468245801782,0.0,4.508171632986699,9.888892614293368,125.1860041739226,147.29637075147352,177.64802455408898
103,68.52285091659435,68.52285091659435,68.52285091659435,35.27152397911645,41.992480329944165,50.244969363633125,14.365918943099455,25.06616134072744,39.18061692210434,11.805066360258971,12.108979150517543,13.691720050636903,9.184020342672143,9.184020342672143,9.184020342672143,2.6210460175868278,2.9249588078454,4.5076997079647585,0.0,4.536512620598686,9.951059941958375,130.01902367265498,152.28201833114844,181.65960539158354
104,76.26992595533308,76.26992595533308,76.26992595533308,34.70423230066427,41.46365276494676,49.70920524993808,14.365918943099455,25.047474348394633,39.20131585561178,11.976973970206217,12.285700991568095,13.87652009179157,9.300432187170344,9.300432187170344,9.300432187170344,2.676541783035872,2.9852688043977524,4.576087904621224,0.0,4.5802740359436696,10.047052724005432,137.2404373134675,159.57841057338823,189.02715578141235
105,81.1336946496466,81.1336946496466,81.1336946496466,34.89569397235951,41.656558370609865,49.911266516092326,14.378727479471932,25.10025419043538,39.28500958284211,12.058487096839311,12.363770386278402,13.926246395386364,9.342149348835951,9.342149348835951,9.342149348835951,2.71633774800336,3.021621037442451,4.584097046550414,0.0,4.67687719159351,10.2589564202696,142.4226509745124,164.8886732457904,194.4484429041176
106,85.02011720983326,85.02011720983326,85.02011720983326,34.804067717602344,41.327631991511325,49.355456848059205,14.378727479471932,25.10025419043538,39.28500958284211,12.058489120534507,12.375212474933885,13.94140733637457,9.342149348835951,9.342149348835951,9.342149348835951,2.716339771698556,3.033063126097935,4.5992579875386195,0.0,4.67687719159351,10.2589564202696,146.21744727994192,168.44616942687847,197.77905579627114
107,91.3262498623384,91.3262498623384,91.3262498623384,34.804067717602344,41.327631991511325,49.355456848059205,14.378727479471932,25.10025419043538,39.28500958284211,12.0167719588689,12.33349531326828,13.899690174708963,9.300432187170344,9.300432187170344,9.300432187170344,2.716339771698556,3.033063126097935,4.5992579875386195,0.0,4.662637056304053,10.227719994473386,152.4094051737834,174.63385656935927,203.9919256664637
108,91.3757185971894,91.3757185971894,91.3757185971894,34.804067717602344,41.327631991511325,49.355456848059205,14.365918943099455,25.121955356473297,39.41851647378087,11.900358090675503,12.205641380114594,13.785444947984146,9.184020342672143,9.184020342672143,9.184020342672143,2.71633774800336,3.021621037442451,4.601424605312003,0.0,4.648950235422728,10.197697290604701,152.40443509173593,174.63826930388058,204.10749745692752
109,90.79155240987731,90.79155240987731,90.79155240987731,34.53091238952238,41.15960460411367,49.31327569013229,14.363076129164215,25.10818198450673,39.592581827243684,11.818933868877227,12.12766089023911,13.787829688819002,9.142392085841356,9.142392085841356,9.142392085841356,2.676541783035872,2.9852688043977524,4.645437602977647,0.0,4.590922511646566,10.070410670708617,151.5014862348844,173.76645357953112,203.51259107072931
110,91.01981902424943,91.01981902424943,91.01981902424943,34.754202697462055,41.44492457625696,49.67609518737975,14.123011544733847,25.138985120268227,39.94052511750269,11.904798760709095,12.260250554111128,13.787829688819002,9.142392085841356,9.142392085841356,9.142392085841356,2.7624066748677394,3.117858468269771,4.645437602977647,0.0,4.6110319036,10.114521594993477,151.7988434645977,174.4635423576335,204.49573139689272
111,91.60543437485371,91.60543437485371,91.60543437485371,35.008664765701425,41.76259102047284,49.95054060305937,13.633000912347443,23.459661752917935,38.60164191000678,11.814681485939344,12.154316278875338,13.468326269161928,9.011654180579093,9.011654180579093,9.011654180579093,2.803027305360251,3.1426620982962454,4.456672088582835,0.0,4.583673317217324,10.05450921196056,152.17569184571872,173.6978781942601,203.774228366781
112,89.64381459242932,89.64381459242932,89.64381459242932,35.008664765701425,41.76259102047284,50.06947831360792,13.633000912347443,22.778429123169513,35.341649525127394,11.151854722751779,11.420859464358191,12.768250086351484,8.976273213837906,8.976273213837906,8.976273213837906,2.175581508913872,2.4445862505202847,3.7919768725135774,0.0,4.663484969361968,10.229579932793975,149.42173106231417,170.25357523887604,198.03716851939427
113,88.15913283482502,88.15913283482502,88.15913283482502,35.008664765701425,41.76259102047284,50.06947831360792,13.633000912347443,22.778429123169513,35.56776674596979,11.231977023414887,11.544295845189538,12.867356888790749,8.976273213837906,8.976273213837906,8.976273213837906,2.2557038095769797,2.568022631351631,3.891083674952842,0.0,4.812647309396379,10.556774743192076,148.01467912314558,169.03797103278174,197.22050952638557
114,88.01433223295486,88.01433223295486,88.01433223295486,35.008664765701425,41.76259102047284,50.06947831360792,13.633000912347443,22.739203092360032,35.52430709797944,11.323573032744626,11.620742698119923,12.934788423447538,8.973454170607345,8.973454170607345,8.973454170607345,2.3501188621372817,2.647288527512577,3.9613342528401922,0.0,5.159160924608611,11.31686912494793,147.96194345259605,169.2794311644923,197.82405128864218
115,86.55820644157436,86.55820644157436,86.55820644157436,35.008664765701425,41.76259102047284,50.06947831360792,13.633000912347443,22.739203092360032,35.50264181877524,11.10360018111531,11.379428967998534,12.744469881934577,8.973454170607345,8.973454170607345,8.973454170607345,2.130146010507964,2.4059747973911887,3.771015711327233,0.0,5.159160924608611,11.31686912494793,146.3416723107103,167.63679045698612,196.1850221364423
116,86.48805091546723,86.48805091546723,86.48805091546723,35.189207360524954,41.97205737071418,50.31871818702958,13.863965392641745,22.586488240970866,35.4082261442048,11.095812172307546,11.363005645343524,12.714411054929805,8.973454170607345,8.973454170607345,8.973454170607345,2.122358001700202,2.3895514747361792,3.7409568843224594,0.0,4.970803246785806,10.903697444562392,146.62726875632583,167.36369568464195,195.85243796227945
117,84.75400465205043,84.75400465205043,84.75400465205043,35.31019352147122,42.12069437502989,50.495114983740045,14.003794500256511,22.60351122443101,35.22076338762492,11.053925983921017,11.314176806932949,12.67103169071429,8.960669282922115,8.960669282922115,8.960669282922115,2.093256700998902,2.3535075240108343,3.710362407792176,0.0,4.971718678720381,10.905705488805975,145.14034813280813,165.74889754981328,194.02798060938073
118,83.46678056788693,83.46678056788693,83.46678056788693,35.31899290696865,42.12317884751466,50.500700466631365,14.0960093304247,22.552495324034606,35.13333493639034,10.995481251290883,11.247402389550516,12.631209747592806,8.960669282922115,8.960669282922115,8.960669282922115,2.034811968368768,2.2867331066284002,3.67054046467069,0.0,5.1952379038653795,11.39600572460791,143.77043921069316,164.4755071599075,193.01844357016475
119,81.40715923664446,81.40715923664446,81.40715923664446,35.760431989977434,42.65512912057204,51.141619099677186,14.238283644461331,22.583646613758003,35.13333493639034,10.878064603843663,11.14638473306776,12.464526567660123,8.960669282922115,8.960669282922115,8.960669282922115,1.9173953209215477,2.1857154501456457,3.5038572847380074,0.0,5.341001643431349,11.715745540430037,142.29396133554553,163.15463952435817,191.9106307375301
120,79.04331852155555,79.04331852155555,79.04331852155555,37.78444924040527,45.10304406254715,54.11183635524702,15.36446564915645,22.115906393105682,34.452905175469695,10.870409421871548,11.146234855354933,12.475824942924795,8.973454170607345,8.973454170607345,8.973454170607345,1.8969552512642027,2.172780684747589,3.502370772317451,0.0,5.233788291213194,11.480567864596624,143.06156321948478,162.67325953355743,191.56593937221425
121,77.31946144919267,77.31946144919267,77.31946144919267,42.648146501279534,50.898610472143716,61.058590190126964,17.44868393334489,24.737062993932142,35.69762541844312,10.538298562582062,10.777332350265516,11.938481136378087,8.992788386693,8.992788386693,8.992788386693,1.5455101758890613,1.7845439635725158,2.9456927496850858,0.0,5.214558854900471,11.43838716558813,148.02699557666264,169.01943125069803,197.52495048999245
122,72.0964070295641,72.0964070295641,72.0964070295641,42.753246924554304,51.03152557794685,61.222883980336164,17.545583933152297,24.83323662486041,34.74037688259719,10.551610399072493,10.788551916250501,11.896279169631011,9.065193516956507,9.065193516956507,9.065193516956507,1.4864168821159858,1.723358399293994,2.8310856526745036,0.0,5.3639293709409674,11.76603862012857,143.00896408760673,164.17958744735526,191.75617018214535
123,56.864603946175315,56.864603946175315,56.864603946175315,43.789749321533925,52.26084908533184,62.687181410719006,18.04981475504836,25.232417327880164,34.84676042034735,10.580895116445474,10.817836633623482,11.925563887003992,9.094478234329488,9.094478234329488,9.094478234329488,1.4864168821159858,1.723358399293994,2.8310856526745036,0.0,5.543792561577728,12.160577231847917,129.3178942230936,150.75615176500798,178.48958667860887
124,55.9522866213892,55.9522866213892,55.9522866213892,43.93032278575826,52.45029558895062,62.93763105608939,18.2382843557413,25.622293961108618,35.41451883455961,10.626016933646724,10.856457062475437,11.846265141268928,9.142622559021172,9.142622559021172,9.142622559021172,1.483394374625552,1.7138345034542657,2.703642582247756,0.0,5.547690783077972,12.169128169332323,128.73159745573432,150.41753190272962,178.27658528046308
125,55.844905546128494,55.844905546128494,55.844905546128494,43.93032278575826,52.45029558895062,62.93763105608939,18.288917437074158,25.628107755014092,35.784017743503924,10.629039441137158,10.865980958315166,11.973708211695676,9.142622559021172,9.142622559021172,9.142622559021172,1.4864168821159858,1.723358399293994,2.8310856526745036,0.0,5.658471056486826,12.412130059390458,128.6778719692969,150.43626879062293,178.90914807463156
126,58.33558526797902,58.33558526797902,58.33558526797902,43.93032278575826,52.45029558895062,62.93763105608939,18.288917437074158,25.628107755014092,35.784017743503924,10.730331212357177,10.942130245890986,12.088315308706257,9.142622559021172,9.142622559021172,9.142622559021172,1.5877086533360047,1.7995076868698139,2.9456927496850858,0.0,5.694696307029685,12.49159189929092,131.20772766110395,152.96861359047392,181.47928963638256
127,65.37757736331484,65.37757736331484,65.37757736331484,43.93032278575826,52.45029558895062,62.93763105608939,18.288917437074158,25.628107755014092,35.784017743503924,10.940774245974959,11.117360698817386,12.220645332954362,9.244312078430347,9.244312078430347,9.244312078430347,1.696462167544612,1.873048620387039,2.9763332545240146,0.0,5.705411133724917,12.515095390106271,138.3737865114495,160.09963397834804,188.65584832449494
128,64.47582739697158,64.47582739697158,64.47582739697158,43.93032278575826,52.45029558895062,62.93763105608939,18.288917437074158,25.628107755014092,35.85003481593835,11.077868752003514,11.310259335174617,12.374367399550884,9.260440296052746,9.260440296052746,9.260440296052746,1.817428455950768,2.0498190391218722,3.113927103498138,0.0,5.705411133724917,12.515095390106271,137.59300283351243,159.3746544307396,187.95770927956022
129,64.0357249777135,64.0357249777135,64.0357249777135,43.93032278575826,52.45029558895062,62.93763105608939,18.288917437074158,25.645609509534292,35.51240517438512,11.120025695279962,11.369860884250148,12.310450090578218,9.286035323308655,9.286035323308655,9.286035323308655,1.8339903719713075,2.083825560941493,3.0244147672695645,0.0,5.721358959570146,12.550077717766772,137.2175858027863,159.06263505355392,187.1617359764814
130,65.83513386981522,65.83513386981522,65.83513386981522,43.80258148075555,52.21043664974624,62.5697047204061,18.2382843557413,25.72415219232034,37.42701401831068,11.372010882807707,11.642914044435997,12.797421773293852,9.310152700581163,9.310152700581163,9.310152700581163,2.0618581822265445,2.332761343854835,3.487269072712688,0.0,5.9125264051801505,12.969412759750009,139.1005532953906,161.15996559496702,191.4035354589699
131,68.5639533356358,68.5639533356358,68.5639533356358,43.359816782982946,51.60133632523565,61.76356561160463,18.288917437074158,26.037556839982322,37.49707433951288,11.403331385273,11.674234546901292,12.828742275759144,9.341473203046457,9.341473203046457,9.341473203046457,2.0618581822265445,2.332761343854835,3.487269072712688,0.0,5.977604940806528,13.112165676607868,141.5846984385006,163.82336548609632,193.73418073665505
132,71.95465475013174,71.95465475013174,71.95465475013174,43.359816782982946,51.60133632523565,61.76356561160463,18.288917437074158,26.556171116194847,38.71844132342491,11.713966579865684,11.967685181963715,13.067628399089635,9.511044181043735,9.511044181043735,9.511044181043735,2.2029223988219484,2.4566410009199804,3.5565842180459,0.0,5.977604940806528,13.112165676607868,145.40829056925793,168.16145124006036,198.66830955074306
133,75.1628871617067,75.1628871617067,75.1628871617067,43.359816782982946,51.58922681729224,61.76044258013457,18.288917437074158,26.556171116194847,38.79171810411039,11.918616298109807,12.216478620805486,13.16872040676451,9.526553403537953,9.526553403537953,9.526553403537953,2.392062894571854,2.6899252172675334,3.6421670032265583,0.0,6.322958373215415,13.869715141246717,148.90775947591675,172.0159730277105,202.9696594154133
134,74.51230238622296,74.51230238622296,74.51230238622296,43.17709795261601,51.50509928808015,61.73260758372812,18.178564575162707,25.824891953655474,37.4744536176392,11.918616298109807,12.216478620805486,13.16872040676451,9.526553403537953,9.526553403537953,9.526553403537953,2.392062894571854,2.6899252172675334,3.6421670032265583,0.0,6.34305733757692,13.913803192104213,147.96410300815458,170.5700805248368,201.01806320790942
135,73.53670062388453,73.53670062388453,73.53670062388453,42.68213722004862,50.899089130780425,61.01725401789081,17.99673081127964,25.783143736783252,37.644367016819,12.278481255850732,12.57634357854641,13.528585364505435,9.886418361278878,9.886418361278878,9.886418361278878,2.392062894571854,2.6899252172675334,3.6421670032265583,0.0,6.791403220404523,14.897271580242181,146.3117067493657,169.39506627115404,200.48048966705144
136,72.98310937472856,72.98310937472856,72.98310937472856,40.13133942204364,47.84957700926065,57.355693803661076,16.999656021954994,24.16114890681625,35.37162945208393,12.256898519631857,12.548721892737563,13.621534894187837,9.886418361278878,9.886418361278878,9.886418361278878,2.3704801583529784,2.6623035314586847,3.7351165329089593,0.0,7.119103771101006,15.616098594673174,142.28793759700923,164.5626534021316,194.87369232837727
137,72.44097635360329,72.44097635360329,72.44097635360329,39.52860893194262,47.09229355458792,56.41400616416499,16.836801584744116,24.022702013706283,35.81157000114621,12.186717528256287,12.465869652766798,13.54716110323055,9.886418361278878,9.886418361278878,9.886418361278878,2.3002991669774087,2.5794512914879215,3.6607427419516725,0.0,7.119103771101006,15.616098594673174,140.98021964857207,163.12479003322363,193.82981221681823
138,71.17062761430789,71.17062761430789,71.17062761430789,39.41768001194128,46.981326879569586,56.29869856104289,16.7365912773173,23.843714035245988,36.167169377058954,12.186717528256287,12.465869652766798,13.54716110323055,9.886418361278878,9.886418361278878,9.886418361278878,2.3002991669774087,2.5794512914879215,3.6607427419516725,0.0,7.119103771101006,15.616098594673174,139.4987316818485,161.56448664044962,192.7997552503135
139,56.11452099961932,56.11452099961932,56.11452099961932,36.75560125441268,43.694043962242986,52.25861005255693,15.664981295266639,23.17546941248138,35.1848890977995,12.186717528256287,12.465869652766798,13.54716110323055,9.886418361278878,9.886418361278878,9.886418361278878,2.3002991669774087,2.5794512914879215,3.6607427419516725,0.0,7.256336448858398,15.91712511362487,120.7089363275807,142.69008516342723,173.02230636683117
140,46.088364657621646,46.088364657621646,46.088364657621646,36.56381355398786,43.49698179950529,52.05714330347582,15.487657010360943,22.904626660492195,35.79880765455862,12.320442951013382,12.64733364785621,13.8710050861352,9.886418361278878,9.886418361278878,9.886418361278878,2.434024589734504,2.760915286577331,3.9845867248563227,0.0,7.256336448858398,15.91712511362487,110.41838333748446,132.3534971967578,163.73244581541618
141,42.047104003803476,42.047104003803476,42.047104003803476,36.014626567161336,42.794890896193756,51.170038504921436,15.302877888891812,22.382732210571213,34.16790011447586,11.675993043672868,12.013901613849162,13.124140370068105,9.169636776671423,9.169636776671423,9.169636776671423,2.506356267001445,2.8442648371777395,3.954503593396681,0.0,7.256336448858398,15.91712511362487,104.99949412363857,126.45385789510327,156.41018676969009
142,39.86835255171743,39.86835255171743,39.86835255171743,35.914992496414385,42.740886751495474,51.167754320251966,15.246877249742584,21.83155675967896,33.74825989609869,12.125229481265537,12.524214824792823,13.643138702015381,9.126127526632194,9.126127526632194,9.126127526632194,2.9991019546333426,3.3980872981606285,4.517011175383188,0.0,7.256336448858398,15.91712511362487,103.08533431372389,124.15624935333607,154.26561944480187
143,39.226128670468,39.226128670468,39.226128670468,35.914992496414385,42.740886751495474,51.167754320251966,15.246877249742584,22.075123939529536,34.92621394829161,12.555105997948449,13.05420224610452,14.287219507981145,9.103440976546832,9.103440976546832,9.103440976546832,3.4516650214016167,3.950761269557689,5.183778531434313,0.0,7.256336448858398,15.91712511362487,102.86372694597377,124.28171769447947,155.46155735913115
144,24.856157696161862,24.856157696161862,24.856157696161862,35.914992496414385,42.740886751495474,51.167754320251966,15.246877249742584,22.12276176813873,35.69762771519734,12.455483775348824,12.871962466485147,14.164267331484076,8.882938355016995,8.882938355016995,8.882938355016995,3.57254542033183,3.989024111468153,5.281328976467082,0.0,7.57298201805271,16.611702491212398,88.58732554949826,110.26570916763106,142.61402655789865
145,9.810647014754792,9.810647014754792,9.810647014754792,35.914992496414385,42.740886751495474,51.170038504921436,15.246877249742584,21.879495922423754,35.5751433325127,12.38329213424667,12.804790205873825,14.084929500056345,8.839756799439972,8.839756799439972,8.839756799439972,3.5435353348066987,3.9650334064338546,5.245172700616374,0.0,7.57298201805271,16.611702491212398,73.46910791615151,94.9170814513846,127.36504302159568
146,7.194802744162941,7.194802744162941,7.194802744162941,35.82128107043862,42.633304852244265,51.045423040861614,15.142463863969851,21.834564941030322,34.40653445856094,12.166059050899943,12.650462937216183,13.91808841977694,8.787589173699969,8.787589173699969,8.787589173699969,3.378469877199974,3.8628737635162143,5.130499246076971,0.0,7.57298201805271,16.611702491212398,70.42027440781465,91.99015712435397,123.21270743042554
147,5.985146946760813,5.985146946760813,5.985146946760813,35.82128107043862,42.633304852244265,51.045423040861614,15.124200852932885,21.834564941030322,32.686051809143585,11.713495984131669,12.097788965819122,13.251321063725815,8.787589173699969,8.787589173699969,8.787589173699969,2.9259068104317,3.3101997921191533,4.463731890025846,0.0,7.731611965448666,16.959664956468043,68.73979253260727,90.38645730295073,119.96376409281058
148,5.865507028190125,5.865507028190125,5.865507028190125,35.82128107043862,42.633304852244265,51.045423040861614,15.124200852932885,21.42501114646332,32.66148094356191,11.146149771111258,11.471202578472273,12.766301849256948,8.787589173699969,8.787589173699969,8.787589173699969,2.3585605974112887,2.6836134047723044,3.978712675556979,0.0,8.015242375542845,17.581821985061726,68.12740692640469,89.58707153892435,120.02452046487116
149,5.221371071264884,5.221371071264884,5.221371071264884,34.182366669746735,40.684529438349394,48.71589273993403,14.396249351525958,21.10987109494678,32.81486698288276,10.894119257202249,11.188991975882246,12.341412229684899,8.658969329194054,8.658969329194054,8.658969329194054,2.235149928008194,2.530022646688191,3.6824429004908446,0.0,8.268967116722878,18.13837948184373,64.65535151911592,86.43497586654227,117.21529482717224
150,4.9696745015906005,4.9696745015906005,4.9696745015906005,33.47739068036456,39.862059113572656,47.74378809067358,14.038975042351664,20.683148556597274,33.04025505191871,11.822065079248425,12.2835525490035,13.408741779678728,8.658969329194054,8.658969329194054,8.658969329194054,3.16309575005437,3.624583219809446,4.749772450484675,0.0,8.268967116722878,18.13837948184373,64.31793770266135,86.08282513854938,117.30083890570536
151,4.459899910090787,4.459899910090787,4.459899910090787,32.37630772862869,38.57210434145501,46.2180647960069,13.973393018331347,21.141005860226578,35.841995267553195,12.384948482237824,12.883490124333019,14.115870260697275,8.658969329194054,8.658969329194054,8.658969329194054,3.7259791530437694,4.224520795138964,5.45690093150322,0.0,8.268967116722878,18.13837948184373,63.2247785027129,85.36021341602941,118.83444931655794
152,3.159402275424832,3.159402275424832,3.159402275424832,32.240499027680926,38.3889076394696,45.975043927418206,13.965144289599746,20.18131931033697,32.04473982917125,11.788672779822297,12.185598709932886,13.407890681043659,8.658969329194054,8.658969329194054,8.658969329194054,3.1297034506282433,3.5266293807388327,4.748921351849605,0.0,8.268967116722878,18.13837948184373,61.267302341368094,82.31167808096748,112.84107913827121
153,2.857744515336413,2.857744515336413,2.857744515336413,32.16444201347755,38.29746630519241,45.86769835494262,13.874875988710578,19.49708160248839,29.806963767168945,10.70189796019469,10.978275964666771,12.05402296297958,8.658969329194054,8.658969329194054,8.658969329194054,2.042928631000636,2.3193066354727163,3.3950536337855257,0.0,8.268967116722878,18.13837948184373,59.722157481169894,80.03927778073063,108.99557067053857
154,2.8521840271767442,2.8521840271767442,2.8521840271767442,31.594779826773255,37.614339679953716,45.04418124402025,13.79522347363369,18.960549492392833,28.69110944871255,11.114764042276326,11.406895774492181,12.46993693288314,9.121427666125204,9.121427666125204,9.121427666125204,1.9933363761511216,2.2854681083669783,3.348509266757937,0.0,7.731611965448666,16.959664956468043,59.35962010874169,78.56877121986254,106.01707660926073
155,2.769060035986122,2.769060035986122,2.769060035986122,25.525214731508918,30.369999456450415,36.347337484796476,11.468342747853328,15.814502373439192,24.371288820282942,11.299632767497986,11.583443265738536,12.67146632461702,9.32665637370305,9.32665637370305,9.32665637370305,1.9729763937949354,2.256786892035486,3.3448099509139695,0.0,7.356400297647311,16.13662000774249,51.08261026520253,67.92208664559307,92.29225710344767
156,2.737693937736745,2.737693937736745,2.737693937736745,25.49238698780878,30.32923190935625,36.296436709986246,11.456714248668526,15.79174635919412,24.54021042283206,11.344026966855312,11.587630041118452,12.627015246799646,9.464815904975447,9.464815904975447,9.464815904975447,1.879211061879865,2.122814136143004,3.162199341824198,0.0,7.087345718492998,15.546435769597544,51.003043736235675,67.50545921928017,91.69291117422542
157,2.536179185114527,2.536179185114527,2.536179185114527,25.47675565618757,30.30692831661485,36.26675027154675,11.447852819854914,15.781277174053956,24.682454886260206,11.344026966855312,11.587630041118452,12.62238944855059,9.464815904975447,9.464815904975447,9.464815904975447,1.879211061879865,2.122814136143004,3.1575735435751433,0.0,7.076616989351081,15.522901783092692,50.77703622317864,67.26044295963446,91.580420460087
158,2.5034238102049486,2.5034238102049486,2.5034238102049486,25.426399674650675,30.251504118652328,36.204890519874425,11.363383617341402,15.953746465329598,24.84091100702349,11.337613450255834,11.581463970227059,12.602374699137448,9.464815904975447,9.464815904975447,9.464815904975447,1.8727975452803867,2.1166480652516126,3.137558794162001,0.0,7.076616989351081,15.522901783092692,50.60945566421865,67.34473267803801,91.64426145426837
159,2.496847930586293,2.496847930586293,2.496847930586293,23.79525406121359,28.297337056427796,33.87859811434832,10.862613053954254,15.184204902646766,23.93443455313781,11.211489028045523,11.443952213244671,12.489415215713002,9.464815904975447,9.464815904975447,9.464815904975447,1.7466731230700772,1.9791363082692244,3.024599310737556,0.0,7.076616989351081,15.522901783092692,48.34483918556545,64.4769364165296,88.32219759687813
160,2.4754543177842456,2.4754543177842456,2.4754543177842456,24.257431084176396,28.941325519800547,34.74134248946862,10.862613053954254,14.856845246947277,23.554100079918385,10.977670723194123,11.18215073058952,12.166400097441294,9.464815904975447,9.464815904975447,9.464815904975447,1.5128548182186767,1.7173348256140724,2.7015841924658472,0.0,7.087345718492998,15.546435769597544,48.57316917910902,64.54312153361458,88.49646130820028
161,2.406875196731202,2.406875196731202,2.406875196731202,24.921193972300582,29.689845749835243,35.585015372149215,11.050244439073067,14.882476163179666,23.135327944059366,10.880293361894774,11.069238828499758,12.073425626989755,9.464815904975447,9.464815904975447,9.464815904975447,1.415477456919326,1.6044229235243108,2.608609722014308,0.0,7.131012290503135,15.642220508200426,49.27921585724444,65.20214244060882,88.86817135849
162,2.404827983982524,2.404827983982524,2.404827983982524,24.955684522503685,29.666006859618324,35.501894156131804,11.032544257415209,14.846140430464672,22.433822232102052,10.687165815453366,10.867481970461888,11.80145024323786,9.316036774864257,9.316036774864257,9.316036774864257,1.371129040589109,1.5514451955976314,2.4854134683736016,0.0,7.356400297647311,16.13662000774249,49.080222579354775,65.14085754217471,88.27861462319673
163,2.3806401642966413,2.3806401642966413,2.3806401642966413,25.67761904469783,30.577430466868538,36.6757234370206,11.032544257415209,14.845912357914997,22.376605537051493,10.441815861319673,10.613146035894848,11.540360169493518,9.155164012286136,9.155164012286136,9.155164012286136,1.2866518490335372,1.457982023608713,2.3851961572073828,0.0,7.527439055314001,16.51180179875329,49.53261932772936,65.94456808028902,89.48513110661554
164,2.307885444136104,2.307885444136104,2.307885444136104,25.67761904469783,30.577430466868538,36.6757234370206,11.032544257415209,14.845912357914997,22.376605537051493,10.31582736785856,10.477201521930862,11.399410119743653,9.123296759935329,9.123296759935329,9.123296759935329,1.1925306079232307,1.3539047619955338,2.2761133598083236,0.0,8.135919728641836,17.846533598311126,49.3338761141077,66.34434951949234,90.60615813626298
165,2.122114841636664,2.122114841636664,2.122114841636664,25.67761904469783,30.577430466868538,36.6757234370206,11.032544257415209,14.828892407618357,22.24281848928338,10.260046412912093,10.420135684919952,11.33946876435463,9.07105964185931,9.07105964185931,9.07105964185931,1.1889867710527828,1.3490760430606423,2.268409122495319,0.0,9.218514066473439,20.221256661941737,49.07695475564025,67.15104926964963,92.5812014250451
166,2.045360913097726,2.045360913097726,2.045360913097726,25.69671150366047,30.60516471133042,36.71272531042836,11.050244439073067,14.829120480168031,21.50265066513242,10.088945600673842,10.213223585337897,11.089747056208633,9.008711977423449,9.008711977423449,9.008711977423449,1.080233623250394,1.204511607914447,2.0810350787851837,0.0,9.44032602231606,20.7078119199191,48.88969857389999,67.14190276439378,92.07174805724618
167,1.9000751424580375,1.9000751424580375,1.9000751424580375,25.81629216546791,30.748543849565973,36.88668276972912,11.054404320359284,14.865456212883025,21.421017936723967,9.96923369644738,10.079364185984511,10.924167411752334,8.98964562115993,8.98964562115993,8.98964562115993,0.9795880752874514,1.089718564824582,1.9345217905924046,0.0,9.75536736294775,21.39887034453055,48.74693900835928,67.35613789956295,92.5311012289387
168,1.7442694984969163,1.7442694984969163,1.7442694984969163,27.384184674356973,32.605940669493705,39.10062088911857,11.956450256034511,15.92372869003986,22.71818552229753,9.834777788623683,9.936823522290567,10.769058927689947,8.97213410722326,8.97213410722326,8.97213410722326,0.8626436814004229,0.9646894150673065,1.7969248204666863,0.0,11.038564936949763,24.213626313309163,50.91389564728052,71.24201299725395,98.52218333936554
169,1.5221261743164578,1.5221261743164578,1.5221261743164578,26.376742149643814,31.30671289662102,37.43680446390308,11.956450256034511,15.62899653347789,20.93868836978331,9.34417649453899,9.397685543979275,9.953707930689944,8.890275129264081,8.890275129264081,8.890275129264081,0.45390136527490893,0.5074104147151931,1.0634328014258634,0.0,11.038564936949763,24.213626313309163,49.19949507453377,68.8940860853444,94.07139420498922
170,1.5221261743164578,1.5221261743164578,1.5221261743164578,26.376742149643814,31.30671289662102,37.43680446390308,11.956450256034511,15.62899653347789,20.93868836978331,9.338389924307426,9.390371223962415,9.938745862343144,8.890275129264081,8.890275129264081,8.890275129264081,0.44811479504334495,0.5000960946983329,1.0484707330790615,0.0,11.038564936949763,24.213626313309163,49.19949507453377,68.8940860853444,94.07139420498922
