,sediments,sediments,sediments,crust,crust,crust,lithosphere,lithosphere,lithosphere,serpentinite,serpentinite,serpentinite,serpentinite_bending,serpentinite_bending,serpentinite_bending,serpentinite_mor,serpentinite_mor,serpentinite_mor,organic_sediments,organic_sediments,organic_sediments,total,total,total,cumulative_subducted,cumulative_subducted,cumulative_subducted
,min,mean,max,min,mean,max,min,mean,max,min,mean,max,min,mean,max,min,mean,max,min,mean,max,min,mean,max,min,mean,max
0,64.80430067088173,64.80430067088173,64.80430067088173,18.76436707775925,22.324508254015555,26.710295611549014,6.902409771257881,13.738195557644582,22.27248871241235,9.65785531205396,9.768276622333111,10.407462268023796,8.612858685526275,8.612858685526275,8.612858685526275,1.0449966265276849,1.1554179368068356,1.7946035824975213,0.0,4.534761036970713,9.9472177585164,100.16818824659806,114.60587097240905,133.0416495384472,11787.404092887266,14596.353018490523,18051.1675391767
1,68.24048776575223,68.24048776575223,68.24048776575223,18.76436707775925,22.324508254015555,26.710295611549014,6.902409771257881,13.738195557644582,23.029614640569193,9.768358110525611,9.90981088374767,10.665098429450083,8.612858685526275,8.612858685526275,8.612858685526275,1.1554994249993353,1.2969521982213963,2.052239743923809,0.0,4.534761036970713,9.9472177585164,101.75348995551829,116.91579426334523,137.1229042707472,11787.404092887266,14596.353018490523,18051.1675391767
2,68.24048776575223,68.24048776575223,68.24048776575223,19.515861125202946,23.199848218915307,27.741875899526544,6.9319459161631585,14.041199110280427,23.029614640569193,9.667351311791204,9.784435985223197,10.455448166491557,8.60952776099563,8.60952776099563,8.60952776099563,1.0578235507955733,1.1749082242275666,1.845920405495927,0.0,4.534761036970713,9.9472177585164,101.75348995551829,116.91579426334523,137.1229042707472,11787.404092887266,14596.353018490523,18051.1675391767
3,68.24048776575223,68.24048776575223,68.24048776575223,19.625545496416095,23.31911090905401,27.873345164960348,6.9319459161631585,14.041199110280427,23.029614640569193,9.667351311791204,9.784435985223197,10.455448166491557,8.60952776099563,8.60952776099563,8.60952776099563,1.0578235507955733,1.1749082242275666,1.845920405495927,0.0,4.457653335701413,9.77807828476439,101.75348995551829,116.91579426334523,137.1229042707472,11787.404092887266,14596.353018490523,18051.1675391767
4,64.80430067088173,64.80430067088173,64.80430067088173,19.625545496416095,23.31911090905401,27.873345164960348,7.257976644227008,13.953754499487111,23.029614640569193,9.649609760359704,9.760031070638856,10.39921671632954,8.60461313383202,8.60461313383202,8.60461313383202,1.0449966265276849,1.1554179368068356,1.7946035824975213,0.0,4.39867575145131,9.648708099957709,100.16818824659806,114.60587097240905,134.75401847312173,11687.535400066032,14481.927014905597,17918.359406590727
5,62.92004073692383,62.92004073692383,62.92004073692383,19.69559117065683,23.404489398640727,27.9773335203441,7.3333780370681545,13.953754499487111,22.433555540287394,9.649609760359704,9.760031070638856,10.39921671632954,8.60461313383202,8.60461313383202,8.60461313383202,1.0449966265276849,1.1554179368068356,1.7946035824975213,0.0,4.39867575145131,9.648708099957709,99.86869282123362,114.49812247121685,133.0416495384472,11592.418178068569,14371.798447487705,17789.230114327827
6,61.0682699572717,61.0682699572717,61.0682699572717,19.75746818780095,23.52046664655306,28.15384300698511,7.412763383650728,14.041199110280427,22.433555540287394,9.649609760359704,9.769987174862873,10.39921671632954,8.60461313383202,8.60461313383202,8.60461313383202,1.0449966265276849,1.1653740410308535,1.7946035824975213,0.0,4.329466833107315,9.49689498875153,98.99859563159823,114.42600358492648,132.8081325859727,11492.24998982197,14257.192576515296,17656.18846478938
7,59.08963504246696,59.08963504246696,59.08963504246696,19.838858756496048,23.600410086210644,28.2352880283365,7.614937722778032,14.041199110280427,22.395618677004677,9.623989358901687,9.736032287563408,10.33678774660725,8.580614350756571,8.580614350756571,8.580614350756571,1.043375008145116,1.1554179368068356,1.7561733958506793,0.0,4.141448148225889,9.08446690578582,95.11722199746364,110.12856741789213,129.1292922628983,11382.417026506215,14131.313612074904,17509.84438679138
8,57.45836768103974,57.45836768103974,57.45836768103974,19.838858756496048,23.600410086210644,28.2352880283365,7.653014625117055,14.041199110280427,22.395618677004677,9.427325756764711,9.536888994191958,10.163613890751572,8.528163930507382,8.528163930507382,8.528163930507382,0.8991618262573287,1.0087250636845766,1.6354499602441894,0.0,4.0858113388591075,8.962424872336108,93.55968643608173,107.95190154675969,126.268630128946,11283.418430874617,14016.815489603687,17375.09036831826
9,55.49814668053113,55.49814668053113,55.49814668053113,20.007278077044514,23.777076979113673,28.421568101347,7.678744076681664,14.041199110280427,22.395618677004677,9.320988762392798,9.426746041041518,10.030935027738762,8.484142191269173,8.484142191269173,8.484142191269173,0.8368465711236239,0.9426038497723452,1.5467928364695882,0.0,4.0641249128823285,8.91485464761285,91.94457681013631,106.46542011804698,124.96093093744216,11189.858744438536,13908.863588056927,17248.821738189312
10,51.99181341882948,51.99181341882948,51.99181341882948,20.157564625148705,23.98076898931539,28.68604707775842,7.678744076681664,14.06977883002672,22.395618677004677,9.15548135926519,9.26123863791391,9.865427624611154,8.318634788141566,8.318634788141566,8.318634788141566,0.8368465711236239,0.9426038497723452,1.5467928364695882,0.0,3.9222836990046592,8.60371908168764,88.57801113857283,103.10196474328465,121.76734052092144,11097.9141676284,13802.39816793888,17123.86080725187
11,50.924263049823466,50.924263049823466,50.924263049823466,20.157564625148705,23.98076898931539,28.68604707775842,7.678744076681664,14.06977883002672,22.395618677004677,9.05084651497138,9.138494500993614,9.715804683953918,8.221751986779047,8.221751986779047,8.221751986779047,0.8290945281923329,0.9167425142145671,1.4940526971748713,0.0,3.707530398765576,8.132647326324488,87.89740891376256,101.469265661962,118.83787301743394,11009.336156489828,13699.296203195596,17002.09346673095
12,48.182905066676675,48.182905066676675,48.182905066676675,20.157564625148705,23.98076898931539,28.68604707775842,7.757626766258763,14.06977883002672,22.395618677004677,8.965951022725335,9.05359900874757,9.630909191707874,8.136856494533003,8.136856494533003,8.136856494533003,0.8290945281923329,0.9167425142145671,1.4940526971748713,0.0,3.6832637640772825,8.079417288943716,86.00638850805274,99.41082714547049,116.31383205972628,10926.880299242315,13602.378265946612,16886.161701061385
13,46.41930749495607,46.41930749495607,46.41930749495607,20.232950974011466,24.065290618030605,28.78439070081134,8.000705843603306,14.138956096568602,22.395618677004677,8.965951022725335,9.05359900874757,9.630909191707874,8.136856494533003,8.136856494533003,8.136856494533003,0.8290945281923329,0.9167425142145671,1.4940526971748713,0.0,3.636085127273971,7.975928666278388,83.22362571374686,97.62601620329656,115.93176566956372,10843.831938744312,13505.389184644884,16771.398508063467
14,45.79045241365621,45.79045241365621,45.79045241365621,20.582246112267725,24.489952651612754,29.29687439057836,8.342496668742216,14.609080705213147,22.433555540287394,8.85827186966079,8.945919855683025,9.523230038643328,8.029177341468458,8.029177341468458,8.029177341468458,0.8290945281923329,0.9167425142145671,1.4940526971748713,0.0,3.625275136803356,7.952216429117039,83.04836049800377,96.98908130172804,115.74412551600314,10765.53313470274,13413.866368480312,16663.107968843262
15,43.91752268095825,43.91752268095825,43.91752268095825,21.214286399544317,25.220145758526836,30.14869062103956,8.373599688797302,14.628173940509313,22.621478173947498,8.87011101742405,8.954831389196883,9.625066630922886,8.029177341468458,8.029177341468458,8.029177341468458,0.8409336759555917,0.9256540477284263,1.5958892894544274,0.0,3.6230492981189424,7.947333944260906,82.8351570604333,96.91793724898369,114.76319299791824,10677.635725788978,13312.39710281835,16544.27009582583
16,43.6962906731082,43.6962906731082,43.6962906731082,21.534788854582107,25.641624052759266,30.694886347820443,8.552880503054636,14.869336601526498,22.621478173947498,8.977790170488595,9.062510542261428,9.732745783987431,8.136856494533003,8.136856494533003,8.136856494533003,0.8409336759555917,0.9256540477284263,1.5958892894544274,0.0,3.6230492981189424,7.947333944260906,82.8351570604333,96.86011920056539,114.61227015649843,10591.629337280925,13212.98627567288,16427.956263766104
17,42.54759296185576,42.54759296185576,42.54759296185576,22.0530002624014,26.250650825724275,31.415597354042216,8.556639104644782,14.99418854552745,22.93823054637674,9.018315958068138,9.102218811761656,9.77730922333151,8.168312160140056,8.168312160140056,8.168312160140056,0.8500037979280815,0.9339066516215997,1.608997063191455,0.0,3.6150044793837375,7.929687245099811,81.92759646228879,96.81844129990891,114.61227015649843,10510.652765424797,13118.028998894406,16315.51744492352
18,42.457264335411026,42.457264335411026,42.457264335411026,22.248302282287806,26.49181994566722,31.710827925454875,8.566970235350063,15.139375499127768,23.29956294702549,9.123523939325437,9.217781791297586,9.834921135773012,8.221751986779047,8.221751986779047,8.221751986779047,0.9017719525463899,0.9960298045185397,1.6131691489939652,0.0,3.6150044793837375,7.929687245099811,82.8351570604333,96.86011920056539,115.6609601153144,10427.42913971105,13020.40298269111,16199.773319407517
19,42.239695329214335,42.239695329214335,42.239695329214335,22.248302282287806,26.49181994566722,31.710827925454875,8.649916275449849,15.235550150230667,23.29956294702549,9.181783064656287,9.274071605231445,9.953462388277162,8.2695740284764,8.2695740284764,8.2695740284764,0.9122090361798869,1.0044975767550448,1.6838883598007606,0.0,3.578832318470081,7.850341859869856,81.92759646228879,96.81844129990891,114.61227015649843,10344.593982650616,12923.542863490544,16085.161049251019
20,40.13939186636504,40.13939186636504,40.13939186636504,22.248302282287806,26.49181994566722,31.710827925454875,8.649916275449849,15.235550150230667,23.29956294702549,9.297926476101045,9.39822671355187,10.132594384532222,8.336461503068165,8.336461503068165,8.336461503068165,0.9614649730328811,1.0617652104837043,1.7961328814640574,0.0,3.574500080458532,7.840838886167103,80.97657185612877,94.95727677847377,112.54222226386285,10267.152193470685,12831.571764326529,15974.652193991795
21,40.13939186636504,40.13939186636504,40.13939186636504,22.29148572105961,26.55466440676636,31.79573143904706,8.673601132846661,15.238499518597223,23.54561186902197,9.297926476101045,9.39822671355187,10.132594384532222,8.336461503068165,8.336461503068165,8.336461503068165,0.9614649730328811,1.0617652104837043,1.7961328814640574,0.0,3.578832318470081,7.850341859869856,81.92759646228879,96.81844129990891,114.61227015649843,10191.424136457481,12741.368420531477,15865.943115427395
22,40.041448242872356,40.041448242872356,40.041448242872356,22.31816418064031,26.57528275901503,31.81185295503698,8.777656051649123,15.318112437546489,23.59131771887746,9.297926476101045,9.39822671355187,10.132594384532222,8.336461503068165,8.336461503068165,8.336461503068165,0.9614649730328811,1.0617652104837043,1.7961328814640574,0.0,3.578832318470081,7.850341859869856,81.92759646228879,96.81844129990891,114.61227015649843,10114.55352070123,12650.083815294656,15756.388417853303
23,40.041448242872356,40.041448242872356,40.041448242872356,23.190786835187925,27.605835256661607,33.03464415492809,9.1074640043708,15.915958172040108,24.304967518663545,9.297926476101045,9.39822671355187,10.132594384532222,8.336461503068165,8.336461503068165,8.336461503068165,0.9614649730328811,1.0617652104837043,1.7961328814640574,0.0,3.567655723155839,7.825825457245067,81.70970812827662,96.81844129990891,115.6609601153144,10032.625924238942,12553.265373994747,15640.727457737989
24,40.13939186636504,40.13939186636504,40.13939186636504,23.514816330487353,27.969933945992224,33.450164742837714,9.277405972238542,16.40011440453308,25.161260367520676,9.297926476101045,9.39822671355187,10.132594384532222,8.336461503068165,8.336461503068165,8.336461503068165,0.9614649730328811,1.0617652104837043,1.7961328814640574,0.0,3.567655723155839,7.825825457245067,81.92759646228879,96.88508375853293,116.0163230666176,9947.53165447995,12452.626754122912,15520.487558988154
25,40.244638286965056,40.244638286965056,40.244638286965056,23.53264115349695,27.969933945992224,33.450164742837714,9.306943475561509,16.40011440453308,25.161260367520676,9.297926476101045,9.39822671355187,10.132594384532222,8.336461503068165,8.336461503068165,8.336461503068165,0.9614649730328811,1.0617652104837043,1.7961328814640574,0.0,3.567655723155839,7.825825457245067,83.72374627670169,99.87858361357853,119.5569690897912,9867.167945183324,12357.975437820802,15407.945336724291
26,40.244638286965056,40.244638286965056,40.244638286965056,23.53264115349695,27.969933945992224,33.450164742837714,9.306943475561509,16.40011440453308,25.161260367520676,9.279264880293196,9.385269417989345,10.06813157907823,8.361760012337976,8.361760012337976,8.361760012337976,0.9175048679552193,1.0235094056513696,1.7063715667402544,0.0,3.567655723155839,7.825825457245067,83.72374627670169,99.87858361357853,119.5569690897912,9788.087959628892,12265.020833053004,15297.47663520613
27,41.79284485234802,41.79284485234802,41.79284485234802,23.53264115349695,27.969933945992224,33.450164742837714,9.565030175981459,16.40011440453308,25.161260367520676,9.226264941698362,9.332225972083528,9.953619084264883,8.361760012337976,8.361760012337976,8.361760012337976,0.8645049293603859,0.9704659597455506,1.5918590719269072,0.0,3.5100760471392194,7.699521651789255,85.09426975899301,100.63861987183577,119.5569690897912,9701.01778926178,12161.43500659015,15173.21431402591
28,41.79284485234802,41.79284485234802,41.79284485234802,23.514816330487353,27.96660134274785,33.42350574448867,9.565030175981459,16.19465564444983,23.77538448612906,9.159296701729284,9.246770237046954,9.925555483675792,8.352514963166056,8.352514963166056,8.352514963166056,0.8067817385632279,0.8942552738808985,1.573040520509735,0.0,3.4387007936229654,7.542956579560053,86.63351349360798,99.87858361357853,119.03396250905115,9617.294042985077,12061.556422976571,15052.81492183064
29,42.22075352014555,42.22075352014555,42.22075352014555,23.514816330487353,27.96660134274785,33.42350574448867,9.565030175981459,16.19465564444983,23.77538448612906,8.865718771168915,8.944609024082185,9.674000035706227,8.17731992781276,8.17731992781276,8.17731992781276,0.6883988433561546,0.7672890962694238,1.4966801078934655,0.0,3.4256202876089303,7.514263856690557,86.63351349360798,99.87858361357853,119.03396250905115,9535.5843348568,11964.671339218039,14936.798598764022
30,42.22075352014555,42.22075352014555,42.22075352014555,23.514816330487353,27.96660134274785,33.42350574448867,9.578682460835484,16.19465564444983,23.77538448612906,8.779300651839716,8.844645613619806,9.425619026053505,8.17731992781276,8.17731992781276,8.17731992781276,0.6019807240269548,0.6673256858070453,1.2482990982407445,0.0,3.4256202876089303,7.514263856690557,86.63351349360798,99.87858361357853,119.03396250905115,9448.950821363193,11862.15353500404,14814.465125077675
31,41.79284485234802,41.79284485234802,41.79284485234802,23.514816330487353,27.96660134274785,33.42350574448867,9.578682460835484,16.19465564444983,23.47086960904727,8.948667863390469,9.019840648973101,9.600814061406801,8.352514963166056,8.352514963166056,8.352514963166056,0.5961529002244133,0.6673256858070453,1.2482990982407445,0.0,3.1808839075449007,6.977422764937201,83.72374627670169,99.7808134830572,116.0163230666176,9361.375198060987,11760.356363009816,14694.908155987883
32,41.79284485234802,41.79284485234802,41.79284485234802,23.514816330487353,27.96660134274785,33.42350574448867,9.578682460835484,15.99616438681379,22.299984093699468,8.914465447687887,8.986712571898922,9.591202819256877,8.352514963166056,8.352514963166056,8.352514963166056,0.5619504845218304,0.6341976087328647,1.2386878560908194,0.0,2.9374503356785504,6.443439446004562,81.70970812827662,96.88508375853293,114.85474221066156,9281.271856341575,11667.239018093094,14585.559931743064
33,41.79284485234802,41.79284485234802,41.79284485234802,23.53264115349695,27.96660134274785,33.42350574448867,9.891326684050403,15.512946059642374,21.926191180859536,8.914465447687887,8.986712571898922,9.55663191947129,8.352514963166056,8.352514963166056,8.352514963166056,0.5619504845218304,0.6341976087328647,1.2041169563052332,0.0,2.9276958818200125,6.422042579476157,80.27898946823136,93.11734491672266,109.34822424481808,9190.199783208287,11563.649876202862,14466.525969234013
34,39.69919902043028,39.69919902043028,39.69919902043028,23.075167276781983,27.439741971680515,32.81262107020579,9.737448912458497,15.008978845261963,21.81490707842204,8.905476535546718,8.973473031373095,9.52317193242705,8.352514963166056,8.352514963166056,8.352514963166056,0.5529615723806618,0.6209580682070389,1.170656969260995,0.0,2.8066425694615056,6.156506281399432,80.1033417194129,91.33619541943067,105.90602601506477,9102.66202088329,11463.869062719805,14351.671227023351
35,34.969884464826805,34.969884464826805,34.969884464826805,22.66881899944561,26.955247452634307,32.23108612456866,9.578682460835484,14.899472922648151,21.128052349368872,8.909321807380708,8.982291843284523,9.499872424637246,8.352514963166056,8.352514963166056,8.352514963166056,0.556806844214652,0.6297768801184664,1.1473574614711888,0.0,2.7708835735469908,6.078067193586947,75.36737938321265,88.83442691209922,104.89984202639963,9022.383031415058,11372.532867300373,14246.771384996951
36,29.725805703214675,29.725805703214675,29.725805703214675,22.66881899944561,26.955247452634307,32.23108612456866,9.578682460835484,14.884566582355694,21.073894206457105,8.903633446762843,8.976603482666658,9.490966072571966,8.346826602548191,8.346826602548191,8.346826602548191,0.556806844214652,0.6297768801184664,1.144139470023776,0.0,2.7538075125391868,6.040610027505313,74.90532928987233,87.5126889341653,102.47407610465707,8947.015652031845,11285.020178366209,14144.297308892294
37,28.879886630776003,28.879886630776003,28.879886630776003,22.66881899944561,26.955247452634307,32.23108612456866,9.578682460835484,14.884566582355694,21.040556806456685,8.662831923761672,8.735079047972707,9.245020909263618,8.100881439239842,8.100881439239842,8.100881439239842,0.5619504845218304,0.6341976087328647,1.144139470023776,0.0,2.7370386240747075,6.003826659260648,71.36120350449774,84.38853802138371,100.27473313496336,8872.110322741974,11196.18575145411,14038.391282877228
38,27.277239201786063,27.277239201786063,27.277239201786063,22.731063528866837,27.037329771707377,32.3359242972614,9.737448912458497,14.884566582355694,21.040556806456685,8.574744079114213,8.648806155800925,9.150176082010422,8.006036611986646,8.006036611986646,8.006036611986646,0.5687074671275674,0.6427695438142786,1.144139470023776,0.0,2.6998804915249104,5.922318497538513,71.16974167573709,83.98539662634897,99.67841735724133,8800.749119237476,11111.797213432726,13938.116549742264
39,23.746114782742097,23.746114782742097,23.746114782742097,22.731063528866837,27.037329771707377,32.3359242972614,9.737448912458497,14.884566582355694,21.040556806456685,8.558861949782136,8.632924026468848,9.134293952678345,7.990154482654569,7.990154482654569,7.990154482654569,0.5687074671275674,0.6427695438142786,1.144139470023776,0.0,2.6998804915249104,5.922318497538513,65.0856373671142,77.5283567262441,92.7739686627914,8729.579377561739,11027.811816806377,13838.438132385023
40,23.16041651782671,23.16041651782671,23.16041651782671,22.731063528866837,27.037329771707377,32.3359242972614,9.737448912458497,14.824367299640633,20.906216299428046,8.39031190356803,8.464373980254742,8.965743906464239,7.821604436440462,7.821604436440462,7.821604436440462,0.5687074671275674,0.6427695438142786,1.144139470023776,0.0,2.5788991335026648,5.656940034780038,63.79537278052776,75.65754725590574,90.13660920345995,8664.493740194624,10950.283460080132,13745.664163722231
41,21.288207967713237,21.288207967713237,21.288207967713237,22.66881899944561,26.955247452634307,32.23108612456866,9.571853341833881,14.704988975052602,20.574465375306524,8.340643363219172,8.414705439905884,8.91607536611538,7.7719358960916045,7.7719358960916045,7.7719358960916045,0.5687074671275674,0.6427695438142786,1.144139470023776,0.0,2.5413595743978803,5.574595195453415,61.29071585531264,73.53269767977298,88.46236812471136,8603.203024339311,10876.75076240036,13657.201795597519
42,21.288207967713237,21.288207967713237,21.288207967713237,22.551126363958065,26.820744646600502,32.07511309887452,9.571720185410404,14.697036326796447,20.553783828957382,8.34425354996036,8.41471795939348,8.91607536611538,7.7719358960916045,7.7719358960916045,7.7719358960916045,0.5723176538687564,0.6427820633018757,1.144139470023776,0.0,2.5413595743978803,5.574595195453415,61.29071585531264,73.53269767977298,88.46236812471136,8543.3131207125,10804.803123173202,13570.631319512911
43,20.760219301514308,20.760219301514308,20.760219301514308,22.379979416946295,26.623033442771778,31.843413628945896,9.520683097775473,14.595622867817776,20.553783828957382,8.356556943657619,8.428876494740319,8.91607536611538,7.7719358960916045,7.7719358960916045,7.7719358960916045,0.584621047566015,0.6569405986487143,1.144139470023776,0.0,2.5413595743978803,5.574595195453415,61.08502951582993,73.01635867229832,87.52517763681641,8482.22809119667,10731.786764500905,13483.106141876095
44,20.722802477436446,20.722802477436446,20.722802477436446,22.379979416946295,26.623033442771778,31.843413628945896,9.520683097775473,14.595622867817776,20.553783828957382,8.364510574355693,8.441689232563203,8.91607536611538,7.7719358960916045,7.7719358960916045,7.7719358960916045,0.5925746782640879,0.6697533364715982,1.144139470023776,0.0,2.5413595743978803,5.574595195453415,61.08502951582993,73.01635867229832,87.52517763681641,8418.432718416143,10656.129217245,13392.969532672634
45,20.407275412896904,20.407275412896904,20.407275412896904,22.379979416946295,26.623033442771778,31.843413628945896,9.571720185410404,14.595622867817776,20.553783828957382,8.504584984617198,8.597683169831829,9.014544774823545,7.7719358960916045,7.7719358960916045,7.7719358960916045,0.7326490885255927,0.8257472737402239,1.2426088787319394,0.0,2.5413595743978803,5.574595195453415,61.08502951582993,73.01635867229832,87.52517763681641,8357.694059706808,10584.052349238384,13307.028491131545
46,20.407275412896904,20.407275412896904,20.407275412896904,22.40671537394575,26.49625435113962,31.53926894944325,9.571853341833881,14.697036326796447,20.553783828957382,8.681411163337875,8.786273404250856,9.237959176621144,7.8896361948922795,7.8896361948922795,7.8896361948922795,0.7917749684455958,0.8966372093585766,1.3483229817288647,0.0,3.429358628107099,7.522464087460732,61.08502951582993,73.01635867229832,90.01902515067505,8304.272865193312,10520.66617506135,13231.49726564586
47,18.640892836496796,18.640892836496796,18.640892836496796,21.772664215284845,25.877273761374475,30.93105678620742,9.571720185410404,14.704988975052602,21.420498379906583,9.27099476132161,9.39205837571746,9.896860845223568,8.387100137973356,8.387100137973356,8.387100137973356,0.8838946233482544,1.0049582377441033,1.5097607072502126,0.0,3.471846939975975,7.615664255431171,60.73865870933571,72.8078593819798,90.01902515067505,8247.475951516686,10452.909205029326,13150.362235175733
48,18.640892836496796,18.640892836496796,18.640892836496796,21.772664215284845,25.877273761374475,30.93105678620742,9.571720185410404,15.28411485102187,22.088452902416734,9.339610444017993,9.459878935937128,10.114122046977744,8.412238854083375,8.412238854083375,8.412238854083375,0.9273715899346168,1.047640081853754,1.7018831928943687,0.0,3.471846939975975,7.615664255431171,60.73865870933571,72.8078593819798,90.01902515067505,8181.954289032151,10374.536986570616,13056.275973297004
49,18.640892836496796,18.640892836496796,18.640892836496796,22.296420553045035,26.390178741333425,31.436570766437747,9.783568277328971,16.22836924604618,23.212504528011795,9.781596531449518,9.900024040539174,10.552357807116206,8.850474614221836,8.850474614221836,8.850474614221836,0.931121917227681,1.0495494263173377,1.7018831928943687,0.0,3.471846939975975,7.615664255431171,61.169114403272786,75.94423862648833,92.46066721853134,8127.997956497371,10307.127499276321,12972.430463593733
50,19.217277998507946,19.217277998507946,19.217277998507946,22.40671537394575,26.49625435113962,31.53926894944325,10.138878062020357,16.252440373641004,23.212504528011795,9.975485039011254,10.09391254810091,10.746246314677942,9.044363121783572,9.044363121783572,9.044363121783572,0.931121917227681,1.0495494263173377,1.7018831928943687,0.0,3.471846939975975,7.615664255431171,62.08457092719608,76.33347124664753,92.53653072404934,8065.913385570175,10229.524020754428,12875.832317277614
51,18.97913505983254,18.97913505983254,18.97913505983254,22.40671537394575,26.49625435113962,31.53926894944325,10.203055225357243,16.282574848750983,23.30635882575801,10.093397492797509,10.211825001887165,10.864158768464197,9.162275575569828,9.162275575569828,9.162275575569828,0.931121917227681,1.0495494263173377,1.7018831928943687,0.0,3.471846939975975,7.615664255431171,62.08457092719608,76.33347124664753,92.53653072404934,8004.744271166902,10152.899338731402,12780.244687964905
52,18.640892836496796,18.640892836496796,18.640892836496796,22.40671537394575,26.49625435113962,31.53926894944325,10.203055225357243,16.282574848750983,23.30635882575801,10.141552046189279,10.285513207877518,10.96829046669723,9.162275575569828,9.162275575569828,9.162275575569828,0.9792764706194521,1.1232376323076896,1.8060148911274019,0.0,3.471846939975975,7.615664255431171,61.742971801786055,75.94423862648833,92.46066721853134,7946.05191189354,10080.091479349423,12690.22566281423
53,18.640892836496796,18.640892836496796,18.640892836496796,22.40671537394575,26.49625435113962,31.53926894944325,10.203055225357243,16.282574848750983,23.30635882575801,10.204589944080173,10.331799251357568,11.094490646040684,9.162275575569828,9.162275575569828,9.162275575569828,1.0423143685103449,1.1695236757877407,1.9322150704708565,0.0,3.4556071200969134,7.580041424728711,61.742971801786055,75.94423862648833,92.46066721853134,7887.418699705678,10008.084206549764,12601.854008109687
54,18.640892836496796,18.640892836496796,18.640892836496796,22.310394407964438,26.437168341560934,31.51092719713176,10.138878062020357,16.252440373641004,23.212504528011795,10.100695397026174,10.242507907704304,10.97657819225443,9.044363121783572,9.044363121783572,9.044363121783572,1.0563322752426014,1.198144785920733,1.9322150704708565,0.0,3.2589123935834636,7.1485820246346945,61.169114403272786,75.19859309656212,91.67321637685002,7825.219632929551,9931.750735303116,12508.238758963227
55,18.640892836496796,18.640892836496796,18.640892836496796,22.296420553045035,26.390178741333425,31.436570766437747,9.783568277328971,16.22836924604618,23.212504528011795,9.973273273110573,10.113511466528966,10.79844201406172,8.866226943590863,8.866226943590863,8.866226943590863,1.1070463295197102,1.2472845229381027,1.9322150704708565,0.0,3.21427384045861,7.050665198425339,58.6923592733615,72.8078593819798,90.01902515067505,7762.822828091553,9855.806496676627,12415.778091744696
56,18.640892836496796,18.640892836496796,18.640892836496796,21.15268447160242,25.02865564229281,29.80839096498693,9.385081657169442,15.85680848566557,23.212504528011795,10.350222676367563,10.519592471232857,11.106917765436558,8.866226943590863,8.866226943590863,8.866226943590863,1.4839957327766995,1.6533655276419927,2.2406908218456945,0.0,2.956358367542057,6.48491512880193,58.633212187862384,72.00727279965857,88.37165470454241,7699.111134661447,9779.09252891792,12323.241561020646
57,17.675806847040427,17.675806847040427,17.675806847040427,20.169202768181083,23.763474499198676,28.19883346043066,8.970687066918943,16.22836924604618,23.308113839321084,10.380251572074712,10.556090819646856,11.109768021218159,8.866226943590863,8.866226943590863,8.866226943590863,1.5140246284838499,1.6898638760559923,2.2435410776272957,0.0,2.378098532425952,5.216474200160153,56.222228473879454,69.75942990812966,86.65623967018536,7637.368162859661,9703.893935821357,12231.568344643796
58,16.960167533621792,16.960167533621792,16.960167533621792,20.169202768181083,23.763474499198676,28.19883346043066,8.970687066918943,16.252440373641004,23.308113839321084,10.419233775281707,10.624340227857935,11.215238433494122,8.771837476137865,8.771837476137865,8.771837476137865,1.647396299143843,1.8525027517200698,2.4434009573562574,0.0,2.378098532425952,5.216474200160153,56.222228473879454,69.75942990812966,86.65623967018536,7587.451528196841,9642.378002167314,12155.706992304882
59,16.960167533621792,16.960167533621792,16.960167533621792,20.169202768181083,23.763474499198676,28.19883346043066,8.970687066918943,16.252440373641004,23.44658278032266,10.250666189910438,10.455772642486666,11.083602413018152,8.603269890766596,8.603269890766596,8.603269890766596,1.647396299143843,1.8525027517200698,2.4803325222515564,0.0,2.378098532425952,5.216474200160153,56.222228473879454,69.75942990812966,86.65623967018536,7536.969146726836,9580.309361624011,12079.460025554967
60,16.784430513205006,16.784430513205006,16.784430513205006,20.169202768181083,23.763474499198676,28.19883346043066,8.970687066918943,16.39221919293487,24.935623650608978,10.241563879316017,10.446670331892244,11.20240248923146,8.594167580172174,8.594167580172174,8.594167580172174,1.647396299143843,1.8525027517200698,2.608234909059287,0.0,2.378098532425952,5.216474200160153,56.222228473879454,69.75942990812966,86.65623967018536,7484.741956501553,9515.732550860144,11999.821868630195
61,15.536939379981833,15.536939379981833,15.536939379981833,20.169202768181083,23.763474499198676,28.19883346043066,8.970687066918943,16.42107949107653,25.41584078201104,10.241563879316017,10.446670331892244,11.20240248923146,8.594167580172174,8.594167580172174,8.594167580172174,1.647396299143843,1.8525027517200698,2.608234909059287,0.0,2.378098532425952,5.216474200160153,56.222228473879454,69.75942990812966,86.65623967018536,7435.026226301819,9453.093130225388,11921.200233693728
62,16.784430513205006,16.784430513205006,16.784430513205006,22.718833756437874,26.792009913315145,31.818313886659254,10.008093499923275,17.908841172673373,27.169482899675295,10.227106568304166,10.432213020880393,11.18794517821961,8.579710269160323,8.579710269160323,8.579710269160323,1.647396299143843,1.8525027517200698,2.608234909059287,0.0,2.898815827007592,6.3586927818231045,57.302491298282106,72.86778388091147,92.08613663171003,7378.80399782794,9383.333700317258,11834.543994023543
63,16.784430513205006,16.784430513205006,16.784430513205006,23.78382637292654,28.116356531051338,33.45432129285266,10.443787395978394,18.06369824336706,27.169482899675295,10.17571158044476,10.380818033020988,11.136550190360204,8.528315281300918,8.528315281300918,8.528315281300918,1.647396299143843,1.8525027517200698,2.608234909059287,0.0,2.898815827007592,6.3586927818231045,57.302491298282106,72.86778388091147,92.08613663171003,7324.088377667388,9314.994804224643,11749.275859253099
64,16.784430513205006,16.784430513205006,16.784430513205006,23.814805683350922,28.199895606656337,33.5992953720064,10.622739805763905,18.06369824336706,27.169482899675295,10.107280720457362,10.313552553913746,11.136550190360204,8.528315281300918,8.528315281300918,8.528315281300918,1.5789654391564454,1.7852372726128292,2.608234909059287,0.0,2.898815827007592,6.3586927818231045,57.302491298282106,72.86778388091147,92.08613663171003,7264.137623157883,9239.965843148713,11655.738837595096
65,16.784430513205006,16.784430513205006,16.784430513205006,24.368444483645213,28.903352604878805,34.42807055392317,10.622739805763905,18.06369824336706,27.169482899675295,10.088734408236128,10.291075326811576,11.112430777020482,8.523940882446498,8.523940882446498,8.523940882446498,1.56479352578963,1.7671344443650794,2.5884898945739847,0.0,2.898815827007592,6.3586927818231045,57.96279759219123,72.86778388091147,92.08613663171003,7201.082346416249,9161.273850746806,11557.765788219638
66,14.912479793406579,14.912479793406579,14.912479793406579,24.424057403664552,28.907270250082533,34.48524068428805,10.674891151299233,18.06369824336706,27.169482899675295,9.813582722891491,10.00061234723874,10.818274466746784,8.337941944495228,8.337941944495228,8.337941944495228,1.475640778396263,1.6626704027435117,2.4803325222515564,0.0,2.898815827007592,6.3586927818231045,57.96279759219123,72.86778388091147,92.08613663171003,7138.401086231856,9082.876373124234,11460.118383428819
67,14.051113688509002,14.051113688509002,14.051113688509002,24.424057403664552,28.91193422233342,34.48524068428805,10.784589814215895,18.06369824336706,27.169482899675295,9.511531482523548,9.674538314877351,10.444545289861363,8.315493615419973,8.315493615419973,8.315493615419973,1.1960378671035758,1.3590446994573788,2.1290516744413908,0.0,2.898815827007592,6.3586927818231045,57.96279759219123,72.86778388091147,92.08613663171003,7081.0985949335745,9010.008589243324,11368.03224679711
68,13.058634149031356,13.058634149031356,13.058634149031356,24.789544434727972,29.31597671606048,34.89476647703436,10.841145398606272,18.06369824336706,26.57477725444889,9.34186797130576,9.481313235333255,10.278347979288792,8.309163015109693,8.309163015109693,8.309163015109693,1.0327049561960666,1.1721502202235619,1.9691849641790988,0.0,2.897623110081016,6.35607649953255,57.52678681577441,71.97748959671513,89.87391177270898,7014.603474233102,8927.964715507444,11266.837634219853
69,13.058634149031356,13.058634149031356,13.058634149031356,24.424057403664552,28.91193422233342,34.48524068428805,10.841145398606272,17.49850729653597,25.260409725294416,9.023527821128942,9.133171194557644,9.879026718875808,8.271303089935854,8.271303089935854,8.271303089935854,0.7522247311930889,0.8618681046217903,1.607723628939955,0.0,2.8962547633809606,6.353074964835654,57.307652760084586,71.60951892982774,89.32524014330782,6957.75976397401,8856.378171183063,11176.963722447144
70,12.913145059729917,12.913145059729917,12.913145059729917,24.39206755045662,28.907270250082533,34.47532908211934,10.674891151299233,17.446846055750513,25.105257448299902,8.972740601138439,9.059047902426288,9.769147995555569,8.256488274935402,8.256488274935402,8.256488274935402,0.7162523262030375,0.8025596274908865,1.5126597206201668,0.0,2.8920025730838215,6.3437475796677365,57.302491298282106,71.58654432437943,89.10089818509196,6902.575749534911,8787.14226870223,11090.400551058943
71,13.058634149031356,13.058634149031356,13.058634149031356,24.39206755045662,28.907270250082533,34.47532908211934,10.674891151299233,17.283639787382864,25.008833203628214,8.954732928446807,9.042163121344043,9.759424935424217,8.256488274935402,8.256488274935402,8.256488274935402,0.6982446535114057,0.7856748464086409,1.5029366604888148,0.0,2.8483144338329938,6.2479155322788245,57.037618197533256,71.05279047219726,88.50796523330371,6844.6129519427195,8715.164779105515,11001.075310915636
72,13.058634149031356,13.058634149031356,13.058634149031356,24.39206755045662,28.907270250082533,34.47532908211934,10.674891151299233,17.19659783953115,24.914901651742458,8.935340191966496,9.026914647083638,9.733121682108596,8.256488274935402,8.256488274935402,8.256488274935402,0.6788519170310937,0.7704263721482367,1.4766334071731935,0.0,2.8483144338329938,6.2479155322788245,57.037618197533256,71.05279047219726,88.50796523330371,6787.636026375796,8644.111988633318,10912.567345682332
73,13.287265014930378,13.287265014930378,13.287265014930378,24.39206755045662,28.91193422233342,34.48524068428805,10.674891151299233,17.141973158050764,24.724759673307464,8.982047315205286,9.071368626873216,9.746974080349629,8.309163015109693,8.309163015109693,8.309163015109693,0.6728843000955933,0.7622056117635225,1.4378110652399356,0.0,2.8483144338329938,6.2479155322788245,57.307652760084586,71.05279047219726,88.50796523330371,6730.598408178263,8573.140725215319,10824.34963486621
74,14.051113688509002,14.051113688509002,14.051113688509002,24.872722579211963,29.52351418717674,35.24793105519474,10.779015908143188,17.141973158050764,24.543069989295294,8.929372575030994,9.018693886698925,9.694299340175338,8.256488274935402,8.256488274935402,8.256488274935402,0.6728843000955933,0.7622056117635225,1.4378110652399356,0.0,2.8483144338329938,6.2479155322788245,57.52678681577441,71.60951892982774,89.10089818509196,6673.071621362488,8501.53120628549,10735.248736681118
75,14.165843616275916,14.165843616275916,14.165843616275916,24.986791736975714,29.641708845604843,35.370462365842904,10.792155511664431,17.141973158050764,24.543069989295294,8.905484761962288,8.986880225228731,9.651410316766395,8.240618592095581,8.240618592095581,8.240618592095581,0.6648661698667072,0.7462616331331492,1.4107917246708128,0.0,2.8767033204816466,6.310187928798451,57.52678681577441,71.60951892982774,89.10089818509196,6615.763968602404,8430.635378090385,10647.494538959485
76,15.152327127459666,15.152327127459666,15.152327127459666,25.4641746345638,30.275393007304455,36.19085428222766,10.818296128052523,17.21577033353734,24.543069989295294,8.9740291849764,9.055424648242843,9.728949358594404,8.309163015109693,8.309163015109693,8.309163015109693,0.6648661698667072,0.7462616331331492,1.4197863434847109,0.0,2.8767033204816466,6.310187928798451,60.5333902288658,74.88514343780191,92.38136479882257,6562.05803247251,8364.340119073495,10565.676675727545
77,15.22389983628445,15.22389983628445,15.22389983628445,25.529471567448727,30.360645032187485,36.29931432629493,10.818296128052523,17.21577033353734,24.543069989295294,8.97474360629346,9.056139069559903,9.729663779911464,8.309877436426753,8.309877436426753,8.309877436426753,0.6648661698667072,0.7462616331331492,1.4197863434847109,0.0,3.0421481410079005,6.6730991480173305,60.59209622000344,74.95069799910823,92.57358187884236,6505.322234148849,8294.118422639562,10478.831525187477
78,15.472228663139164,15.472228663139164,15.472228663139164,25.655816290038278,30.517196096594542,36.4918885110728,10.818296128052523,17.21577033353734,24.543069989295294,9.080089012273726,9.164545360173989,9.857013664151786,8.446221939480974,8.446221939480974,8.446221939480974,0.6338670727927517,0.7183234206930147,1.4107917246708128,0.0,3.10946451541144,6.820760872515417,61.63167767756401,75.98161328796584,93.51397193337588,6444.730137928846,8219.23327920176,10386.450160388655
79,15.472228663139164,15.472228663139164,15.472228663139164,25.655816290038278,30.517196096594542,36.4918885110728,10.818296128052523,17.21577033353734,24.543069989295294,9.122393222688075,9.203788685954517,9.877313396306079,8.457527052821368,8.457527052821368,8.457527052821368,0.6648661698667072,0.7462616331331492,1.4197863434847109,0.0,3.128399997915546,6.862296769621198,61.63167767756401,75.98161328796584,93.51397193337588,6383.098460251282,8143.251665913795,10292.936188455278
80,16.1211212136204,16.1211212136204,16.1211212136204,26.642719089659565,31.707485893522836,37.93008849604959,10.818296128052523,17.21577033353734,24.543069989295294,9.13041135291696,9.21973266458489,9.895338118061304,8.457527052821368,8.457527052821368,8.457527052821368,0.6728843000955933,0.7622056117635225,1.4378110652399356,0.0,3.133962255658306,6.874497851121446,62.13820731852217,77.5857449730329,95.146958792158,6322.565070022416,8068.300967914686,10200.362606576437
81,16.1211212136204,16.1211212136204,16.1211212136204,26.642719089659565,31.707485893522836,37.93008849604959,10.818296128052523,17.21577033353734,24.668046785014166,9.149999760429203,9.240164761234563,9.930105563723055,8.457527052821368,8.457527052821368,8.457527052821368,0.692472707607836,0.7826377084131965,1.4725785109016882,0.0,3.141623360447993,6.891302855176241,62.13820731852217,77.5857449730329,95.146958792158,6259.382540603497,7990.715222941653,10105.215647784278
82,16.1859523395368,16.1859523395368,16.1859523395368,27.016077405599827,32.292842927077224,38.76614153498376,11.156056898683731,17.660918175081605,24.908666476723763,9.179971136552822,9.273804797577084,9.952438300894068,8.464353562339701,8.464353562339701,8.464353562339701,0.7156175742131223,0.809451235237383,1.4880847385543674,0.0,3.141623360447993,6.891302855176241,63.182529418919344,77.8924888557488,97.15238675004439,6194.819044882278,7910.859831927011,10006.672134172512
83,16.226016441207662,16.226016441207662,16.226016441207662,27.941102644776215,33.25220479368852,39.77612447561495,11.17081267516281,18.38406985113779,26.339176306177606,9.291680992437502,9.401343680454412,10.06801992986296,8.4752046496812,8.4752046496812,8.4752046496812,0.8164763427563025,0.9261390307732127,1.5928152801817597,0.0,3.1928708364260725,7.0037166734507394,64.56349572121836,79.85539101464171,98.54351361176596,6129.1963559265905,7829.755670985114,9906.67426020347
84,16.446549999399135,16.446549999399135,16.446549999399135,28.14618679666132,33.50245093550079,40.08356742443674,11.281763275828972,18.418756409853316,26.434828700704976,9.418802013135073,9.540100543782476,10.261756135027714,8.515208597512245,8.515208597512245,8.515208597512245,0.9035934156228269,1.0248919462702304,1.7465475375154689,0.0,3.199215314547674,7.0176335932013485,65.62268895568742,81.10416094189733,99.99787396904162,6063.392019250522,7748.097344584611,9805.694648423823
85,16.527537572663213,16.527537572663213,16.527537572663213,28.2659018827265,33.63795418309985,40.240304736913785,11.38287941482132,18.418756409853316,26.743487280975316,9.780247824719007,9.929221230071553,10.496923991242275,8.515208597512245,8.515208597512245,8.515208597512245,1.2650392272067623,1.4140126325593079,1.9817153937300287,0.0,3.3094966281498817,7.259540990780386,65.80433667606816,81.65832640050272,100.9796117796474,6009.2938816292935,7680.122176439396,9720.771700651752
86,18.106543759682953,18.106543759682953,18.106543759682953,28.557244261129952,34.020764835556015,40.716121599984184,11.38287941482132,18.418756409853316,27.022356898124325,9.943728166282144,10.112596958661682,10.719191412221036,8.483880806585258,8.483880806585258,8.483880806585258,1.4598473596968848,1.628716152076423,2.235310605635777,0.0,3.334690256296101,7.31480443316564,67.81925210258441,83.8469414261761,103.5870587130154,5947.155674310771,7602.229687583647,9623.619313901709
87,18.26327651893677,18.26327651893677,18.26327651893677,28.57411717685599,34.05593964095056,40.812847963996,11.38287941482132,18.418756409853316,27.076615354926187,10.078643990370216,10.260275180978233,10.890908759120103,8.515208597512245,8.515208597512245,8.515208597512245,1.5634353928579705,1.7450665834659882,2.3757001616078584,0.0,3.3545119370343888,7.358284248978659,68.4817326166434,84.49548062379216,104.28643503839277,5889.726662496014,7529.653703438797,9532.392413869182
88,18.565228298396573,18.565228298396573,18.565228298396573,28.5784519809462,34.07465492100992,40.83467066984946,11.38287941482132,18.418756409853316,27.076615354926187,10.129244235961696,10.314038030645733,10.956527291425596,8.530603876570046,8.530603876570046,8.530603876570046,1.5986403593916494,1.7834341540756862,2.4259234148555504,0.0,3.3545119370343888,7.358284248978659,68.4873263368822,84.75675696513645,104.81939478570929,5821.90741039343,7445.80676201262,9428.805355156166
89,18.659408222924576,18.659408222924576,18.659408222924576,28.746985763631997,34.252140955284375,40.98324267031382,11.424154134631408,18.502896534586174,27.109383395232882,10.138387488827687,10.324646381941378,10.957227189143687,8.530603876570046,8.530603876570046,8.530603876570046,1.6077836122576419,1.7940425053713323,2.4266233125736405,0.0,3.4935862800184543,7.663350549717899,69.00754439251669,85.19446737646082,105.2102669183727,5753.420084056548,7361.050005047484,9323.985960370457
90,18.659408222924576,18.659408222924576,18.659408222924576,28.780025405739348,34.270417121939005,41.0618060213089,11.46824459402611,18.761776921399832,27.410665576807883,10.185431874951966,10.374519300662417,11.043040064773194,8.539559823390896,8.539559823390896,8.539559823390896,1.6458720515610705,1.834959477271522,2.5034802413822996,0.0,3.4935862800184543,7.663350549717899,69.00754439251669,86.03467043696952,107.45095308108023,5684.412539664031,7275.855537671023,9218.775693452084
91,19.252322079286255,19.252322079286255,19.252322079286255,28.780025405739348,34.270417121939005,41.0618060213089,11.503572714218635,19.24853139854253,28.637801616348877,10.537060650856537,10.760532009076144,11.479852309870623,8.601556766990985,8.601556766990985,8.601556766990985,1.9355038838655518,2.158975242085158,2.8782955428796373,0.0,3.4954476328744573,7.667433517273003,70.3308524741392,87.38781524064851,108.51726975474888,5615.930807047388,7191.360057047231,9114.48925841369
92,19.289996026742077,19.289996026742077,19.289996026742077,28.791504157460732,34.270417121939005,41.0618060213089,11.515493492754869,19.249944308629907,28.662888788968356,10.68699298992684,10.931958378532247,11.641769335102378,8.601556766990985,8.601556766990985,8.601556766990985,2.085436222935854,2.3304016115412627,3.0402125681113934,0.0,3.556368289312285,7.801065924943078,70.4982237895827,87.52879549288149,108.66558476872206,5543.776680841363,7102.84830657133,9005.720044118212
93,20.565513004963115,20.565513004963115,20.565513004963115,28.81600225724208,34.270417121939005,41.0618060213089,11.56960229994428,19.34133588315747,28.87794945318471,10.699760365446858,10.952696112620279,11.669831067141821,8.601556766990985,8.601556766990985,8.601556766990985,2.0982035984558727,2.3511393456292944,3.068274300150837,0.0,3.5766492967349652,7.8455532960637955,71.44910102236099,88.38509424732399,108.76921429547885,5472.327579819002,7014.463212324006,8896.29818458024
94,21.306159201386862,21.306159201386862,21.306159201386862,28.81600225724208,34.270417121939005,41.031415367284616,11.581002691740588,19.37243120842167,28.956443711359046,10.699760365446858,10.952696112620279,11.669831067141821,8.601556766990985,8.601556766990985,8.601556766990985,2.0982035984558727,2.3511393456292944,3.068274300150837,0.0,3.6097038319186043,7.918060018402101,72.15412620602552,88.51175047590105,109.42185953797228,5401.829356029419,6926.9344168311245,8787.632599811519
95,21.306159201386862,21.306159201386862,21.306159201386862,28.84582595354106,34.3364522439447,41.031415367284616,11.591921221156854,19.716824948791572,29.20521091004736,10.743868032848193,11.000954067996988,11.73573103837813,8.601556766990985,8.601556766990985,8.601556766990985,2.1423112658572077,2.3993973010060032,3.134174271387145,0.0,3.621504141527209,7.943944568511296,72.67558687606424,89.75768142838929,110.98358175368101,5331.498503555279,6839.546601590476,8679.11533005677
96,21.306159201386862,21.306159201386862,21.306159201386862,28.8652691856651,34.33875286026692,41.09431111279796,11.695175610678033,19.83415869419906,29.701873816238084,10.825121952604452,11.085930247719393,11.816094297526375,8.61900735010115,8.61900735010115,8.61900735010115,2.206114602503301,2.4669228976182422,3.1970869474252246,0.0,3.636822455893361,7.977546032282212,72.94888111128859,90.28073120342768,111.78798457319024,5262.70555891903,6753.511931153506,8571.664376975688
97,22.60513795913791,22.60513795913791,22.60513795913791,28.87180848488826,34.35446031186263,41.106156116670576,11.763791303681158,19.89296625949999,29.73558397585292,10.915513698131669,11.18825873130983,11.923889699600222,8.61900735010115,8.61900735010115,8.61900735010115,2.2965063480305186,2.5692513812086806,3.304882349499073,0.0,3.7042946655768603,8.125549589007306,74.03285466508615,91.70778334062294,113.45248648998606,5187.816837749329,6660.679939661528,8456.543697543977
98,22.8186507851614,22.8186507851614,22.8186507851614,28.902054714884507,34.36993086944396,41.13258544906262,11.934163564707102,19.9495787734545,29.829108427384195,10.918097243081938,11.190126625578937,11.946762026286093,8.61900735010115,8.61900735010115,8.61900735010115,2.2990898929807875,2.571119275477787,3.3277546761849437,0.0,3.880818002815131,8.512762070691254,74.18108591016869,91.73262655932065,113.70828957845963,5113.635751839161,6568.972156320905,8343.09121105399
99,23.592694612367616,23.592694612367616,23.592694612367616,29.015034963657016,34.4577949387096,41.16307332681351,11.980217755305048,19.9753993813494,30.145089766324894,10.99500047144761,11.268835465214782,12.083386259366975,8.629221151645162,8.629221151645162,8.629221151645162,2.365779319802449,2.6396143135696195,3.454165107721814,0.0,3.8864094002883527,8.525027071600258,74.88872116970134,92.83199149197887,115.12067943171212,5039.602897174074,6477.239529761584,8229.382921475531
100,25.2772964131614,25.2772964131614,25.2772964131614,32.6726961818717,38.746644824752345,46.23152173296105,13.952960287934731,23.080343241716033,34.174355977982515,11.403036577983722,11.686547529932696,12.505059891749818,9.032841130359486,9.032841130359486,9.032841130359486,2.370195447624235,2.6537063995732106,3.472218761390332,0.0,3.9852155402788068,8.741763120611576,83.61485247387894,103.07523460458687,127.24327627721554,4966.92731029801,6387.481848333195,8118.399339721851
101,25.590575553910575,25.590575553910575,25.590575553910575,33.513494822447996,39.75501653918524,47.441771482933255,14.123011544733847,23.80975835137098,35.41593809801613,11.722451533269178,12.02920550373985,12.903694450454363,9.123150938797254,9.123150938797254,9.123150938797254,2.599300594471924,2.906054564942597,3.7805435116571093,0.0,3.9852155402788068,8.741763120611576,85.04112475077119,105.23711757959138,130.26676782952626,4893.978429186721,6297.201117129767,8006.611355148661
102,25.590575553910575,25.590575553910575,25.590575553910575,34.135932234462736,40.537856974404264,48.41589428352267,14.235798642127431,23.995857300215157,35.633251363422225,11.74169268031328,12.048446650783953,12.922935597498466,9.142392085841356,9.142392085841356,9.142392085841356,2.599300594471924,2.906054564942597,3.7805435116571093,0.0,4.0016550294117526,8.777823935483845,86.09549387301377,106.56420699600434,131.7448192210352,4810.363576712842,6194.125882525181,7879.368078871445
103,25.590575553910575,25.590575553910575,25.590575553910575,34.21529670509495,40.60911710007873,48.481283072945324,14.365918943099455,24.363718895201913,36.37819745424198,11.805066360258971,12.108979150517543,13.02581548781611,9.184020342672143,9.184020342672143,9.184020342672143,2.6210460175868278,2.9249588078454,3.8417951451439665,0.0,4.02999601702374,8.839991263148852,86.19357127973225,107.35711014639911,133.5580361825043,4725.322451962071,6088.888764945589,7749.101311041918
104,25.590575553910575,25.590575553910575,25.590575553910575,34.2555090180175,40.65393443260556,48.531555632311175,14.365918943099455,24.422770121954088,36.39889638774942,11.976973970206217,12.285700991568095,13.210615528970777,9.300432187170344,9.300432187170344,9.300432187170344,2.676541783035872,2.9852688043977524,3.9101833418004324,0.0,4.073757432368723,8.935984045195909,86.24727780408406,107.98264679037042,133.58299549915517,4639.128880682339,5982.324557949585,7617.356491820883
105,25.590575553910575,25.590575553910575,25.590575553910575,34.804067717602344,41.327631991511325,49.355456848059205,14.378727479471932,24.497251130032748,36.616097005918505,12.058487096839311,12.363770386278402,13.262508450338956,9.342149348835951,9.342149348835951,9.342149348835951,2.71633774800336,3.021621037442451,3.9203591015030055,0.0,4.170360588018563,9.147887741460076,86.62123333000496,108.1056521353606,134.06335463672042,4550.800863399459,5873.157449074695,7482.425964396091
106,25.2772964131614,25.2772964131614,25.2772964131614,34.804067717602344,41.327631991511325,49.355456848059205,14.378727479471932,24.497251130032748,36.616097005918505,12.058489120534507,12.375212474933885,13.277669391327162,9.342149348835951,9.342149348835951,9.342149348835951,2.716339771698556,3.033063126097935,3.935520042491211,0.0,4.170360588018563,9.147887741460076,86.62123333000496,108.1056521353606,134.06335463672042,4463.481734187058,5765.174802284325,7348.842968896936
107,25.049361140260913,25.049361140260913,25.049361140260913,34.804067717602344,41.327631991511325,49.355456848059205,14.378727479471932,24.497251130032748,36.616097005918505,12.0167719588689,12.33349531326828,13.235952229661555,9.300432187170344,9.300432187170344,9.300432187170344,2.716339771698556,3.033063126097935,3.935520042491211,0.0,4.207958765829698,9.230361163755465,86.62123333000496,108.1056521353606,134.06335463672042,4376.2833652197705,5657.069150148965,7214.779614260216
108,24.72618449749003,24.72618449749003,24.72618449749003,34.804067717602344,41.327631991511325,49.355456848059205,14.365918943099455,24.497251130032748,36.616097005918505,11.900358090675503,12.205641380114594,13.119540385163354,9.184020342672143,9.184020342672143,9.184020342672143,2.71633774800336,3.021621037442451,3.935520042491211,0.0,4.234044535211128,9.287581561108281,86.62123333000496,108.1056521353606,134.06335463672042,4290.187871346757,5549.712040002565,7081.2215780777115
109,23.538687849745287,23.538687849745287,23.538687849745287,34.53091238952238,41.15960460411367,49.31327569013229,14.363076129164215,24.422770121954088,36.616097005918505,11.818933868877227,12.12766089023911,13.077912128332567,9.142392085841356,9.142392085841356,9.142392085841356,2.676541783035872,2.9852688043977524,3.935520042491211,0.0,4.234044535211128,9.287581561108281,86.24727780408406,107.98264679037042,133.58299549915517,4194.348745044795,5429.628750769422,6931.258745996661
110,23.244306222771165,23.244306222771165,23.244306222771165,34.754202697462055,41.44492457625696,49.67609518737975,14.123011544733847,24.422770121954088,36.616097005918505,11.818933868877227,12.12766089023911,13.077912128332567,9.142392085841356,9.142392085841356,9.142392085841356,2.676541783035872,2.9852688043977524,3.935520042491211,0.0,4.303189846948929,9.439255148146039,86.09549387301377,107.35711014639911,133.5580361825043,4108.101467240711,5321.074274527825,6795.159876158894
111,22.99472030730735,22.99472030730735,22.99472030730735,35.008664765701425,41.76259102047284,49.95054060305937,13.633000912347443,22.62153503897612,34.866020901862875,11.527167299729234,11.82741406279559,12.746074905689689,9.011654180579093,9.011654180579093,9.011654180579093,2.5155131191501403,2.815759882216496,3.7344207251105965,0.0,4.375957680816296,9.598874912758328,81.37772525889481,100.89855280294039,124.683650788344,4021.4802339107064,5212.131038794735,6658.64963702188
112,20.97377570175068,20.97377570175068,20.97377570175068,35.008664765701425,41.76259102047284,50.06947831360792,13.633000912347443,21.9403024092277,31.606028516983493,10.744404364437443,10.983897023603642,11.78015881164597,8.976273213837906,8.976273213837906,8.976273213837906,1.768131150599537,2.007623809765737,2.8038855978080632,0.0,4.455769332960941,9.77394563359174,79.14518734490736,98.61382299377138,123.39555634345446,3945.930753842342,5116.113080124242,6537.1855372744085
113,19.48909394414638,19.48909394414638,19.48909394414638,35.008664765701425,41.76259102047284,50.06947831360792,13.633000912347443,21.9403024092277,31.557254530011438,10.716675658123037,10.940741784321327,11.74368780949246,8.976273213837906,8.976273213837906,8.976273213837906,1.740402444285131,1.96446857048342,2.7674145956545546,0.0,4.455769332960941,9.77394563359174,78.27919274057055,98.49660321104416,122.28052464742063,3864.553028583447,5015.214527321301,6412.501886486065
114,19.4036181654085,19.4036181654085,19.4036181654085,35.008664765701425,41.76259102047284,50.06947831360792,13.633000912347443,21.90107637841822,31.494347165941495,10.695760201749284,10.918797640819228,11.715897786904398,8.973454170607345,8.973454170607345,8.973454170607345,1.722306031141938,1.9453434702118826,2.7424436162970522,0.0,4.744255224397012,10.40675339545151,78.22373248705745,97.69242861059419,121.99896525570549,3785.4078412385397,4916.6007043275295,6290.221361838644
115,18.782693640096106,18.782693640096106,18.782693640096106,35.008664765701425,41.76259102047284,50.06947831360792,13.633000912347443,21.90107637841822,31.47268188673728,10.475787350119965,10.67748391069784,11.525579245391437,8.973454170607345,8.973454170607345,8.973454170607345,1.5023331795126205,1.7040297400904945,2.552125074784093,0.0,4.744255224397012,10.40675339545151,77.7018544206133,97.64591285264841,121.46409974747132,3707.128648497969,4818.954791474881,6168.9610355277455
116,18.712538113988973,18.712538113988973,18.712538113988973,35.189207360524954,41.97205737071418,50.31871818702958,13.863965392641745,21.90107637841822,31.397713928246432,10.467999341312204,10.66106058804283,11.495520418386665,8.973454170607345,8.973454170607345,8.973454170607345,1.4945451707048583,1.6876064174354848,2.52206624777932,0.0,4.763087610384779,10.448063145360159,78.04438477504686,97.64591285264841,121.26032631089817,3629.4267940773557,4721.262362864287,6046.96207027204
117,16.978491850572176,16.978491850572176,16.978491850572176,35.31019352147122,42.12069437502989,50.495114983740045,14.003794500256511,21.9403024092277,31.397713928246432,10.426113152925673,10.612231749632254,11.482735530701435,8.960669282922115,8.960669282922115,8.960669282922115,1.4654438700035584,1.65156246671014,2.52206624777932,0.0,4.764003042319353,10.450071189603742,78.04438477504686,97.64591285264841,121.26032631089817,3554.336578109099,4625.933304784852,5926.841791481088
118,16.669873874733256,16.669873874733256,16.669873874733256,35.31899290696865,42.12317884751466,50.500700466631365,14.0960093304247,21.99099877916125,31.397713928246432,10.36766842029554,10.545457332249821,11.442913587579948,8.960669282922115,8.960669282922115,8.960669282922115,1.4069991373734245,1.584788049327706,2.4822443046578337,0.0,4.987522267464352,10.940371425405678,78.04438477504686,97.64591285264841,121.26032631089817,3476.1128456220413,4527.436701573808,5803.446235137633
119,16.212248906442483,16.212248906442483,16.212248906442483,35.760431989977434,42.65512912057204,51.141619099677186,14.238283644461331,22.05410027626375,31.397713928246432,10.248058686732296,10.408044453611742,11.245635931116983,8.960669282922115,8.960669282922115,8.960669282922115,1.2873894038101807,1.4473751706896265,2.2849666481948674,0.0,5.133286007030322,11.260111241227802,78.04438477504686,97.69242861059419,121.99896525570549,3399.6707514688837,4431.183679152058,5682.838053085456
120,16.07990377637888,16.07990377637888,16.07990377637888,37.78444924040527,45.10304406254715,54.11183635524702,15.36446564915645,22.115906393105682,31.47268188673728,10.237380997269748,10.389861931516021,11.256934306381657,8.973454170607345,8.973454170607345,8.973454170607345,1.263926826662402,1.4164077609086754,2.2834801357743113,0.0,5.133742830593655,11.261113305818338,78.22373248705745,98.49660321104416,123.39555634345446,3324.553288104585,4336.826138608372,5564.817936303071
121,15.653103844899803,15.653103844899803,15.653103844899803,42.648146501279534,50.898610472143716,61.058590190126964,17.44868393334489,24.737062993932142,32.98450746570734,9.908292645470695,10.030483322266331,10.75018497636523,8.992788386693,8.992788386693,8.992788386693,0.9155042587776943,1.037694935573331,1.7573965896722297,0.0,5.214558854900471,11.43838716558813,85.50100766292026,106.51427035395517,132.03447777506696,3247.1315379915395,4240.289992572109,5444.673562202385
122,15.571403098931397,15.571403098931397,15.571403098931397,42.753246924554304,51.03152557794685,61.222883980336164,17.545583933152297,24.83323662486041,33.055473638066395,9.918581974470692,10.032178992411588,10.707983009618154,9.065193516956507,9.065193516956507,9.065193516956507,0.853388457514185,0.9669854754550806,1.6427894926616475,0.0,5.3639293709409674,11.76603862012857,85.82592222953795,106.73451293832983,132.0591831179719,3169.087153216493,4143.090226088404,5324.133081954729
123,15.272313182883241,15.272313182883241,15.272313182883241,43.789749321533925,52.26084908533184,62.687181410719006,18.04981475504836,25.232417327880164,33.22252126797583,9.947866691843673,10.061463709784569,10.737267726991135,9.094478234329488,9.094478234329488,9.094478234329488,0.853388457514185,0.9669854754550806,1.6427894926616475,0.0,5.543792561577728,12.160577231847917,85.94074363802525,107.3775882517385,133.30778923251327,3083.1464095784677,4036.3557131500743,5192.098604179662
124,14.359995858097127,14.359995858097127,14.359995858097127,43.93032278575826,52.45029558895062,62.93763105608939,18.2382843557413,25.622293961108618,33.82750192985432,9.996011016535357,10.109608034476253,10.785412051682819,9.142622559021172,9.142622559021172,9.142622559021172,0.853388457514185,0.9669854754550806,1.6427894926616475,0.0,5.547690783077972,12.169128169332323,86.03467192043982,107.72740995250562,134.09031059360206,2997.6454019155476,3929.8414427961193,5060.0394210616905
125,14.252614782836426,14.252614782836426,14.252614782836426,43.93032278575826,52.45029558895062,62.93763105608939,18.288917437074158,25.628107755014092,34.197000838798644,9.996011016535357,10.109608034476253,10.785412051682819,9.142622559021172,9.142622559021172,9.142622559021172,0.853388457514185,0.9669854754550806,1.6427894926616475,0.0,5.658471056486826,12.412130059390458,86.03467192043982,107.75394614407708,134.37511226158384,2911.6107299951077,3822.0874966520423,4925.949110468088
126,14.214410068123344,14.214410068123344,14.214410068123344,43.93032278575826,52.45029558895062,62.93763105608939,18.288917437074158,25.628107755014092,34.197000838798644,10.058126817798867,10.180317494594503,10.900019148693401,9.142622559021172,9.142622559021172,9.142622559021172,0.9155042587776943,1.037694935573331,1.7573965896722297,0.0,5.694696307029685,12.49159189929092,86.03467192043982,107.75394614407708,134.37511226158384,2823.2749602435074,3711.8098215405275,4789.051098800214
127,13.964482934345641,13.964482934345641,13.964482934345641,43.93032278575826,52.45029558895062,62.93763105608939,18.288917437074158,25.628107755014092,34.197000838798644,10.159816337208042,10.282007014003678,11.001708668102577,9.244312078430347,9.244312078430347,9.244312078430347,0.9155042587776943,1.037694935573331,1.7573965896722297,0.0,5.705411133724917,12.515095390106271,86.03467192043982,107.75394614407708,134.37511226158384,2737.2175724182034,3604.432233288789,4655.743309567701
128,13.062732968002386,13.062732968002386,13.062732968002386,43.93032278575826,52.45029558895062,62.93763105608939,18.288917437074158,25.628107755014092,34.197000838798644,10.17594455483044,10.298135231626077,11.017836885724975,9.260440296052746,9.260440296052746,9.260440296052746,0.9155042587776943,1.037694935573331,1.7573965896722297,0.0,5.705411133724917,12.515095390106271,86.03467192043982,107.75394614407708,134.37511226158384,2651.3916501886656,3496.7048233362834,4521.368197306117
129,12.622630548744297,12.622630548744297,12.622630548744297,43.93032278575826,52.45029558895062,62.93763105608939,18.288917437074158,25.622293961108618,33.82750192985432,10.153416109574927,10.258330786668791,10.926720549558064,9.286035323308655,9.286035323308655,9.286035323308655,0.8673807862662731,0.9722954633601361,1.6406852262494098,0.0,5.721358959570146,12.550077717766772,85.82592222953795,107.72740995250562,134.37511226158384,2564.5298920952423,3387.895184807715,4385.865251142305
130,12.597180289591554,12.597180289591554,12.597180289591554,43.80258148075555,52.21043664974624,62.5697047204061,18.2382843557413,25.409629074781765,33.75744160865213,10.177533486847436,10.2824481639413,10.950837926830573,9.310152700581163,9.310152700581163,9.310152700581163,0.8673807862662731,0.9722954633601361,1.6406852262494098,0.0,5.9125264051801505,12.969412759750009,85.49054337887289,107.3775882517385,133.30778923251327,2474.7490009532785,3275.3792723188562,4245.68050265482
131,12.545301746616158,12.545301746616158,12.545301746616158,43.359816782982946,51.60133632523565,61.76356561160463,18.288917437074158,25.622293961108618,33.82750192985432,10.208853989312729,10.313768666406594,10.982158429295866,9.341473203046457,9.341473203046457,9.341473203046457,0.8673807862662731,0.9722954633601361,1.6406852262494098,0.0,5.977604940806528,13.112165676607868,83.60413534017042,106.84943430067021,134.37511226158384,2389.2584575744054,3167.5014245399257,4110.545338038925
132,12.070939325544256,12.070939325544256,12.070939325544256,43.359816782982946,51.60133632523565,61.76356561160463,18.288917437074158,26.140908237321142,35.04886891376636,10.378424967310007,10.483339644403872,11.221044552626356,9.511044181043735,9.511044181043735,9.511044181043735,0.8673807862662731,0.9722954633601361,1.7100003715826222,0.0,5.977604940806528,13.112165676607868,83.39352233298173,105.7853860913905,134.22546582513507,2306.1780816249866,3063.051101443657,3980.080402466527
133,11.397783844793043,11.397783844793043,11.397783844793043,43.359816782982946,51.58922681729224,61.76044258013457,18.288917437074158,26.140908237321142,35.08016624971607,10.393934189804225,10.49884886689809,11.236553775120575,9.526553403537953,9.526553403537953,9.526553403537953,0.8673807862662731,0.9722954633601361,1.7100003715826222,0.0,6.322958373215415,13.869715141246717,83.080375949419,105.61117318992439,133.85706654448143,2222.573946284816,2957.4399282537324,3847.7108040527896
134,10.747199069309302,10.747199069309302,10.747199069309302,43.17709795261601,51.50509928808015,61.73260758372812,18.178564575162707,25.409629074781765,33.75744160865213,10.393934189804225,10.49884886689809,11.236553775120575,9.526553403537953,9.526553403537953,9.526553403537953,0.8673807862662731,0.9722954633601361,1.7100003715826222,0.0,6.34305733757692,13.913803192104213,82.40208346200774,104.45032309626863,132.36959841373755,2144.0906504309173,2858.828606297332,3724.6180533734105
135,9.771597306970863,9.771597306970863,9.771597306970863,42.68213722004862,50.899089130780425,61.01725401789081,17.99673081127964,25.330152454384553,33.67357538912392,10.75379914754515,10.858713824639015,11.5964187328615,9.886418361278878,9.886418361278878,9.886418361278878,0.8673807862662731,0.9722954633601361,1.7100003715826222,0.0,6.791403220404523,14.897271580242181,80.05828985257037,104.29286709844337,130.46493557239828,2068.239654522844,2762.732625398491,3603.866396175017
136,9.218006057814902,9.218006057814902,9.218006057814902,40.13133942204364,47.84957700926065,57.355693803661076,16.999656021954994,23.69115663477064,31.318894041262727,10.65452172719715,10.766107357906321,11.527103587528288,9.886418361278878,9.886418361278878,9.886418361278878,0.768103365918271,0.8796889966274437,1.6406852262494098,0.0,7.119103771101006,15.616098594673174,78.48329585389857,98.61132195640027,123.09275067937902,1993.1682947763495,2666.9168107017554,3482.8356466777077
137,8.675873036689628,8.675873036689628,8.675873036689628,39.52860893194262,47.09229355458792,56.41400616416499,16.836801584744116,23.60743913483258,31.315468910983697,10.584340735821579,10.683255117935559,11.452729796571,9.886418361278878,9.886418361278878,9.886418361278878,0.6979223745427013,0.7968367566566809,1.5663114352921232,0.0,7.119103771101006,15.616098594673174,75.85099590807347,96.09598089884103,121.03074949730964,1909.7747724433677,2560.0673764010853,3347.481251033474
138,7.405524297394229,7.405524297394229,7.405524297394229,39.41768001194128,46.981326879569586,56.29869856104289,16.7365912773173,23.428451156372283,31.053718612818688,10.584340735821579,10.683255117935559,11.452729796571,9.886418361278878,9.886418361278878,9.886418361278878,0.6979223745427013,0.7968367566566809,1.5663114352921232,0.0,7.119103771101006,15.616098594673174,75.0713597464946,95.81581469673591,120.75165719839333,1827.37268898136,2454.2819903096947,3213.255785208339
139,4.639431676502634,4.639431676502634,4.639431676502634,36.75560125441268,43.694043962242986,52.25861005255693,15.664981295266639,22.760206533607676,30.976343417054615,10.584340735821579,10.683255117935559,11.452729796571,9.886418361278878,9.886418361278878,9.886418361278878,0.6979223745427013,0.7968367566566809,1.5663114352921232,0.0,7.256336448858398,15.91712511362487,67.80590255187798,88.94102926741506,116.61024889660222,1747.3143991287895,2349.9891232112514,3079.398718663858
140,3.7854288796642726,3.7854288796642726,3.7854288796642726,36.56381355398786,43.49698179950529,52.05714330347582,15.487657010360943,22.374630407430782,30.3991487791303,10.61335082134671,10.707245822969858,11.452729796571,9.886418361278878,9.886418361278878,9.886418361278878,0.7269324600678329,0.8208274616909793,1.5663114352921232,0.0,7.256336448858398,15.91712511362487,66.0173601110281,88.80860087883848,114.73472098824745,1679.5084965769115,2261.048093943836,2964.6639976756105
141,3.7624615838255577,3.7624615838255577,3.7624615838255577,36.014626567161336,42.794890896193756,51.170038504921436,15.302877888891812,21.7814851379786,28.696092424451486,9.937676616630183,10.031571516535132,10.66576237221489,9.169636776671423,9.169636776671423,9.169636776671423,0.7680398399587599,0.8619347398637096,1.4961255955434687,0.0,7.256336448858398,15.91712511362487,65.83827363009368,87.87594186342093,114.49900555914533,1613.4911364658835,2173.1721520804153,2850.1649921164653
142,2.51388113992297,2.51388113992297,2.51388113992297,35.914992496414385,42.740886751495474,51.167754320251966,15.246877249742584,21.16084768080437,27.913115006645754,9.894167366590954,9.988062266495904,10.606131784972025,9.126127526632194,9.126127526632194,9.126127526632194,0.7680398399587599,0.8619347398637096,1.48000425833983,0.0,7.256336448858398,15.91712511362487,62.679349441829686,82.75658971392062,107.17077943218953,1547.6528628357898,2084.3635512015767,2733.554743219863
143,2.0835665287427307,2.0835665287427307,2.0835665287427307,35.914992496414385,42.740886751495474,51.167754320251966,15.246877249742584,21.16084768080437,27.913115006645754,9.871480816505592,9.965375716410541,10.583445234886662,9.103440976546832,9.103440976546832,9.103440976546832,0.7680398399587599,0.8619347398637096,1.48000425833983,0.0,7.256336448858398,15.91712511362487,62.679349441829686,82.75658971392062,107.17077943218953,1485.582469105099,2003.9980327514538,2630.953609731527
144,1.7937945487572824,1.7937945487572824,1.7937945487572824,35.914992496414385,42.740886751495474,51.167754320251966,15.246877249742584,21.128733743880833,27.827484657444735,9.609870815084827,9.703765816707975,10.34581960385019,8.882938355016995,8.882938355016995,8.882938355016995,0.7269324600678329,0.8208274616909793,1.4628812488331957,0.0,7.57298201805271,16.611702491212398,62.444180496324165,82.42183834472247,107.17077943218953,1423.8567291481518,1923.1432793392742,2526.7974876638536
145,1.6021293362134037,1.6021293362134037,1.6021293362134037,35.914992496414385,42.740886751495474,51.170038504921436,15.246877249742584,20.965219663698587,27.705000274760096,9.537679173982673,9.636593556096653,10.266481772422459,8.839756799439972,8.839756799439972,8.839756799439972,0.6979223745427013,0.7968367566566809,1.4267249729824885,0.0,7.57298201805271,16.611702491212398,62.070393730690725,82.42183834472247,107.17077943218953,1361.177379706322,1840.3866896253535,2419.626708231664
146,1.4241840012999756,1.4241840012999756,1.4241840012999756,35.82128107043862,42.633304852244265,51.045423040861614,15.142463863969851,20.920288682305156,27.393435516915083,9.482433869457086,9.561636407522203,10.214314146682458,8.787589173699969,8.787589173699969,8.787589173699969,0.6948446957571169,0.7740472338222346,1.4267249729824885,0.0,7.57298201805271,16.611702491212398,62.027052228808714,82.28124999605294,106.7125671230374,1298.7331992099978,1757.964851280631,2312.9141411086266
147,1.1521237049932247,1.1521237049932247,1.1521237049932247,35.82128107043862,42.633304852244265,51.045423040861614,15.124200852932885,20.920288682305156,26.85090691969065,9.482433869457086,9.561636407522203,10.214314146682458,8.787589173699969,8.787589173699969,8.787589173699969,0.6948446957571169,0.7740472338222346,1.4267249729824885,0.0,7.731611965448666,16.959664956468043,61.72573995694732,82.28124999605294,106.7125671230374,1239.0794209924493,1678.33832826559,2209.0092971477566
148,1.140847945428438,1.140847945428438,1.140847945428438,35.82128107043862,42.633304852244265,51.045423040861614,15.124200852932885,20.823764073870702,26.826336054108975,9.407833344068573,9.488872481158243,10.146484804594339,8.787589173699969,8.787589173699969,8.787589173699969,0.6202441703686034,0.7012833074582745,1.3588956308943698,0.0,8.015242375542845,17.581821985061726,61.66113334202524,82.28124999605294,106.7125671230374,1180.8328300169394,1601.0675823342324,2108.624615923049
149,0.9668763403136387,0.9668763403136387,0.9668763403136387,34.182366669746735,40.684529438349394,48.71589273993403,14.396249351525958,20.199954462458052,26.774000777863165,9.187027127535577,9.248904150995894,9.72159518502229,8.658969329194054,8.658969329194054,8.658969329194054,0.5280577983415231,0.5899348218018395,1.062625855828235,0.0,8.268967116722878,18.13837948184373,59.65377821754843,79.62652301504085,103.90484396087002,1111.931201733421,1509.7485347700974,1990.1777995020655
150,0.8386806704567217,0.8386806704567217,0.8386806704567217,33.47739068036456,39.862059113572656,47.74378809067358,14.038975042351664,19.656395459162155,26.027156110272852,9.138439897805567,9.19472601930952,9.704967506584246,8.658969329194054,8.658969329194054,8.658969329194054,0.4794705686115129,0.5357566901154666,1.0459981773901916,0.0,8.268967116722878,18.13837948184373,58.24659097550982,77.27074593135764,100.38468122470732,1050.2700683913956,1427.4672847740444,1882.936505077606
151,0.4447739575298414,0.4447739575298414,0.4447739575298414,32.37630772862869,38.57210434145501,46.2180647960069,13.973393018331347,18.884875724871343,24.38814789152322,9.118042933487416,9.175403257170865,9.6447279062182,8.658969329194054,8.658969329194054,8.658969329194054,0.4590736042933614,0.5164339279768105,0.9857585770241463,0.0,8.268967116722878,18.13837948184373,55.73615021281351,75.16145604815961,98.63422931941915,988.2430161625869,1344.658057315525,1774.9741698673304
152,0.3814799347278267,0.3814799347278267,0.3814799347278267,32.240499027680926,38.3889076394696,45.975043927418206,13.965144289599746,18.69549972358646,24.09696519089908,9.034688328071383,9.082666291291675,9.589344563214693,8.658969329194054,8.658969329194054,8.658969329194054,0.3757189988773278,0.42369696209762125,0.9303752340206395,0.0,8.268967116722878,18.13837948184373,55.40448237937559,74.826602690386,98.31247618263073,932.9052449668649,1270.5787400062595,1678.245100163074
153,0.37398586988957616,0.37398586988957616,0.37398586988957616,32.16444201347755,38.29746630519241,45.86769835494262,13.874875988710578,18.587164969999662,23.76609756214935,9.025075293461008,9.070407044048226,9.43420591831697,8.658969329194054,8.658969329194054,8.658969329194054,0.3661059642669538,0.4114377148541714,0.7752365891229163,0.0,8.268967116722878,18.13837948184373,55.33777119572203,74.07931730926539,96.74678015032244,877.5007625874892,1195.7521373158736,1579.9326239804434
154,0.36842538172990746,0.36842538172990746,0.36842538172990746,31.594779826773255,37.614339679953716,45.04418124402025,13.79522347363369,18.387046400473768,23.53214268774315,9.484864891510481,9.529675100580976,9.869814646247711,9.121427666125204,9.121427666125204,9.121427666125204,0.363437225385278,0.40824743445577216,0.7483869801225084,0.0,7.731611965448666,16.959664956468043,54.66469180724259,73.71277354923241,96.72906970425628,821.7646123746757,1120.590681267714,1481.2983946610243
155,0.2853013905392854,0.2853013905392854,0.2853013905392854,25.525214731508918,30.369999456450415,36.347337484796476,11.468342747853328,15.174545659715175,19.3273127737763,9.669733616732142,9.70622259182733,10.071344037981591,9.32665637370305,9.32665637370305,9.32665637370305,0.3430772430290918,0.3795662181242795,0.7446876642785409,0.0,7.356400297647311,16.13662000774249,47.082742473950645,63.018679580102464,82.27585128281659,767.0999205674332,1046.8779077184815,1384.551614510702
156,0.2539352922899082,0.2539352922899082,0.2539352922899082,25.49238698780878,30.32923190935625,36.296436709986246,11.456714248668526,15.151789645470103,19.292088545662452,9.801931702517047,9.836770713802792,10.205987999276598,9.464815904975447,9.464815904975447,9.464815904975447,0.33711579754160004,0.37195480882734583,0.7411720943011509,0.0,7.087345718492998,15.546435769597544,47.026152118951984,62.65649084639563,81.58390698614429,723.0567011316579,988.4491924604473,1308.7591588840537
157,0.2519538743641654,0.2519538743641654,0.2519538743641654,25.47675565618757,30.30692831661485,36.26675027154675,11.447852819854914,15.14132046032994,19.279817743393,9.801931702517047,9.836770713802792,10.201362201027544,9.464815904975447,9.464815904975447,9.464815904975447,0.33711579754160004,0.37195480882734583,0.7365462960520965,0.0,7.076616989351081,15.522901783092692,46.998549417600074,62.64493801907416,81.52040494994272,678.8695984578625,929.9602757939572,1233.0009883144685
158,0.2191984994545873,0.2191984994545873,0.2191984994545873,25.426399674650675,30.251504118652328,36.204890519874425,11.363383617341402,15.04382983284087,19.167736769521152,9.795518185917569,9.830604642911402,10.181347451614402,9.464815904975447,9.464815904975447,9.464815904975447,0.3307022809421216,0.3657887379359541,0.7165315466389539,0.0,7.076616989351081,15.522901783092692,46.8158904640396,62.217795942167825,80.82765528710217,632.0537079938229,867.7424798517893,1152.1733330273664
159,0.2126226198359319,0.2126226198359319,0.2126226198359319,23.79525406121359,28.297337056427796,33.87859811434832,10.862613053954254,14.173330723531233,18.290616054679422,9.795518185917569,9.830604642911402,10.151107086549782,9.464815904975447,9.464815904975447,9.464815904975447,0.3307022809421216,0.3657887379359541,0.6862911815743353,0.0,7.076616989351081,15.522901783092692,44.33999386322153,59.25663660634829,77.34288542451753,585.0551585762228,805.0859890053937,1070.5894260412222
160,0.19122900703388396,0.19122900703388396,0.19122900703388396,23.79525406121359,28.292033808329943,33.84117109407788,10.862613053954254,14.173008234259951,18.151462937051175,9.774153297683359,9.808581967184397,10.138378532559587,9.464815904975447,9.464815904975447,9.464815904975447,0.30933739270791166,0.3437660622089504,0.6735626275841391,0.0,7.087345718492998,15.546435769597544,44.33999386322153,59.25663660634829,78.19127712364816,538.0290064572707,742.4410509863195,989.0690210912795
161,0.1226498859808403,0.1226498859808403,0.1226498859808403,24.362669193121246,28.980545996668567,34.68062100146268,11.050244439073067,14.242519449455648,17.887206066889757,9.753544410438549,9.785887755324577,10.125800376189742,9.464815904975447,9.464815904975447,9.464815904975447,0.2887285054631015,0.3210718503491302,0.6609844712142946,0.0,7.131012290503135,15.642220508200426,44.54778235350425,61.58467264007775,80.82765528710217,490.94626398332014,679.422371406217,906.793169808463
162,0.12060267323216246,0.12060267323216246,0.12060267323216246,24.223996072351166,28.809432613971133,34.469661668754156,11.032544257415209,14.206183716740654,17.819435063146848,9.563876399255655,9.592327688426474,9.887486083133382,9.316036774864257,9.316036774864257,9.316036774864257,0.24783962439139834,0.27629091356221736,0.5714493082691254,0.0,7.356400297647311,16.13662000774249,44.35301033997506,61.560365834657915,81.52040494994272,450.26204703351954,625.4800618463865,836.8420905541406
163,0.0964148535462799,0.0964148535462799,0.0964148535462799,24.223996072351166,28.809432613971133,34.469661668754156,11.032544257415209,14.20595564419098,17.76221836809629,9.318526445121963,9.337991753859434,9.626396009389042,9.155164012286136,9.155164012286136,9.155164012286136,0.16336243283582652,0.1828277415732991,0.471231997102907,0.0,7.527439055314001,16.51180179875329,44.33999386322153,61.560365834657915,81.52040494994272,405.922053170298,566.2234252400383,759.580675640966
164,0.07695074569169925,0.07695074569169925,0.07695074569169925,24.223996072351166,28.809432613971133,34.469661668754156,11.032544257415209,14.20595564419098,17.76221836809629,9.19253795166085,9.202047239895448,9.485445959639176,9.123296759935329,9.123296759935329,9.123296759935329,0.06924119172551997,0.07875047996011979,0.36214919970384774,0.0,8.135919728641836,17.846533598311126,44.33999386322153,61.560365834657915,82.14492905539697,362.0728933793804,507.53024070373635,682.9598653058922
165,0.07341899636631759,0.07341899636631759,0.07341899636631759,24.223996072351166,28.809432613971133,34.469661668754156,11.032544257415209,14.20595564419098,17.76221836809629,9.136756996714382,9.14498140288454,9.425504604250154,9.07105964185931,9.07105964185931,9.07105964185931,0.06569735485507212,0.07392176102522831,0.35444496239084283,0.0,9.218514066473439,20.221256661941737,44.33999386322153,61.560365834657915,82.14492905539697,318.2708575623836,448.5383711913823,605.6169798813747
166,0.06045938903141714,0.06045938903141714,0.06045938903141714,24.243088531313806,28.837166858433015,34.506663542161924,11.050244439073067,14.206183716740654,17.819435063146848,9.065973214883638,9.07392668630502,9.34970474735434,9.008711977423449,9.008711977423449,9.008711977423449,0.05726123746018939,0.06521470888157194,0.34099276993089084,0.0,9.44032602231606,20.7078119199191,44.35301033997506,61.58467264007775,82.31989349944894,274.77191854899496,389.32480458991245,527.4257027577265
167,0.049563151588562254,0.049563151588562254,0.049563151588562254,24.362669193121246,28.980545996668567,34.68062100146268,11.054404320359284,14.242519449455648,17.819435063146848,9.039973174993454,9.047529184317844,9.330350767346127,8.98964562115993,8.98964562115993,8.98964562115993,0.050327553833525024,0.057883563157913126,0.3407051461861979,0.0,9.75536736294775,21.39887034453055,44.54778235350425,61.84518466609896,82.95877750668356,230.2241361954907,327.7401319498347,445.28077370232955
168,0.03318239801451858,0.03318239801451858,0.03318239801451858,25.93056170201031,30.837942816596296,36.89455912085213,11.956450256034511,15.335890625618566,19.12252337360242,9.01413290950122,9.02082672252955,9.306398300422199,8.97213410722326,8.97213410722326,8.97213410722326,0.0419988022779599,0.04869261530628977,0.3342641931989383,0.0,11.038564936949763,24.213626313309163,46.658370274592,66.44863500162434,89.83594532088411,185.87112585551563,266.1797661151768,362.9608802028806
169,0.015225341653948506,0.015225341653948506,0.015225341653948506,25.93056170201031,30.837942816596296,36.89455912085213,11.956450256034511,15.335890625618566,19.12252337360242,8.93227393154204,8.938967744570371,9.22453932246302,8.890275129264081,8.890275129264081,8.890275129264081,0.0419988022779599,0.04869261530628977,0.3342641931989383,0.0,11.038564936949763,24.213626313309163,46.658370274592,66.44863500162434,89.83594532088411,141.53210426655835,204.3345814490778,280.0021026961971
170,0.015225341653948506,0.015225341653948506,0.015225341653948506,25.93056170201031,30.837942816596296,36.89455912085213,11.956450256034511,15.335890625618566,19.12252337360242,8.926487361310476,8.931653424553511,9.209577254116217,8.890275129264081,8.890275129264081,8.890275129264081,0.036212232046395905,0.0413782952894296,0.3193021248521365,0.0,11.038564936949763,24.213626313309163,46.658370274592,66.44863500162434,89.83594532088411,141.53210426655835,204.3345814490778,280.0021026961971
