,crust,crust,crust,lithosphere,lithosphere,lithosphere,sediments,sediments,sediments,serpentinite,serpentinite,serpentinite,organic_sediments,organic_sediments,organic_sediments,total,total,total
,min,mean,max,min,mean,max,min,mean,max,min,mean,max,min,mean,max,min,mean,max
time,,,,,,,,,,,,,,,,,,
0,1898031601.8691497,2254301429.610938,2693347251.98868,664035471.9306409,1390372647.3185961,2260510864.8121004,10403605696.423748,10403605696.423748,10403605696.423748,207270844.1142075,234058798.9544279,350654390.2151344,0.0,357961522.3627213,785205920.0214533,13172943614.337746,14640300094.670431,16493324123.461117
1,1898031601.8691497,2254301429.610938,2693347251.98868,664035471.9306409,1390442753.1268504,2260510864.8121004,10403605696.423748,10403605696.423748,10403605696.423748,207270844.1142075,234058798.9544279,350654390.2151344,0.0,357961522.3627213,785205920.0214533,13172943614.337746,14640370200.478685,16493324123.461117
2,1898031601.8691497,2254301429.610938,2693347251.98868,664035471.9306409,1390442753.1268504,2260510864.8121004,10403605696.423748,10403605696.423748,10403605696.423748,207270844.1142075,234058798.9544279,350654390.2151344,0.0,357961522.3627213,785205920.0214533,13172943614.337746,14640370200.478685,16493324123.461117
3,1898031601.8691497,2254301429.610938,2693347251.98868,665130886.3178536,1390492086.6198957,2260510864.8121004,10403605696.423748,10403605696.423748,10403605696.423748,207270844.1142075,234058798.9544279,350654390.2151344,0.0,356325625.9229096,781617502.0244468,13174039028.72496,14638783637.53192,16489735705.46411
4,1897460396.4928958,2253305934.1389074,2691813766.7675076,666679481.518483,1390442753.1268504,2259109192.3815084,10261282247.861267,10261282247.861267,10261282247.861267,205692836.75847387,232320430.1075551,348787157.5503676,0.0,356325625.9229096,781617502.0244468,13031114962.63112,14493676991.15749,16342609866.585096
5,1896255896.6309693,2251831529.8535547,2689988754.5545382,666909036.2010859,1390442753.1268504,2258311687.9439783,10135886934.824903,10135886934.824903,10135886934.824903,204497776.52171484,230871679.62650692,347188894.925897,0.0,356263724.7671322,781481718.8440318,12903549644.178675,14365296622.198948,16212857991.09335
6,1895555113.288685,2251283227.6437845,2689655658.0582056,668240357.3525053,1390442753.1268504,2258041427.787145,9970240276.675692,9970240276.675692,9970240276.675692,203813384.4100275,230128316.716515,346483065.72224796,0.0,355037921.9039347,778792860.9505665,12737849131.72691,14197132496.066776,16043213289.193857
7,1895253276.6316876,2250792750.4033613,2688919767.010616,669515156.1973407,1390372647.3185961,2256877221.2114134,9856048574.944065,9856048574.944065,9856048574.944065,202090491.58208412,228201044.76297498,344475187.6616996,0.0,354726766.11875707,778110325.6798542,12622907499.355179,14080141783.547756,15924431076.507647
8,1894139249.8169272,2249526010.776616,2687469976.199145,670541353.0059853,1390244642.4546475,2255986059.838257,9696253120.133888,9696253120.133888,9696253120.133888,200459828.7693631,226379470.35323757,342503436.2020022,0.0,351797602.0838933,771685062.6356369,12461393551.726164,13914200845.802282,15753897655.008928
9,1894085322.5160923,2249187806.873532,2686744226.2580175,671263308.096362,1390015522.2439053,2253733424.6917963,9549227062.141617,9549227062.141617,9549227062.141617,198603817.9226145,224354622.27020878,340403036.2958173,0.0,350364757.0804547,768542047.7893845,12313179510.676685,13763149770.609716,15598649797.176632
10,1891828251.807817,2246460491.5738387,2683382118.7897387,672280264.044919,1390015522.2439053,2253530616.0404673,9408717825.827381,9408717825.827381,9408717825.827381,198476249.81224206,224061205.42715025,340016714.724357,0.0,349452166.3871209,766540235.9459426,12171302591.49236,13618707211.459398,15452187511.327887
11,1891095326.099278,2245626753.805193,2682451184.3786755,673980837.1494817,1389817929.8670764,2252984006.113428,9272145698.03275,9272145698.03275,9272145698.03275,197776463.07432017,223202050.26782215,339091636.2732786,0.0,349025990.2409077,765605397.9477975,12034998324.35583,13479818422.213749,15312277922.74593
12,1890668819.9085479,2245049454.432666,2681636649.462864,675788700.5326648,1389071661.0781565,2245706628.9523926,9147360119.89139,9147360119.89139,9147360119.89139,195874914.26656342,221197527.09888518,336926090.0045282,0.0,347465027.95619977,762181351.6458575,11909692554.599167,13350143790.457296,15173810839.957031
13,1888972950.556755,2243008853.411621,2679141119.266244,677070113.1607349,1386118172.2460275,2232639377.025129,8970642123.84963,8970642123.84963,8970642123.84963,194245307.66808063,219335630.689097,334499309.19164735,0.0,343715002.3947185,753955489.1238987,11730930495.2352,13162819782.591093,14970877418.456549
14,1888417629.6850748,2242461824.9999003,2678668088.496672,678231552.9791405,1385432330.3727632,2231715280.1869354,8783895851.138575,8783895851.138575,8783895851.138575,192135760.4538383,216998135.6021174,331815483.5044887,0.0,339960500.72850597,745719808.0496261,11542680794.256628,12968748642.841862,14771814511.376295
15,1886609411.1747794,2240171681.5102468,2675691292.620535,679550594.7793822,1385314389.1529508,2229151256.8267355,8618344705.40544,8618344705.40544,8618344705.40544,192046180.44137514,216942043.73706344,331347432.25479054,0.0,337643894.11540365,740638219.3499177,11376550891.800976,12798416713.921106,14595172906.45742
16,1884616758.6653795,2237853220.456997,2672929837.9332533,680824617.3932768,1384299078.180417,2225257752.0880675,8479673898.862171,8479673898.862171,8479673898.862171,190908300.18710387,215524793.58731973,329442334.7160648,0.0,335840473.3465672,736682328.6311796,11236023575.107931,12653191464.433472,14443986152.230736
17,1884616758.6653795,2237853220.456997,2672929837.9332533,681480860.981416,1384299078.180417,2221686879.135951,8344002838.108498,8344002838.108498,8344002838.108498,190184704.07330602,214583534.8461392,328211630.58218515,0.0,335122753.4010397,735107975.2022805,11100285161.828598,12515861424.99309,14301939160.962168
18,1884616758.6653795,2237853220.456997,2672929837.9332533,682058651.2073882,1384106051.3575797,2221456557.2616224,8199555095.475151,8199555095.475151,8199555095.475151,187961897.98185146,212217898.09229875,325729929.40396386,0.0,333403838.0297632,731337451.1620615,10954192403.329771,12367136103.411789,14151008871.236052
19,1884616758.6653795,2237853220.456997,2672929837.9332533,683303094.0828817,1383723522.687247,2220263469.9380407,8028432006.987763,8028432006.987763,8028432006.987763,187958635.6945997,212123874.36615035,325429203.2213877,0.0,331340680.5582396,726811815.4180739,10784310495.430624,12193473305.056396,13973866333.49852
20,1884616758.6653795,2237853220.456997,2672929837.9332533,684140739.1253024,1383492952.2240176,2212089124.866265,7890412768.563764,7890412768.563764,7890412768.563764,184780693.65993363,208688430.78760594,321803374.7834179,0.0,331079891.28195465,726239761.521707,10643950960.01438,12051527263.314337,13823474867.668407
21,1884508038.0506775,2237789567.8026357,2673053284.17679,688591609.0088553,1383279256.84942,2211656482.185375,7728761742.777842,7728761742.777842,7728761742.777842,184248662.90765926,208020296.62082648,320955565.12074363,0.0,328558763.15460646,720709544.984298,10486110052.745035,11886409627.20533,13655136619.245049
22,1885457057.4556217,2239376890.700539,2675027186.8904877,689235483.9128252,1382781959.5880504,2209666046.024796,7595544770.3957405,7595544770.3957405,7595544770.3957405,183851919.95465088,207552496.44900385,320382466.38131315,0.0,326397055.0624672,715967733.6854119,10354089231.718838,11751653172.1958,13516588203.377748
23,1885457057.4556217,2239376890.700539,2675027186.8904877,689969995.5513775,1382761345.915432,2207621411.276932,7441132080.841201,7441132080.841201,7441132080.841201,183176406.82905877,206744090.490211,319292512.94248277,0.0,325087369.2846864,713094874.5599573,10199735540.67726,11595101777.23207,13356168066.51106
24,1885457057.4556217,2239376890.700539,2675027186.8904877,690465308.801413,1382710436.5907688,2204816528.784298,7268849698.303941,7268849698.303941,7268849698.303941,183070684.47423893,206605472.55292264,318033994.28774214,0.0,323025153.42012036,708571304.2763929,10027842749.035215,11420567651.568293,13175298712.542862
25,1885457057.4556217,2239376890.700539,2675027186.8904877,690543226.7109764,1382710436.5907688,2204511060.7094307,7111433531.7889595,7111433531.7889595,7111433531.7889595,182665958.31813067,206158399.23408568,317390322.0572623,0.0,321966557.68008125,706249223.2982427,9870099774.27369,11261645815.994432,13014611324.744383
26,1885457057.4556217,2239376890.700539,2675027186.8904877,692242098.2257274,1382710436.5907688,2202309098.162692,6948928558.69998,6948928558.69998,6948928558.69998,182065747.32390666,205490823.4543081,317228157.0653991,0.0,319204426.46287453,700190354.8217893,9708693461.705235,11095711135.90847,12843683355.640347
27,1885457057.4556217,2239376890.700539,2675027186.8904877,692939311.2937229,1381888401.7137914,2201426852.5028925,6774258648.270559,6774258648.270559,6774258648.270559,181956974.23880434,205421318.71315062,317033206.4858105,0.0,317005742.9297682,695367436.1040077,9534611991.258709,10917951002.327808,12663113330.25376
28,1885457057.4556217,2239376890.700539,2675027186.8904877,693734781.3078408,1381863659.6896167,2199490476.1768265,6589338388.373497,6589338388.373497,6589338388.373497,181699808.151753,205188689.80479777,315899866.46549094,0.0,315949649.0219554,693050843.015902,9350230035.288712,10731717277.590406,12472806760.922203
29,1885457057.4556217,2239376890.700539,2675027186.8904877,695058878.8898983,1380811677.9116426,2195987011.2967854,6424810345.8160925,6424810345.8160925,6424810345.8160925,181445386.56346855,204785334.47045797,314630884.616642,0.0,313569245.5551026,687829312.8305477,9186771668.725082,10563353494.453835,12298284741.450554
30,1885457057.4556217,2239471477.556717,2675207615.368214,696063939.127233,1379632951.629565,2191032359.328457,6243686562.657688,6243686562.657688,6243686562.657688,179811932.67577264,202989120.12600523,312395907.1888248,0.0,312517652.94247454,685522593.5512345,9005019491.916315,10378297764.91245,12107845038.09442
31,1885457057.4556217,2239471477.556717,2675207615.368214,702043793.5150242,1377500931.26223,2183388205.710172,6064269046.676224,6064269046.676224,6064269046.676224,178177781.94196704,201200619.40274897,310214405.48596585,0.0,309550367.50163746,679013709.3584306,8829947679.588837,10191992442.399555,11912092982.599007
32,1885023799.5932193,2239044223.2805696,2674774281.6424966,703458843.1194482,1374942838.5746317,2165026782.875101,5949226630.342277,5949226630.342277,5949226630.342277,174492493.36682755,197008017.973167,305350466.9159983,0.0,307203001.6003309,673864648.6716934,8712201766.421772,10067424711.770975,11768242810.447567
33,1884695225.86618,2238723300.7722125,2674422602.6563487,705563947.4131368,1373199373.6360455,2159150060.5531583,5772974822.761182,5772974822.761182,5772974822.761182,172531629.5276599,194832417.9642729,302600321.3620779,0.0,304294399.5429415,667484489.3200006,8535765625.568159,9884024314.676655,11576632296.652767
34,1884695225.86618,2238723300.7722125,2674422602.6563487,707563407.656419,1370458705.709614,2148971566.547804,5613621153.18917,5613621153.18917,5613621153.18917,171311573.86879283,193336527.24294046,300382473.22826844,0.0,301764087.63139474,661934127.7075754,8377191360.580562,9717903774.545334,11399331923.329165
35,1884260705.9408329,2237938475.762642,2673225724.2623115,709137400.3544734,1368177609.4428425,2140985236.295353,5475244895.921398,5475244895.921398,5475244895.921398,168336632.82193303,190119927.36057603,296345595.21492887,0.0,299063030.4311066,656009228.0424274,8236979635.038637,9570543938.918566,11241810679.73642
36,1884260705.9408329,2237938475.762642,2673225724.2623115,710919099.4344246,1366241510.3525786,2134550802.866561,5340678446.222696,5340678446.222696,5340678446.222696,167137815.91339922,188710968.98212075,294280282.8252116,0.0,297650004.6260334,652909687.5667828,8102996067.511353,9431219405.946072,11095644943.743563
37,1884074600.6360686,2237699645.020917,2672916382.4494,712884384.0121231,1364612987.4961205,2128951698.3302352,5206885250.659864,5206885250.659864,5206885250.659864,165106617.01963177,186493411.22948375,291235405.16173637,0.0,294884227.4101047,646842821.4157135,7968950852.327687,9290575521.816492,10946831558.016949
38,1882782460.8363972,2236111626.3972125,2670948982.53072,715426051.6046027,1362963332.0855346,2122628852.6087515,5077563027.038667,5077563027.038667,5077563027.038667,162973661.06109044,184065719.83984303,288038733.91471744,0.0,292573412.9538666,641773938.0923525,7838745200.540757,9153277118.315125,10800953534.185207
39,1881815244.5373003,2234920411.054833,2669460424.1739783,717068438.5256855,1362707241.0299501,2117564751.7046728,4950783709.199386,4950783709.199386,4950783709.199386,160361642.79176465,181165065.14998052,284436792.9394563,0.0,289458312.0272401,634940813.4791073,7710029035.054135,9019034738.46139,10657186491.496601
40,1881759674.8565059,2234770858.44835,2669139320.4673777,718966769.6556971,1361815706.179402,2111855193.3294668,4834546426.623194,4834546426.623194,4834546426.623194,158063963.66883904,178591849.54504752,281260656.9040499,0.0,286267879.70348734,627942445.801198,7593336834.804236,8895992720.499481,10524744043.125286
41,1878992131.5427976,2231538645.90425,2665358658.8191805,723694856.84623,1361458993.9134243,2111255915.6871438,4714568797.311227,4714568797.311227,4714568797.311227,156406907.62029094,176659408.95164526,278707680.82913506,0.0,282925945.66516453,620611751.7816511,7473662693.320545,8767151791.74571,10390502804.428337
42,1878797899.3492208,2231194952.445097,2664790692.8185806,724712831.2752266,1360063096.1972075,2107842019.6351624,4610844351.9631815,4610844351.9631815,4610844351.9631815,155109125.8945592,175163607.54427287,276729942.03092307,0.0,280399778.9978961,615070482.9631267,7369464208.482188,8657665787.147654,10275277489.410975
43,1876363811.4342055,2228250383.399914,2661207699.93593,725969914.5305896,1360052351.9195862,2106853700.4715757,4474841272.429046,4474841272.429046,4474841272.429046,153321265.15991485,173168706.657191,274289802.92415017,0.0,277129240.2596107,607896397.9888234,7230496263.553756,8513441954.665348,10125088873.749525
44,1875495264.9091785,2227381274.372545,2660365503.636014,727496917.4768982,1359032062.3165035,2102498733.2831059,4350075813.459665,4350075813.459665,4350075813.459665,151911444.10586733,171521760.3044714,272143642.07827246,0.0,274182800.7270933,601433240.3045917,7104979439.95161,8382193711.180279,9986516932.761648
45,1873288807.4056668,2224504309.4958854,2656638082.586258,728501129.3488619,1357980334.11445,2096141854.5913305,4254778584.9041405,4254778584.9041405,4254778584.9041405,149642131.34588063,168963454.52947932,269037595.38647515,0.0,271155000.7404941,594791614.5275353,7006210653.00455,8277381683.784449,9871387731.995739
46,1868664337.16823,2218832981.328079,2649677389.089096,730058023.901346,1356017463.5260358,2090419646.3841228,4162635121.4598837,4162635121.4598837,4162635121.4598837,147586195.5563231,166687088.07924205,266296005.24144626,0.0,269399419.76163334,590940662.7029377,6908943678.085783,8173572074.154874,9759968824.877485
47,1868664337.16823,2218832981.328079,2649677389.089096,730640035.3657422,1356017463.5260358,2090419646.3841228,4088873872.7978187,4088873872.7978187,4088873872.7978187,146254275.72407103,165183376.86737084,264457059.64721343,0.0,264898610.73880213,581067920.3302755,6834432521.055862,8093806305.258106,9674495888.248528
48,1868664337.16823,2218832981.328079,2649677389.089096,732022442.6289084,1356017463.5260358,2088724639.7569003,3925027297.6641827,3925027297.6641827,3925027297.6641827,144814347.11987144,163664049.7563581,262780588.79533625,0.0,263865560.1699579,578801873.921198,6670528424.581192,7927407352.444613,9505011789.226713
49,1868664337.16823,2218832981.328079,2649451333.1339493,733729028.5825286,1356017463.5260358,2087466923.8239746,3855367099.384288,3855367099.384288,3855367099.384288,143847474.2308795,162499669.72479117,261451930.86322868,0.0,261832862.19415647,574343052.5549239,6601607939.365926,7854550076.1573515,9428080339.760365
50,1868664337.16823,2218832981.328079,2648088690.7423143,735575682.2433758,1356017463.5260358,2086130334.762569,3798990433.9473124,3798990433.9473124,3798990433.9473124,142057858.83427832,160381432.88446307,259099898.3753486,0.0,260494867.35676134,571408096.137412,6545288312.193196,7794717179.042652,9363717453.964954
51,1866469561.6134005,2215860069.3030944,2645913933.235111,746207839.8838007,1365647797.2894664,2084986774.4773517,3750001485.3825765,3750001485.3825765,3750001485.3825765,141974697.82313865,160372330.711712,258739337.01554874,0.0,258374259.08463365,566756439.2824221,6504653584.702916,7750255941.771483,9306397969.39301
52,1867770780.1611676,2215629452.1537514,2643706117.734537,747796848.6116035,1366075032.734692,2083504886.9087553,3741154587.107461,3741154587.107461,3741154587.107461,140818499.602925,159026502.87265763,257290005.48814785,0.0,257568753.99664724,564989524.8958714,6497540715.483157,7739454328.86521,9290645122.134773
53,1867770780.1611676,2215629452.1537514,2643706117.734537,749312078.3115773,1366177582.3656483,2082141788.5004416,3736605408.2864122,3736605408.2864122,3736605408.2864122,140623135.80907276,158661815.44859967,256531897.8668318,0.0,255326893.90682065,560071896.3117356,6494311402.56823,7732401152.161232,9279057108.699959
54,1867770780.1611676,2215629452.1537514,2643706117.734537,751963483.4703188,1366177582.3656483,2082141788.5004416,3677316763.5918403,3677316763.5918403,3677316763.5918403,138309904.37864816,156074207.54077864,253630004.8661512,0.0,254715670.75398305,558731148.7506725,6435360931.6019745,7669913676.406003,9215525823.443644
55,1867770780.1611676,2215629452.1537514,2643706117.734537,753409408.0718768,1366177582.3656483,2082141788.5004416,3596496464.153972,3596496464.153972,3596496464.153972,136301029.8126767,153853740.99719888,251019578.4689564,0.0,252628396.30381036,554152611.2470679,6353977682.199693,7584785635.974381,9127516560.104975
56,1867770780.1611676,2215629452.1537514,2643706117.734537,755781344.766373,1366177582.3656483,2082141788.5004416,3507899771.2769423,3507899771.2769423,3507899771.2769423,135508052.09706825,152864575.6134587,249657580.08318213,0.0,249751136.99566936,547841203.7324361,6266959948.301551,7492322518.40547,9031246461.32754
57,1866469561.6134005,2214283378.114514,2642276396.3386636,757238463.1914608,1366075032.734692,2081674523.2701368,3453148854.233543,3453148854.233543,3453148854.233543,134481755.76413822,151632534.6847657,248011572.85249323,0.0,248610714.05830216,545339630.8375659,6211338634.802543,7433750513.825816,8970450977.532404
58,1863297318.7082436,2209997278.1158047,2636650656.9992824,758239788.2705548,1365647797.2894664,2078416010.445963,3403852330.224776,3403852330.224776,3403852330.224776,133777254.14346433,150763554.46754056,246787593.9649536,0.0,246461818.90093905,540625925.331092,6159166691.347038,7376722778.998527,8906332516.966066
59,1857241688.9793406,2202462986.838016,2627292101.6505404,759461028.6420267,1365013661.7624793,2073058840.6796298,3337032758.7709103,3337032758.7709103,3337032758.7709103,132353208.89783162,149210333.3713792,244932008.7701794,0.0,244229431.46934572,535729075.4811454,6086088685.29011,7297949172.212131,8818044785.352406
60,1850805901.0494595,2194498389.918977,2617446008.7270136,760019686.0523183,1364890922.8237634,2072967962.6026983,3252077188.194526,3252077188.194526,3252077188.194526,131428569.89930893,148230963.44382924,243446111.24878988,0.0,241871934.50512037,530557791.81768334,5994331345.195614,7201569398.886216,8716495062.590712
61,1842264829.543867,2184076702.6252704,2604746076.4688244,761023246.0194697,1364813779.9765973,2072359855.4169922,3193663762.3425837,3193663762.3425837,3193663762.3425837,131191245.74567717,147934852.73011082,242846534.50825143,0.0,240328041.94156286,527171188.77504116,5928143083.651597,7130817139.616125,8640787417.511692
62,1842109843.2083898,2183539568.910403,2603784630.4543605,762413478.8047667,1364138843.2267957,2069219852.8883824,3122352718.881406,3122352718.881406,3122352718.881406,130361547.00669935,147001807.22710553,241622258.39636046,0.0,239668488.87258023,525724427.2043694,5857237587.901261,7056701427.11829,8562703887.824879
63,1838173593.6573334,2178447314.2468033,2597282746.5523353,762718905.1118162,1364091132.4082208,2068728434.0772047,3105434148.4715757,3105434148.4715757,3105434148.4715757,128816366.04533067,145261407.7591384,239662009.15944254,0.0,236765541.39015785,519356671.4364753,5835143013.2860565,7029999544.275896,8530464009.697033
64,1831954656.9877334,2170714997.796327,2587692268.805372,763215951.7595572,1364091132.4082208,2068636812.6772046,3055487997.54208,3055487997.54208,3055487997.54208,128477607.12246147,144904025.75323915,239193614.37211993,0.0,234218893.3958664,513770475.836094,5779136213.411832,6969417046.895733,8464781169.23287
65,1826613295.0432115,2164038073.9488516,2579392485.3661227,763242617.7335181,1364074850.5334878,2066157696.670362,3004899518.378627,3004899518.378627,3004899518.378627,128374344.8792322,144780998.54807645,238806594.17450142,0.0,231507237.253105,507822326.87777877,5723129776.034589,6909300678.6621475,8397078621.467392
66,1820370781.3975053,2156258273.1139603,2569734981.4249296,764458610.6516333,1363793991.4575396,2066105021.4873486,2955618661.227274,2955618661.227274,2955618661.227274,127986356.85768276,144375552.69418764,238500103.5609901,0.0,229933411.48861635,504370063.9105133,5668434410.134096,6849979889.981578,8334328831.611055
67,1816444211.999465,2151240300.7062273,2563412214.4169154,765596554.2982938,1363791840.399821,2064999851.0451305,2917670703.615655,2917670703.615655,2917670703.615655,127378563.83135903,143677386.4401461,237444825.36948055,0.0,227139906.76421487,498242376.1279552,5627090033.744773,6803520137.9260645,8281769970.575136
68,1814059144.7394075,2147745632.0063295,2558611170.1487007,769132694.4769783,1363573087.7915773,2060192430.8327641,2880306742.60603,2880306742.60603,2880306742.60603,125359857.36283892,141431117.3721524,235067893.90643603,0.0,224910008.49942237,493350986.3858296,5588858439.185255,6757966588.275511,8227529223.87976
69,1813189109.8120413,2147012248.418132,2557997111.9584546,770164589.3388472,1363543724.5727139,2059631316.8611658,2843262724.397987,2843262724.397987,2843262724.397987,122631072.3999036,138476585.57525963,231887433.58490714,0.0,224535172.99070287,492528766.5602514,5549247495.948779,6716830455.954794,8185307353.362766
70,1810411875.664878,2143130440.6460342,2552827536.779462,771253626.7770827,1362696430.3422604,2057294372.3944688,2824248412.685283,2824248412.685283,2824248412.685283,122413709.06241146,138134528.7730846,231202025.73889065,0.0,221853257.7731238,486645855.7604006,5528327624.189654,6690063070.219787,8152218203.358506
71,1807411058.8948748,2139277052.454976,2547946414.585739,772543645.159388,1362407209.3691993,2053022561.9816473,2793756246.4814863,2793756246.4814863,2793756246.4814863,121504895.93466946,137042684.02693653,229810368.36360788,0.0,220046355.52187726,482682328.2415371,5495215846.470419,6652529547.854476,8107217919.654018
72,1805244566.8914683,2136424235.8145084,2544274834.5582438,773427798.425081,1362045367.6864705,2048442331.3242278,2762184736.268072,2762184736.268072,2762184736.268072,119757350.72347349,135141494.99976307,227655570.31001526,0.0,218734069.1045997,479803764.487509,5460614452.308095,6614529903.873414,8062361236.948068
73,1801970447.7024045,2132201476.3581245,2538925922.070199,774625044.1162977,1361784533.911745,2047372760.1370199,2738981965.265724,2738981965.265724,2738981965.265724,119425753.54462832,134643545.72599941,226956128.5782292,0.0,215811288.18579906,473392503.1172366,5435003210.629055,6583422809.447392,8025629279.168409
74,1799862006.467229,2129349414.2187898,2535201281.1503315,776169443.8570818,1361415360.2574055,2046875805.0302882,2711285080.147292,2711285080.147292,2711285080.147292,118335868.00361371,133471957.42647874,225586015.23175356,0.0,214838229.4003409,471258051.58784455,5405652398.475217,6550360041.450307,7990206233.147511
75,1795616415.4174213,2123982612.9104548,2528495686.8421555,777672853.0706844,1360745627.4696808,2042225467.4072735,2686607697.54161,2686607697.54161,2686607697.54161,116887649.17912942,131812596.52055767,223500918.36193448,0.0,213629600.62838924,468606865.89453125,5376784615.208845,6516778135.070692,7949436636.047504
76,1791833896.882903,2119100948.8829253,2522292101.1137123,779790363.157633,1359814490.948513,2038253893.9181128,2671099081.503828,2671099081.503828,2671099081.503828,116485276.15242699,131228321.24297047,222384435.48821652,0.0,211957591.351929,464939232.642941,5359208617.696791,6493200433.930165,7918968744.666811
77,1788826448.7754202,2115136070.6957994,2517176419.7458954,780884987.563846,1359661290.376597,2034822945.8816204,2651759762.702424,2651759762.702424,2651759762.702424,115020528.22822446,129637931.08551517,220307523.86726946,0.0,210843750.708676,462495969.2964506,5336491727.269916,6467038805.569012,7886562621.49366
78,1783568302.896861,2108512928.2081122,2508894231.1369824,782332352.3285853,1358751687.7281709,2031163576.289442,2624982808.450736,2624982808.450736,2624982808.450736,114476217.34283385,129018293.98619801,219187325.17387402,0.0,210212548.4216325,461111396.53777444,5305359681.019015,6431478266.79485,7845339337.588808
79,1778706189.5094495,2102370161.4832592,2501189369.874237,783475401.2746625,1358103076.0933545,2027432308.6645832,2603097765.1267185,2603097765.1267185,2603097765.1267185,113878412.15487976,128299916.82381359,218053835.65958226,0.0,208208576.16136733,456715586.4184832,5279157768.06571,6400079495.688513,7806488865.743604
80,1773037348.887688,2095283752.4935548,2492372080.1818886,784664659.5424253,1357703184.6348534,2025243696.4493365,2586324417.780314,2586324417.780314,2586324417.780314,112641566.89510098,126958370.17394412,216301902.29499376,0.0,205861021.29101378,451566111.21899796,5256667993.105528,6372130746.37368,7771808207.92553
81,1767947199.592215,2088955411.9394104,2484546002.4367104,785938287.1283758,1356811226.4559045,2021413024.9600575,2559493364.705001,2559493364.705001,2559493364.705001,111895430.777259,126050658.36206523,215003480.3336935,0.0,204815778.68604514,449273320.98874414,5225274282.20285,6336126440.148426,7729729193.424206
82,1765696151.2264981,2086013894.7581372,2480773520.4258976,786798161.0426369,1356630289.0196114,2019250008.5204074,2546889272.1270123,2546889272.1270123,2546889272.1270123,111425402.08160838,125452206.41828583,213992235.73669013,0.0,203174075.59184074,445672165.8143603,5210808986.477756,6318159737.914886,7706577202.624369
83,1762236977.8909936,2081631946.1949677,2475287913.183565,788983244.4631491,1356419959.1556904,2017773552.5497696,2535535091.592044,2535535091.592044,2535535091.592044,110404336.32090363,124342007.79355025,212528199.09379494,0.0,202126295.24837208,443373808.9319129,5197159650.26709,6300055299.984625,7684498565.351086
84,1761166259.8161774,2079486088.0653481,2471948996.8676376,790759436.459407,1353994802.2874823,2007648697.097756,2527134520.8794775,2527134520.8794775,2527134520.8794775,108516810.53935713,122163532.46063916,209734563.04032737,0.0,200869470.77896863,440616903.64418924,5187577027.694419,6283648414.471915,7657083681.5293865
85,1759931297.861466,2078359820.790279,2470902259.1142597,792545104.0666049,1352454893.844479,1999237146.6978078,2514836512.2326055,2514836512.2326055,2514836512.2326055,106111032.87156402,119505057.84760061,206734754.1410469,0.0,200869470.77896863,440616903.64418924,5173423947.032241,6266025755.493933,7632327575.829907
86,1759127031.37811,2077670911.5534964,2470324300.7129297,795175100.07144,1351856949.5808392,1998182570.4198592,2507744811.2371225,2507744811.2371225,2507744811.2371225,105540295.28414181,118855425.24719274,205817477.83453387,0.0,200869470.77896863,440616903.64418924,5167587237.970814,6256997568.397619,7622686063.848634
87,1759118806.7722802,2076789382.5196204,2468486431.04465,797949724.1265045,1351853902.307378,1991397995.0387049,2491450244.2395144,2491450244.2395144,2491450244.2395144,104107726.02306211,117343664.72925879,203639423.80672884,0.0,200869470.77896863,440616903.64418924,5152626501.161361,6238306664.57474,7595590997.7737875
88,1758432228.3753333,2075693451.5128303,2466931834.2817144,800108774.6907513,1349755723.0559647,1983080268.9817119,2464135445.2284155,2464135445.2284155,2464135445.2284155,101975954.43301262,114953747.06514993,200460775.6950494,0.0,200210984.7296449,439172482.63276947,5124652402.727513,6204749351.592006,7553780806.81966
89,1756893195.2869282,2074608801.4511876,2466289673.843503,802529121.7884364,1349306015.2260458,1980600343.278562,2457713531.7047873,2457713531.7047873,2457713531.7047873,101155376.07441983,113973667.546316,198831825.5133669,0.0,200210984.7296449,439172482.63276947,5118291224.854571,6195813000.657982,7542607856.972988
90,1756421517.4422529,2073071507.0927324,2463588395.4330854,805202157.697814,1348404324.909777,1975761415.910858,2429216633.7750435,2429216633.7750435,2429216633.7750435,99379251.35001549,112055215.51007572,196227804.56845123,0.0,200210984.7296449,439172482.63276947,5090219560.265126,6162958666.017273,7503966732.320208
91,1754273436.1754355,2070280046.77325,2460034442.5508485,807640512.4153728,1347414862.571846,1968757222.7455873,2400773906.4362965,2400773906.4362965,2400773906.4362965,98101126.25730227,110585206.18513343,194070072.7298535,0.0,200210984.7296449,439172482.63276947,5060788981.284408,6129265006.696171,7462808127.095356
92,1753181343.7596822,2068719272.6226892,2457924336.2011013,809570068.8941975,1347299044.7809525,1967098968.745912,2381058109.0051727,2381058109.0051727,2381058109.0051727,98086112.55788717,110548127.56179939,193295350.60710663,0.0,200210984.7296449,439172482.63276947,5041895634.216939,6107835538.700258,7438549247.192062
93,1750648083.596929,2065444411.5715153,2453762538.1523976,811842015.1180545,1346821772.8000789,1963248270.49936,2362760551.2197633,2362760551.2197633,2362760551.2197633,97141642.86899275,109553603.65273413,191615680.1380844,0.0,200210984.7296449,439172482.63276947,5022392292.80374,6084791323.973737,7410559522.642375
94,1750102782.209638,2064569828.8353524,2452504348.581081,813660744.4029205,1346691670.7326837,1962481560.2599397,2349484519.7844353,2349484519.7844353,2349484519.7844353,97084711.10822952,109522731.48407911,190992700.3202918,0.0,200064869.67435098,438851972.1888989,5010332757.505223,6070333620.510901,7394315101.134646
95,1747455320.1285043,2061191637.7187924,2448249381.871993,815775821.0838461,1346557924.9469311,1958896852.3121247,2331621480.0305963,2331621480.0305963,2331621480.0305963,96403591.9091031,108788953.89007285,189592766.33573145,0.0,199857482.49505907,438397058.3762586,4991256213.15205,6048017479.081451,7366757538.926704
96,1745320883.2799735,2058437206.431888,2444748405.506177,817700149.691405,1346023821.9785948,1955029835.604199,2309194496.343464,2309194496.343464,2309194496.343464,95635106.01831648,107897307.25840917,187865714.52898234,0.0,199847511.4146744,438375186.32896316,4967850635.3331585,6021400343.427031,7335213638.311786
97,1742038312.072136,2054237526.1599684,2439444743.924783,820052562.9171059,1345401844.2325866,1951375784.5940137,2286299884.827299,2286299884.827299,2286299884.827299,95489802.24949864,107785676.20703849,187224571.9278248,0.0,199666967.52837956,437979154.57838094,4943880562.066039,5993391898.955273,7302324139.852302
98,1738686189.1203203,2049954080.2454178,2434037484.78198,822491464.6204814,1344701326.2087793,1947209040.8097043,2262667715.6691837,2262667715.6691837,2262667715.6691837,95128060.927055,107310053.9186838,185858115.23269612,0.0,199544584.84449124,437710702.2395292,4918973430.337041,5964177760.886556,7267483058.733094
99,1734992930.625419,2045292365.0752382,2428199222.6288357,824597820.9710052,1343881312.3969328,1942459359.0636125,2238362237.031101,2238362237.031101,2238362237.031101,94206483.48536082,106289363.51163405,184046661.4129043,0.0,199450539.44382268,437504409.10257876,4892159472.112886,5933275817.458729,7230571889.239033
100,1730773700.3990133,2040039199.3461328,2421676037.184531,826731379.2123531,1343103593.9611363,1938167464.534343,2209570461.5597863,2209570461.5597863,2209570461.5597863,93078030.83933121,105098968.27629018,182094932.83906904,0.0,199450539.44382268,437504409.10257876,4860153572.010484,5897262762.587169,7189013305.220308
101,1725812765.5295734,2033948699.8889537,2414182218.3164806,828384114.2379098,1342476427.5058818,1934386148.4468584,2185806648.3116684,2185806648.3116684,2185806648.3116684,92731449.94205375,104642206.513205,180684898.68539584,0.0,199430116.41287965,437459610.195994,4832734978.021205,5866304098.632588,7152519523.956398
102,1724486044.5247831,2032153816.269259,2411880378.8075423,829897110.1119412,1341018927.207805,1929007541.62726,2171085586.332349,2171085586.332349,2171085586.332349,92731449.94205375,104642206.513205,179248723.67622912,0.0,199430116.41287965,437459610.195994,4818200190.911127,5848330652.735497,7128681840.639375
103,1723087784.0325193,2030348673.7160134,2409596686.1253543,831230350.762959,1340046822.983614,1925251472.1293607,2142274702.7484097,2142274702.7484097,2142274702.7484097,92731449.94205375,104642206.513205,178903209.00632817,0.0,198187807.12039185,434734544.65118206,4789324287.485942,5815500213.081634,7090760614.660635
104,1722373589.9767401,2029387089.809528,2408353006.2261667,832853392.5846356,1339882219.4750814,1924018258.9254646,2111967631.4831665,2111967631.4831665,2111967631.4831665,92731449.94205375,104642206.513205,178602622.4339932,0.0,197767965.1309377,433813600.93237936,4759926063.986596,5783647112.411919,7056755120.001171
105,1722190337.4672258,2028729237.051331,2407241386.8901005,833652682.1952398,1338896581.7647898,1920095861.053937,2072831697.6595647,2072831697.6595647,2072831697.6595647,92731449.94205375,104642206.513205,177882700.15432176,0.0,197174773.91324195,432512407.293563,4721406167.264084,5742274496.902133,7010564053.051487
106,1722190337.4672258,2028729237.051331,2407241386.8901005,834736981.1656706,1338676213.3542762,1919233889.5766191,2032533426.5397456,2032533426.5397456,2032533426.5397456,92759097.9444247,104748950.94116154,177628640.95971125,0.0,196633783.11938465,431325717.810263,4682219843.117066,5701321611.005898,6967963061.776439
107,1722190337.4672258,2028729237.051331,2407241386.8901005,835717098.4867051,1338022299.209508,1916405561.3627076,1988558529.5646346,1988558529.5646346,1988558529.5646346,92759097.9444247,104748950.94116154,177492759.8220155,0.0,196097875.8534292,430150179.2913931,4639225063.46299,5656156892.620064,6919848416.930851
108,1722190337.4672258,2028729237.051331,2407241386.8901005,836934562.2475053,1337426804.901395,1914129893.8778434,1937108301.6064062,1937108301.6064062,1937108301.6064062,92759097.9444247,104748950.94116154,177142609.17347085,0.0,196018099.0060825,429975184.9165681,4588992299.265562,5604031393.506376,6865597376.464389
109,1722190337.4672258,2028729237.051331,2407241386.8901005,838607258.6161025,1336589869.2128797,1910800722.4269829,1873917052.6040578,1873917052.6040578,1873917052.6040578,92759097.9444247,104748950.94116154,176275127.10650575,0.0,195691980.51964,429259828.23662966,4527473746.63181,5539677090.32907,6797494117.264276
110,1723945732.2030604,2030867764.2966657,2409845164.21052,839898523.054914,1336403727.9518437,1908176924.235193,1810176862.305009,1810176862.305009,1810176862.305009,92759097.9444247,104748950.94116154,176106855.29653025,0.0,195304343.05321163,428409526.6973674,4466780215.507408,5477501648.547891,6732715332.74462
111,1725977300.1313267,2033318639.8773026,2412841680.8270416,842875440.6635592,1335769548.9092352,1905462897.2731357,1739546588.2360477,1739546588.2360477,1739546588.2360477,92759097.9444247,104748950.94116154,175508415.3234802,0.0,194782623.9386913,427265110.5751938,4401158426.975358,5408166351.902438,6660624692.2348995
112,1726229611.3642092,2033581735.0934525,2413118736.0874505,844597929.3485839,1333289375.979152,1895045874.6392117,1682141184.1304107,1682141184.1304107,1682141184.1304107,91312349.20690376,103097720.8711794,172379393.18319118,0.0,194474531.65278843,426589295.2383746,4344281074.050108,5346584547.726982,6589274483.278639
113,1728403414.2915976,2036252211.6243038,2416397580.040749,846490851.9023386,1331712813.566866,1888637557.1260676,1611910790.8034244,1611910790.8034244,1611910790.8034244,91180102.58458686,102935426.7980132,171515819.8060783,0.0,194373407.41642714,426367474.3328079,4277985159.5819473,5277184650.209034,6514829222.109127
114,1729237506.2224972,2037362802.308186,2417828063.694581,848231722.7822344,1331001275.682405,1885209644.8090215,1553212585.99124,1553212585.99124,1553212585.99124,90750796.8758515,102457392.4803879,170416686.67514807,0.0,194373407.41642714,426367474.3328079,4221432611.8718233,5218407463.878645,6453034455.502798
115,1729614979.1985412,2037961289.6413515,2418657296.5657973,849785520.3175737,1330341989.8417606,1881988700.9028993,1477138981.6655025,1477138981.6655025,1477138981.6655025,90447572.71854836,102050423.22301395,169390470.6512376,0.0,194021704.4138685,425595996.77880824,4146987053.9001656,5141514388.785498,6372771446.564245
116,1730455756.2304418,2039152700.1697903,2420236474.412966,851662760.6237646,1329325022.2545214,1877738402.7927337,1394544670.1490114,1394544670.1490114,1394544670.1490114,90327526.37302689,101989401.04237291,169023356.46464545,0.0,193957976.14362508,425456205.73440343,4066990713.3762445,5058969769.759321,6286999109.553761
117,1731516207.9605322,2040651257.1648693,2422234126.2110076,853547941.641954,1328469354.1201928,1873967676.4709826,1317010890.2938247,1317010890.2938247,1317010890.2938247,90013635.3554709,101468221.40732577,167407263.49047238,0.0,193821613.4926294,425157087.66125166,3992088675.2517815,4981421336.478841,6205777044.12754
118,1732915576.686572,2042562326.4226055,2424711293.893317,855894349.7552677,1328202029.1647747,1871777956.2152689,1243545638.002564,1243545638.002564,1243545638.002564,89412022.75378919,100913432.73001188,167361671.54967678,0.0,192449421.452923,422147118.02576655,3921767587.1981926,4907672847.77288,6129543677.686594
119,1732968482.2405567,2043300569.784088,2426156473.6260786,858022542.6199672,1327142936.4897861,1865907756.6069067,1167076953.2096272,1167076953.2096272,1167076953.2096272,88258125.22514698,99583029.810217,164991038.59302175,0.0,191124481.335586,419240797.7683822,3846326103.295298,4828227970.629304,6043373019.804016
120,1733611670.101583,2043676222.3496957,2426265947.2715397,860550893.9340146,1327142936.4897861,1862472557.7622955,1095376375.2332704,1095376375.2332704,1095376375.2332704,87902829.9536384,99119034.01793617,164183959.3823678,0.0,189311358.98816198,415263626.16758114,3777441769.222507,4754625927.07885,5963562465.817056
121,1745191161.7860484,2058223280.2026272,2444389403.240963,863976444.9160659,1327142936.4897861,1858261657.6881497,1028255896.0498686,1028255896.0498686,1028255896.0498686,87347493.9841509,98466010.90985447,162927490.94046193,0.0,189311358.98816198,415263626.16758114,3724770996.7361336,4701399482.640299,5909098074.087025
122,1751779559.2883973,2066500779.647216,2454704288.668536,865247626.7296824,1327142936.4897861,1857046321.856824,989468756.2031127,989468756.2031127,989468756.2031127,86515217.01466547,97484732.08048904,161435806.90864795,0.0,189311358.98816198,415263626.16758114,3693011159.235858,4669908563.408766,5877918799.804702
123,1758126006.2409391,2074520073.9571712,2464731907.8264775,866293142.4568424,1327142936.4897861,1855013179.3834066,937496993.4703062,937496993.4703062,937496993.4703062,85713934.64107326,96574965.64047664,160063765.63437253,0.0,189311358.98816198,415263626.16758114,3647630076.809161,4625046328.545902,5832569472.482145
124,1764822144.914913,2082961166.313749,2475281574.2848496,867636621.2400112,1327390799.5738816,1854383345.2950268,892050405.4935269,892050405.4935269,892050405.4935269,85600349.16386448,96502197.36487874,159761077.1417107,0.0,189311358.98816198,415263626.16758114,3610109520.812316,4588215927.734198,5796740028.382694
125,1773613417.5449317,2093923582.7995882,2488848228.6891193,869134188.4866565,1327540617.5877638,1853632538.6657925,844261162.0205913,844261162.0205913,844261162.0205913,85052821.02052465,95845877.66944535,158640279.97886294,0.0,189640206.82887632,415984969.8181803,3572061589.072704,4551211446.906265,5761367179.172546
126,1782679971.2813888,2105191490.179398,2502834987.797866,871218476.200218,1327540617.5877638,1852933020.0934582,800224948.693203,800224948.693203,800224948.693203,84493305.98869187,95175120.27461892,157763151.09927374,0.0,189925474.36874068,416610717.97014076,3538616702.1635013,4518057651.1037245,5730366825.653941
127,1789953490.5386114,2114237614.5347059,2514032222.5484357,872051747.8615623,1327540617.5877638,1850589123.7296238,776786396.2022526,776786396.2022526,776786396.2022526,83108668.89560461,93570083.36878073,155576635.89711535,0.0,190407759.89642298,417668634.6115085,3521900303.498031,4502542471.589927,5714653012.988935
128,1796364860.133396,2122277619.8275454,2524047419.10485,872872101.3979251,1327540617.5877638,1849563213.6043966,742014633.4813626,742014633.4813626,742014633.4813626,82897076.15547068,93405586.6885148,155469301.37288082,0.0,190501718.37159792,417874737.07318246,3494148671.1681547,4475740175.956784,5688969304.636672
129,1803043432.340153,2130622424.1096532,2534432699.172387,874179167.0639778,1327540617.5877638,1847415089.9202132,706643225.7795031,706643225.7795031,706643225.7795031,82204499.59788944,92597838.90335804,154339241.13018355,0.0,190784341.99530226,418494685.6671146,3466070324.781523,4448188448.375581,5661324941.6694
130,1810735639.8518524,2140162413.4838152,2546202834.5608735,875733104.8366185,1327540617.5877638,1846995515.0687149,679771773.5752051,679771773.5752051,679771773.5752051,81581402.59294906,91863892.07183903,153402431.4175713,0.0,190999745.78745437,418967184.3079644,3447821920.8566246,4430338442.506077,5645339738.930328
131,1816925856.637984,2147978826.0981565,2556017640.1988907,877556384.1096312,1327493986.4909124,1844109021.9659338,650840128.8147042,650840128.8147042,650840128.8147042,79849284.36399709,89952782.64571306,151149785.98566097,0.0,191508846.3670895,420083921.0632931,3425171653.9263167,4407774570.416575,5622200498.028482
132,1824181723.2305574,2157068856.5270767,2567326931.746498,879957522.3260648,1326634635.0229664,1839656370.2493978,624116007.9835,624116007.9835,624116007.9835,78763224.47349408,88713736.9833152,149280040.39711028,0.0,191650620.33649698,420394909.1252192,3407018478.0136166,4388183856.853355,5600774259.501724
133,1832709577.8536606,2167653665.232545,2580398527.537136,882796074.0499905,1326411947.3228393,1836167438.7105436,594311078.6148695,594311078.6148695,594311078.6148695,77319083.9094064,87073762.07657349,147125246.13865528,0.0,192281522.86528155,421778824.34964985,3387135814.427927,4367731976.112108,5579781115.350854
134,1838508392.0322669,2175006751.8616686,2589621732.110305,884870340.7110701,1325551239.6950486,1830664168.0690727,558603052.1728652,558603052.1728652,558603052.1728652,74495277.69228971,83927040.90327735,143479871.22098777,0.0,192371519.3606168,421976236.01683676,3356477062.6084914,4335459603.993476,5544345059.590067
135,1844737116.681735,2182762834.6780276,2599235899.0729046,886698006.400658,1325471962.778748,1825940537.182063,513663815.9897853,513663815.9897853,513663815.9897853,73097692.56823468,82317254.38850218,141434362.47015274,0.0,192681686.57943267,422656602.81940067,3318196631.6404133,4296897554.414495,5502931217.534307
136,1854368164.6859083,2194528959.432305,2613633669.968231,889219559.5160024,1324922193.4599714,1823230144.0510986,460818014.41270745,460818014.41270745,460818014.41270745,71384686.97355959,80430554.8933436,139229782.1055497,0.0,192760403.35638735,422829271.87852705,3275790425.5881777,4253460125.554714,5459740882.416114
137,1863513995.487177,2205659870.9689927,2627184622.5731325,890656934.2034192,1324641437.0210006,1821855191.4117193,399736020.9546879,399736020.9546879,399736020.9546879,70410752.89344075,79342141.68257365,137915414.44499317,0.0,193618057.00975332,424710576.6665557,3224317703.538725,4202997527.637008,5411401826.051088
138,1871422897.43677,2215340264.034504,2639085024.993624,892955825.1865268,1324470868.5427694,1818234929.077581,329116724.8030572,329116724.8030572,329116724.8030572,69263843.18218139,78012103.25195709,136528136.72135922,0.0,193803776.09339398,425117960.4629287,3162759290.6085353,4140743736.7256813,5348082776.05855
139,1875469851.9150553,2220300088.0665345,2645170053.5555835,895402394.5294441,1324320823.2509663,1814432087.7029307,269731984.5064039,269731984.5064039,269731984.5064039,67844085.85559566,76414999.15993547,134689167.72872958,0.0,194626115.98736173,426921802.810987,3108448316.806499,4085394010.9712024,5290945096.304634
140,1878929867.1253936,2224586812.6941786,2650489931.054662,898306569.5393308,1323644851.2407668,1810129458.2559385,217967590.0342222,217967590.0342222,217967590.0342222,66353295.00107003,74778455.35491627,132650695.81375149,0.0,196408175.28636158,430830836.1120189,3061557321.7000165,4037385884.610445,5242068511.270593
141,1892369395.8128233,2240774455.350281,2670076509.6418176,905155575.4459782,1322332767.2024505,1803632769.952074,178480818.94287118,178480818.94287118,178480818.94287118,65100338.066934094,73355493.59459196,130710347.06664446,0.0,205740517.13941276,451301779.531615,3041106128.2686067,4020684052.2296076,5234202225.135022
142,1898650232.3441753,2248498137.7211976,2679568025.3747215,908732412.7260568,1322303433.0830176,1794389172.1404333,147647754.13195884,147647754.13195884,147647754.13195884,61406197.33946097,69186190.31428082,125757928.61740261,0.0,208385026.96077114,457102639.78491735,3016436596.541652,3996020542.2112265,5204465520.049435
143,1907044587.230315,2258731149.4096327,2692057797.819868,913246322.0137478,1321564440.3885033,1785673131.6904745,114294749.11741808,114294749.11741808,114294749.11741808,58518960.89513543,65950311.71722311,121973497.61375222,0.0,209578095.58213782,459719693.53501195,2993104619.2566166,3970118746.2149153,5173718869.7765255
144,1911882927.5161247,2264702838.6849194,2699429431.5118113,916164021.4779148,1320474880.5655673,1783445556.7603846,80957902.10298401,80957902.10298401,80957902.10298401,56605777.02650149,63775589.11407668,119345618.69970559,0.0,210002878.56503925,460651475.5620216,2965610628.123525,3939914089.032586,5143829984.636907
145,1915878141.8747675,2269638817.924275,2705555954.085406,919122879.1435125,1320361946.243318,1777256040.3289847,71754896.69275603,71754896.69275603,71754896.69275603,55069764.891591,62013088.37313597,117084178.46858671,0.0,211569587.51919416,464088127.46145815,2961825682.6026273,3935338336.7526793,5135739197.037191
146,1927872126.9986644,2284075529.43254,2722996728.758807,924745938.1415457,1319414888.0594444,1771775266.9814787,62656914.56393959,62656914.56393959,62656914.56393959,53510421.55219946,60214242.24933529,114827896.90560848,0.0,216003428.29009,473813971.73310065,2968785401.256349,3942365002.5953493,5146070778.942935
147,1931978345.9337387,2289166828.5861244,2729334090.1008253,928404617.5195987,1318308440.0484478,1763229842.445693,56190946.86603519,56190946.86603519,56190946.86603519,49385426.74783894,55518347.53288168,109359542.1415314,0.0,218494920.81660807,479279181.146108,2965959337.0672116,3937679483.8500967,5137393602.700192
148,1940158439.5598593,2299086851.7936306,2741439406.140051,935434489.3821595,1314902627.788734,1748867572.2294188,50975320.39338016,50975320.39338016,50975320.39338016,46902503.77966574,52723961.839978084,105811505.52161744,0.0,219372313.15077603,481203783.68557316,2973470753.1150646,3937061074.966499,5128297587.970041
149,1947174600.7442005,2307596763.15374,2751811843.283524,938157435.243369,1310264768.2534132,1730258690.685898,45111077.00846173,45111077.00846173,45111077.00846173,39457818.96750019,44517138.29063143,96357808.91704547,0.0,220843247.84018892,484430350.10105956,2969900931.9635315,3928332994.5464354,5107969769.99599
150,1952494988.660351,2314052247.242916,2759715392.6275253,941237310.1619474,1310002134.7861605,1725804189.838785,40561468.47537636,40561468.47537636,40561468.47537636,38959278.0270584,43874317.71747212,94930615.55170181,0.0,222237546.54573378,487488811.77773863,2973253045.3247333,3930727714.7676587,5108500478.271127
151,1962898788.6814032,2326507714.11876,2774741368.6437902,946719707.8665795,1309602909.0269446,1719940757.1639593,36088310.18571227,36088310.18571227,36088310.18571227,37170772.616982885,41861013.58625755,92143430.81698443,0.0,222535988.60383546,488143458.87292933,2982877579.350678,3936595935.52151,5111057325.683375
152,1968075774.6421933,2332765657.1696997,2782358420.901253,949498238.0688269,1309102693.60465,1717056800.165505,32331142.253963172,32331142.253963172,32331142.253963172,35472739.25260046,39925686.435244456,89558088.02138606,0.0,224784690.42519963,493076095.1262443,2985377894.217584,3938909869.8887568,5114380546.468352
153,1972096258.620171,2337593157.3251143,2788232185.826598,952188833.7563659,1308465217.6943383,1712036229.6300347,30806997.20056557,30806997.20056557,30806997.20056557,34269386.526321545,38551149.67313225,87553723.28825375,0.0,225580105.43975377,494820876.44849205,2989361476.1034236,3940996627.332904,5113450012.393944
154,1978499663.1516123,2345240030.0801983,2797444070.469779,955630402.8384081,1308134712.3618343,1706968848.0724916,29298517.62632959,29298517.62632959,29298517.62632959,33283039.78511417,37392229.84730169,85767883.99897417,0.0,230448990.4858665,505501011.3883523,2996711623.401464,3950514480.4015303,5124980331.555926
155,1983234336.797416,2350729936.642229,2803953386.6069107,963389064.5253618,1306645384.4293609,1699954497.2199955,28326367.832264684,28326367.832264684,28326367.832264684,31102818.918510735,34889939.01903072,82446709.40870377,0.0,243097269.58462805,533245623.6049906,3006052588.0735536,3963688897.5075135,5147926584.672866
156,1983799802.4825459,2350885184.83218,2803953386.6069107,969264304.0762138,1302775244.4211497,1683054390.5458052,27993907.57638161,27993907.57638161,27993907.57638161,25872455.930409655,29036593.25698909,75603179.40045454,0.0,247772678.6276558,543501359.5703418,3006930470.065551,3958463608.7143564,5134106223.699894
157,1984916852.0409045,2352303784.3385134,2805368106.337502,971951579.6100752,1300403723.7951875,1671442456.37094,26405137.020575788,26405137.020575788,26405137.020575788,21164000.052512698,23746583.73560834,69404605.48187228,0.0,247931366.87676284,543849449.9232216,3004437568.7240686,3950790595.766648,5116469755.134111
158,1984916852.0409045,2352303784.3385134,2805368106.337502,974251454.1609492,1299803605.2476487,1667158841.269261,24440695.93128766,24440695.93128766,24440695.93128766,20271841.281501126,22738082.674299963,67873441.41938992,0.0,248018897.1824146,544041451.8840061,3003880843.414643,3947305065.3741646,5108882536.841447
159,1984916852.0409045,2352303784.3385134,2805368106.337502,977025652.5777944,1299256717.6113493,1663422190.6991792,22555890.406686567,22555890.406686567,22555890.406686567,19526796.08577043,21879943.544230804,66510885.50634287,0.0,248175790.0044546,544385603.8807392,3004025191.1111565,3944172125.905235,5102242676.83045
160,1984916852.0409045,2352303784.3385134,2805368106.337502,980065625.0688355,1298723026.4403849,1659182037.7884903,20743996.40603525,20743996.40603525,20743996.40603525,18749067.49713204,20984492.28264166,65134099.71736972,0.0,248435991.62151402,544956368.7181598,3004475541.0129075,3941191291.0890894,5095384608.967557
161,1984916852.0409045,2352303784.3385134,2805368106.337502,984653597.7913536,1297976804.1839013,1654193416.3612688,18628655.461021673,18628655.461021673,18628655.461021673,17381254.5711385,19441646.82229241,63033530.597372174,0.0,248514834.83978826,545129315.1324389,3005580359.8644185,3936865725.6455173,5086353023.889603
162,1983992497.994979,2351005200.915572,2803567763.5467205,987561790.9055041,1297803803.0974712,1648685794.034151,16601217.74093456,16601217.74093456,16601217.74093456,15708143.698225811,17526040.357780643,60335311.95209393,0.0,248514834.83978826,545129315.1324389,3003863650.3396435,3931451096.9515467,5074319402.406339
163,1983799802.4825459,2350885184.83218,2803559317.596129,990732485.074923,1296842211.9114294,1643388142.0755343,14349906.954323841,14349906.954323841,14349906.954323841,14578189.703991342,16243828.498734623,58385791.15615447,0.0,248514834.83978826,545129315.1324389,3003460384.215784,3926835967.036456,5064812472.91458
164,1982529121.0946739,2349292052.424278,2801503298.571965,993809533.5878434,1295665142.396844,1637339445.5591464,12140574.264209857,12140574.264209857,12140574.264209857,13452588.383908127,14950361.729508016,56431084.96857164,0.0,248692537.85876155,545519115.3030899,3001931817.330635,3920740668.673601,5052933518.666983
165,1980892556.5378525,2347349189.126385,2799147194.059596,996141778.9959084,1294820463.5531983,1632100505.0786176,10158643.570414528,10158643.570414528,10158643.570414528,12177831.54877605,13503367.667730613,54336424.722197294,0.0,249324188.68613446,546904671.956682,2999370810.6529517,3915155852.6038632,5042647439.387508
166,1978709034.3858807,2344771196.5427155,2796041252.8791876,998158903.0191785,1294297468.3714693,1628378245.3167722,8383298.121870956,8383298.121870956,8383298.121870956,11153784.537178542,12354747.221620053,52557850.70454555,0.0,249535531.68230462,547368263.0450553,2996405020.064109,3909342241.9399805,5032728910.067432
167,1976613028.389329,2342341679.212166,2793163074.328603,1000086794.9354714,1293644787.4243557,1624734073.8746464,6790848.3684771005,6790848.3684771005,6790848.3684771005,10105382.442792729,11198269.535261955,50829835.770085804,0.0,250599889.78156978,549702984.0369918,2993596054.1360703,3904575474.3218303,5025220816.378803
168,1974152170.7079377,2339500144.7087693,2789793866.9026165,1002219145.134086,1292985125.7132196,1621175079.569618,4957824.024311432,4957824.024311432,4957824.024311432,9303091.796297543,10298905.520313568,49378045.71775999,0.0,250916397.9341529,550397259.9845934,2990632231.662633,3898658397.9007673,5015702076.198899
169,1973259809.8126707,2338562604.54872,2788709376.2165146,1002219145.134086,1292398913.897501,1617542749.5772562,2025960.9221611584,2025960.9221611584,2025960.9221611584,8485004.295695422,9387187.54688754,47925426.12669793,0.0,250916397.9341529,550397259.9845934,2985989920.1646132,3893291064.8494225,5006600772.827223
170,1973259809.8126707,2338562604.54872,2788709376.2165146,1002219145.134086,1292398913.897501,1617542749.5772562,2025960.9221611584,2025960.9221611584,2025960.9221611584,8485004.295695422,9387187.54688754,47925426.12669793,0.0,250916397.9341529,550397259.9845934,2985989920.1646132,3893291064.8494225,5006600772.827223
