Age (Ma),GAST_min,GAST_mean,GAST_max,average_min,average_mean,average_max
0,12.6686245330859,17.29271350281715,21.9168024725484,12.5,14.634,16.5
1,12.7049300694091,17.4147854464743,22.1246408235395,12.234602729999999,14.333460279333332,16.896666666666665
2,12.7352214410834,17.52673280729755,22.3182441735117,12.216710910000002,14.527639922,17.62
3,12.7598041134973,17.62911323751195,22.4984223615266,12.16701091,14.732024348666666,17.963333333333335
4,12.7790036459293,17.722527904219902,22.6660521625105,12.237300909999998,14.860386388666665,17.333333333333332
5,12.7931575101289,17.807583469561948,22.822009428995,12.35571636,14.604493232,16.76
6,12.802609862647,17.8848791783548,22.9671484940626,12.55476727,14.688192007333333,16.446666666666665
7,12.8077077208687,17.95500276277265,23.1022978046766,12.778373639999998,15.203075301333334,17.076666666666668
8,12.808797688244,18.0185131259346,23.2282285636252,13.026515450000002,15.620682196666667,18.19333333333333
9,12.8062224433314,18.0759176122646,23.3456127811978,13.27739455,15.838600643333333,18.776666666666667
10,12.8003162437902,18.1276604612126,23.455004678635,13.53422091,15.994478028666666,18.66333333333333
11,12.7913986922673,18.1741181766067,23.5568376609461,13.82479455,15.91636097666667,17.463333333333335
12,12.77976594846,18.215588125485,23.65141030251,14.118095449999998,16.01468152333333,17.146666666666665
13,12.765678416584,18.2522684941569,23.7388585717298,14.414133640000003,16.217428281333333,17.346666666666668
14,12.7493436270026,18.2842293221532,23.8191150173038,14.701980000000002,16.584387400000004,18.169999999999998
15,12.7308924486455,18.3113803599393,23.8918682712331,14.981644549999999,17.000589443333332,18.468766
16,12.7103457032967,18.33343179431255,23.9565178853284,15.253157270000003,16.886675500666666,18.1279569
17,12.6875663309526,18.34984292298255,24.0121195150125,15.517168179999999,16.747380269333334,17.6510765
18,12.6621888845042,18.3597524571538,24.0573160298034,15.77300727,16.738429353999997,17.3640895
19,12.6335126836289,18.361881270647,24.0902498576651,16.01793727,16.969301374000004,17.99
20,12.6003384651992,18.3543987007306,24.108458936262,16.25194818,17.207318789333335,19.016666666666666
21,12.5607328995321,18.33477066117295,24.1088084228138,16.47506,17.521278206666665,19.703333333333333
22,12.5117889336019,18.299789909306,24.0877908850101,16.68726273,18.04065717933333,19.94666666666667
23,12.4499189257388,18.24674771934695,24.0435765129551,16.88854636,17.669623292,19.06
24,12.3739494054309,18.1790386072468,23.9841278090627,17.12701727,17.849622567333334,18.5800289
25,12.2935203081192,18.1181159224802,23.9427115368412,16.52,17.89856647,18.9638969
26,12.2399159934469,18.1146327074431,23.9893494214393,15.936666666666666,17.819793695333335,19.16418
27,12.2113879864524,18.1401279105691,24.0688678346858,16.34,17.907026507999998,19.52506
28,12.2118157352633,18.1962421700297,24.1806686047961,16.4594411,17.741342281333335,19.88594
29,12.2445906264649,18.2847264884078,24.3248623503507,17.24856,18.324471574666667,20.24682
30,12.3124788565688,18.40676894992655,24.5010590432843,17.11273,18.994458341333335,20.6077
31,12.4174997522581,18.56271049792245,24.7079212435868,16.8980567,19.391567401333333,22.046666666666667
32,12.5608112036413,18.752489847338552,24.9441684910358,17.8961749,20.026134374666665,23.083333333333332
33,12.7426068900532,18.97571983785265,25.2088327856521,17.2611247,20.156439001333332,23.22666666666667
34,12.9620309186006,19.23103171783955,25.5000325170785,18.7754193,20.555162042,22.560000000000002
35,13.2171161752078,19.51564600814725,25.8141758410867,19.24472,20.52198205,22.7142
36,13.5047530464802,19.82558503302885,26.1464170195775,18.8329007,20.176001594,22.6786
37,13.820695168084,20.155980610172698,26.4912660522614,18.069999999999997,20.296223332,22.643
38,14.1596080870805,20.5012707569646,26.8429334268487,18.45,20.589584106,22.6074
39,14.5151648888657,20.855193194193898,27.1952214995221,18.900000000000002,20.915810802,22.5718
40,14.8801900733111,21.21087515682865,27.5415602403462,19.333333333333332,21.23129052866667,22.5362
41,15.2468495544024,21.5609826897947,27.875115825187,19.71666666666667,21.315891379333333,22.47792
42,15.6068811924376,21.8978801564808,28.188879120524,19.033333333333335,21.662510418666667,23.0863524
43,15.9518571977369,22.21385295884475,28.4758487199526,20.2,21.816778464000002,22.37503182
44,16.2734668066541,22.50140815709485,28.7293495075356,20.66333333333333,21.951468196666664,22.492234550000003
45,16.5638044375748,22.7535726627233,28.9433408878718,21.22666666666667,22.138329663333334,22.61217455
46,16.8156454464295,22.964101986028602,29.1125585256277,21.32,22.445029264000002,22.9363945
47,17.0226899023694,23.12761689194615,29.2325438815229,22.47844,22.987311492000003,23.5788511
48,17.1797568771271,23.239695957546402,29.2996350379657,22.59526,23.63003708933333,24.496666666666666
49,17.2829211765706,23.29693483209755,29.3109484876245,22.71208,23.80049706333333,24.8031232
50,17.3296041436447,23.296991848686652,29.2643795537286,22.8289,23.86867618266667,25.1409294
51,17.3186538455767,23.2386787326428,29.1587036197089,22.52164,23.765655345333336,25.5099037
52,17.2505594785285,23.1221176924967,28.9936759064649,22.21438,23.52739792,25.1804596
53,17.1279597843802,22.949089905776248,28.7702200271723,21.90712,23.652802084666668,25.025148
54,16.95592208513,22.72328725054365,28.4906524159573,21.59986,23.217843008666666,24.2789908
55,16.7417568683079,22.4503176924521,28.1588785165963,21.2926,22.959904249999997,24.3539958
56,16.494510408902,22.137509659705,27.780508910508,20.503333333333334,22.374906412666665,25.217426
57,16.2241532371754,21.7935223813382,27.362891525501,20.04044,21.700253999333334,23.10194
58,15.9405226696213,21.4278239698833,26.9151252701453,19.41436,21.28395195,22.77457
59,15.6526599816676,21.0503161664049,26.4479723511422,18.78828,21.005880507999997,22.4472
60,15.3687146742799,20.67119392919135,25.9736731841028,18.1622,20.569870060666666,22.5800297
61,15.0961757645823,20.30092411326045,25.5056724619386,17.61426,20.360087932,22.7339733
62,14.8422219235068,19.95024116205295,25.0582604005991,17.06632,20.118554895333336,22.4946169
63,14.6140027608877,19.6300724644886,24.6461421680895,16.51838,19.898383861999996,22.04601
64,14.4188724386502,19.35141412275175,24.2839558068533,15.97044,19.917477748,22.0751851
65,14.2646243300346,19.125187655856152,23.9857509816777,15.4225,19.994384074,24.1470031
66,14.1596117481027,18.9620087521766,23.7644057562505,15.60004,18.057456983999998,21.78678
67,14.112556727847,18.871783654147848,23.6310105804487,15.77758,19.023596942666664,21.57676
68,14.1321410914116,18.8632822986808,23.59442350595,15.95512,19.207378184666663,21.36674
69,14.2267620226166,18.9439115447101,23.6610610668036,16.13266,19.555593402666666,22.224028179999998
70,14.4041478358794,19.1194469653444,23.8347460948094,16.3102,19.698270140666665,22.84546727
71,14.6709512317442,19.3938069310109,24.1166626302776,17.29738,20.105838051333333,23.46417909
72,15.0327471964533,19.76914251875775,24.5055378410622,18.01666666666667,20.493648261333334,24.080163640000002
73,15.493003340492,20.2455731111032,24.9981428817144,18.046666666666667,20.713839695333338,24.15078091
74,16.0523751827321,20.82120607243855,25.590036962145,18.996666666666666,21.114287493333332,24.161649999999998
75,16.707884133947,21.4918347343001,26.2757853346532,19.67,21.464854942,24.18071091
76,17.4521056065575,22.2502494955306,27.0483933845037,20.64,21.779340388,24.20795364
77,18.2729452397572,23.0857361057275,27.8985269716978,19.87,21.752369256,24.24336818
78,19.1544850736562,23.9845257838568,28.8145664940574,19.036666666666665,21.716004143333333,24.28697455
79,20.0782386452951,24.9307429151409,29.7832471849867,19.896666666666665,22.027113845333336,24.325126360000002
80,21.0244884784037,25.9073352808246,30.7901820832455,22.041626,22.805745261333335,24.41436364
81,21.9737658086458,26.89701240321125,31.8202589977767,22.3624233,23.622490598666666,25.72333333333333
82,22.9083018494692,27.883169798667254,32.8580377478653,22.26816,23.940335869999995,25.778384550000002
83,23.8129648392641,28.8505631058457,33.8881613724273,22.16914,24.18237022266667,26.452208180000003
84,24.67550950642,29.78563815844675,34.8957668104735,22.07012,24.772166976666668,26.713333333333335
85,25.4863735184872,30.67662627521565,35.8668790319441,21.9711,25.304876134666664,28.893333333333334
86,26.2382301797481,31.5135010970083,36.7887720142685,21.7105,25.608286496666665,30.123333333333335
87,26.9253835807398,32.28783244871135,37.6502813166829,21.4499,25.71007825333333,30.016666666666666
88,27.5430263401339,32.99254152390285,38.4420567076718,21.1893,25.949382307333337,30.55666666666667
89,28.0866752447704,33.62171197542805,39.1567487060857,20.9287,26.35916454733333,31.246666666666666
90,28.5518653848282,34.1704972369855,39.7891290891428,20.6681,26.605586346666666,31.95333333333333
91,28.9340751855183,34.63510571978425,40.3361362540502,21.11974,26.85692083,32.35
92,29.2282647592364,35.01252516836285,40.7967855774893,21.57138,27.013743834666666,32.21333333333333
93,29.4286492107868,35.3003188320422,41.1719884532976,22.02302,26.898599183333335,31.54666666666667
94,29.5293830915301,35.496899308447354,41.4644155253646,22.47466,26.16020445,29.26
95,29.525596905811,35.6019505394198,41.6783041730286,22.9263,25.36866803866667,28.133333333333336
96,29.4145716653429,35.6168936755542,41.8192156857655,23.23744,24.970629073999998,27.38
97,29.1969319376389,35.5453491191213,41.8937663006037,23.2045,24.511948776,27.28
98,28.877798239272,35.3935691952793,41.9093401512866,21.61126909,23.840839204666665,26.27333333333333
99,28.4678918538078,35.170842088738496,41.8737923236692,20.65289182,23.272895044000002,25.179999999999996
100,27.9835015499528,34.889326180765394,41.795150811578,20.246296360000002,22.994113732,24.929999999999996
101,27.4452095069201,34.5632682938295,41.6813270807389,20.17998273,22.734503605999997,24.47804
102,26.8756100628735,34.2077279768813,41.5398458908891,20.12186091,22.511601268666666,24.47408
103,26.2969511490437,33.837278399827696,41.3776056506117,20.07191091,22.286902222,24.47012
104,25.7291213793494,33.46490094303065,41.2006805067119,19.85811364,21.993637481333334,24.46616
105,25.1881099045454,33.10114202612335,41.0141741477013,19.564989089999997,21.66509959133333,24.4622
106,24.6852343510752,32.7536345021436,40.822034653212,19.324177270000003,21.353679640666666,24.48214
107,24.2271909465313,32.42692944294435,40.6266679393574,19.13347818,21.159953982666668,24.50208
108,23.8163258747902,32.1226034288618,40.4288809829334,18.90650182,21.032247124,24.52202
109,23.4510111375685,31.83973659354575,40.228462049523,18.642226360000002,20.972440058666667,24.54196
110,23.1262818296981,31.5754981316832,40.0247144336683,18.36704182,20.852632457333335,24.5619
111,22.8347238004572,31.32575874608395,39.8167936917107,18.170728179999998,20.78485188266667,24.42856
112,22.5675526937722,31.0857414006092,39.6039301074462,17.967365450000003,20.650825016666666,24.29522
113,22.3156523081083,30.850612739378853,39.3855731706494,17.75309364,20.63831288133333,24.16188
114,22.0704489110314,30.6159590886701,39.1614692663088,17.64714455,20.766493636666663,24.02854
115,21.8246789164923,30.3781810492074,38.9316831819225,17.65477818,21.075971569333337,23.8952
116,21.5731041618762,30.1351627446911,38.697221327506,17.62968455,21.429606803333332,23.92402
117,21.3128405298262,29.887143971738247,38.4614474136503,17.82745364,21.859728368,23.95284
118,21.0429648648721,29.6356617819309,38.2283586989897,18.29684545,22.00027435666667,23.98166
119,20.7638117699717,29.38243828078975,38.0010647916078,18.799738180000002,22.027578996,24.01048
120,20.4759185291535,29.128502434429002,37.7810863397045,19.31337182,22.192554723999997,24.0393
121,20.1785476433134,28.87337550184475,37.5682033603761,19.87610636,22.124336165333332,23.8351678
122,19.8693468799106,28.61499642641855,37.3606459729265,20.47476182,22.045718504,23.56974
123,19.5440066682449,28.34973966293935,37.1554726576338,20.78805818,21.802096975999998,23.33496
124,19.196785567881,28.0729048303267,36.9490240927724,20.61815,21.544336131999998,23.10018
125,18.8216882583779,27.77953180737505,36.7373753563722,20.1178,21.186248331999998,22.8654
126,18.4136081321078,27.4651725049389,36.51673687777,19.686666666666664,20.777766469333333,22.66466
127,17.9690505401643,27.126413206258498,36.2837758723527,20.156653,20.872681630666666,22.46392
128,17.486873070698,26.761359480468002,36.035845890238,19.6153789,20.868113900666668,22.26318
129,16.9688695714173,26.36999648974955,35.7711234080818,19.59086091,21.071263228666666,23.25333333333333
130,16.4198149923122,25.9542365252644,35.4886580582166,19.03094273,20.854853232666663,21.94333333333333
131,15.847030328263,25.517682837010852,35.1883353457587,18.43693273,20.805825585999997,22.00298
132,15.2598314895345,25.06527753089285,34.8707235722512,17.83475091,20.590413955333332,22.14426
133,14.6689837172461,24.6029219992175,34.5368602811889,17.25682727,20.036406914,22.28554
134,14.0860184510752,24.13704646528695,34.1880744794987,16.810850910000003,19.476059295333336,22.42682
135,13.5224154341387,23.67412385647765,33.8258322788166,16.36761182,18.914288097333333,22.5681
136,12.9887696160038,23.2201867582749,33.451603900546,15.92709,18.5538139,22.43548
137,12.494052425653,22.78040986679025,33.0667673079275,15.48929545,18.473799876666668,22.30286
138,12.0448334039169,22.3586958977847,32.6725583916525,15.054228179999999,18.497408662666665,22.17024
139,11.6446755558253,21.95737306766435,32.2700705795034,14.638533640000002,18.553827854666668,22.03762
140,11.2939663600645,21.57713383142245,31.8603013027804,14.36548182,18.304951037333332,21.905
141,10.9906927159533,21.217507312430598,31.4443219089079,14.089702730000003,18.11812935266667,21.71666
142,10.7313674690241,20.877545387001952,31.0237233049798,13.81119636,17.90920133866667,21.52832
143,10.5115753060407,20.556192307864798,30.6008093096889,13.529962729999998,17.921100426000002,21.33998
144,10.3266355986988,20.252648106402148,30.1786606141055,13.25418364,17.887616348,21.15164
145,10.1722376311086,19.9666839548131,29.7611302785176,13.138439089999999,17.80300035133333,20.9633
146,10.0448690191193,19.6988127963508,29.3527565735823,13.09026909,18.05792230466667,20.8951
147,9.94171462380932,19.45014920586036,28.9585837879114,13.04755364,18.164893627999998,20.8269
148,9.86010909005054,19.22199889419767,28.5838886983448,13.01029273,18.280843646,20.7587
149,9.79740370172897,19.015611814593985,28.233819927459,12.970294549999998,18.378863889999998,20.6905
150,9.75100294093621,18.831986335449756,27.9129697299633,13.020879089999998,18.479632778,20.6223
151,9.71839644953337,18.671654937967286,27.6249134264012,13.103546360000003,18.63530979866667,20.76876
152,9.69718890575067,18.534480236440483,27.3717715671303,13.18349636,18.869860778666666,20.91522
153,9.68512921215147,18.419502134449434,27.1538750567474,13.260709089999999,19.24309424466667,21.06168
154,9.68013903101578,18.32489216503399,26.9696452990522,13.53877455,19.821840396666666,22.53333333333333
155,9.68033954532659,18.248090547557396,26.8158415497882,13.856732730000001,19.992915686,22.099999999999998
156,9.68407466572641,18.186147632724854,26.6882205997233,14.171963640000001,19.973065334666664,22.1551897
157,9.68992895548975,18.135970086459025,26.5820112174283,14.51175727,19.708243434,22.1996199
158,9.69673918972632,18.09438556893371,26.4920319481411,15.01341364,19.772415114666664,21.40044
159,9.70359905821016,18.05835217897738,26.4131052997446,15.50417091,19.603101695333333,21.41572
160,9.70985678222717,18.025267514647535,26.3406782470679,16.002969089999997,19.249197991333332,21.431
161,9.71510545195068,17.99326404432304,26.2714226366954,16.64774818,19.109563662666666,21.51806
162,9.71916594552579,17.961430046002945,26.2036941464801,17.28161818,19.319602302666667,21.60512
163,9.72206248914074,17.92987072255817,26.1376789559756,17.894549089999998,20.042363251333335,21.69218
164,9.72399129030183,17.899477403661717,26.0749635170216,18.48565727,20.703066494,22.09
165,9.72528325916134,17.87121757698237,26.0171518948034,19.079492730000002,21.405426612666666,24.013333333333332
166,9.72636255580831,17.845208527219803,25.9640544986313,19.64156545,21.84639357,24.48
167,9.7277034052944,17.82134044911885,25.9149774929433,20.10601545,22.289730883333334,25.386666666666667
168,9.7297881148003,17.7995613104729,25.8693345061455,20.57318273,22.147023399333335,23.69666666666667
169,9.73306940879693,17.779863460892663,25.8266575129884,21.043087269999997,22.087418874,23.090000000000003
170,9.73794003780134,17.76227310546012,25.7866061731189,21.32176909,22.123362558000004,23.23
171,,,,21.4793847,22.148981242666665,23.583333333333332
172,,,,21.54882,22.203063489999998,23.61
173,,,,21.44386,22.411927316000003,23.790000000000003
174,,,,21.33889,23.096965810666667,26.473333333333333
175,,,,21.23393,23.341118209999998,26.959999999999997
176,,,,21.64799,23.556510338,27.080000000000002
177,,,,22.06204,23.44010713933333,25.876666666666665
178,,,,21.9639,23.619300451999997,26.599999999999998
179,,,,21.8068,23.445291203333333,25.80666666666667
180,,,,21.6497,23.08681956733333,24.766666666666666
181,,,,21.60828,22.219250770000002,22.73902455
182,,,,20.34,21.567299951999995,22.88564636
183,,,,19.62,21.180352226000004,23.06772273
184,,,,19.626666666666665,20.918087511333333,23.21979909
185,,,,19.6472769,21.00701047,23.341885450000003
186,,,,19.91311,21.352712804,23.40091182
187,,,,20.04294,21.721727342666668,23.41885818
188,,,,20.17276,21.84417947,23.40681455
189,,,,20.30258,21.831020556,23.39748818
190,,,,20.4324,21.842407424666668,23.39089909
191,,,,20.58078,21.904255900666666,23.387027269999997
192,,,,20.72916,22.090433372666666,23.57992
193,,,,20.87754,22.282910910000002,24.01108
194,,,,21.02592,22.459096118666665,24.44224
195,,,,21.1743,22.706008583333336,24.8734
196,,,,21.2,22.421488966000002,24.79342
197,,,,20.426666666666666,22.294291729333334,24.71344
198,,,,19.750000000000004,22.244711784,24.63346
199,,,,19.360000000000003,22.474811245999998,24.55348
200,,,,16.843333333333334,22.01204376866667,24.4735
201,,,,15.12,21.192269951999997,24.39298
202,,,,16.166666666666668,21.124972011333334,24.31246
203,,,,18.7,21.513032978000002,24.23194
204,,,,20.186666666666667,21.863757161333332,24.15142
205,,,,20.92794,22.175767345999997,24.0709
206,,,,21.39764,22.497738732,23.70408
207,,,,21.86734,22.78044428333333,23.46320455
208,,,,22.33704,23.087598493999998,23.8130452
209,,,,22.60362,23.413575340666668,24.4297261
210,,,,22.2368,23.76830241,25.0040975
211,,,,22.40176,24.078292851333334,25.4969785
212,,,,22.56672,24.33553326866667,26.213333333333335
213,,,,22.73168,24.265285986666665,26.603333333333335
214,,,,22.89664,24.384295064000003,26.45
215,,,,23.0616,24.330551492,25.75
216,,,,22.9062,24.13951982133333,25.2134888
217,,,,22.72094,23.946594401333332,24.7596617
218,,,,22.53567,23.769677592,24.696956359999998
219,,,,22.3504,23.55396262,24.78338
220,,,,21.580000000000002,23.300624210000002,24.82889455
221,,,,21.12,23.152401880000003,24.83349
222,,,,21.07,23.141511512,24.78123636
223,,,,21.429999999999996,23.231334347999997,24.65657364
224,,,,21.790000000000003,23.359409730000003,24.60894
225,,,,22.189999999999998,23.496719944,24.6562
226,,,,22.63,23.554264965999998,24.40238
227,,,,22.83298,23.634215836,24.18614818
228,,,,22.82689,23.687969276,24.2354182
229,,,,22.8208,23.711264407999998,24.5806084
230,,,,22.81471,23.700160883333332,24.7126032
231,,,,22.76532,23.584972822,24.6121932
232,,,,22.71593,23.380476139333332,24.2238413
233,,,,22.363333333333333,22.903835506666667,23.7202242
234,,,,22.410419089999998,22.86872857133333,23.4494271
235,,,,22.45464,22.81003118,23.3895559
236,,,,22.57552273,23.228500539333332,24.46666666666667
237,,,,22.29672,23.417971314,25.060000000000002
238,,,,21.93098,23.887296094666667,26.923333333333336
239,,,,21.56524,24.14615068866667,27.483333333333334
240,,,,21.1995,24.247972858000004,27.28
241,,,,20.36966,24.456600136,27.5
242,,,,19.53982,24.909200229333333,28.906666666666666
243,,,,18.70998,25.223769258,29.669999999999998
244,,,,17.88014,24.958127056666665,28.0836074
245,,,,17.0503,24.519736916666666,28.1129467
246,,,,17.78842,24.599317558000003,28.1122787
247,,,,18.52654,25.63289696933333,30.59485818
248,,,,19.26466,26.846622124,33.10894182
249,,,,20.00278,27.46177794866667,33.10177091
250,,,,20.7409,27.506370256666667,33.65323545
251,,,,20.65246,26.19362665666667,35.17379545
252,,,,20.56402,24.613563655333333,31.54452091
253,,,,19.439999999999998,21.692761564,25.018561820000002
254,,,,19.4284845,20.244709082,21.23819091
255,,,,19.1224153,20.037994029333333,21.136666666666667
256,,,,19.23355,20.047150321333334,21.94666666666667
257,,,,18.50954,20.150784694000002,22.450000000000003
258,,,,17.61496,20.064765751333333,21.636666666666667
259,,,,16.72038,19.865081844000002,21.64
260,,,,15.8258,19.249770976666667,21.26836545
261,,,,15.73356,18.833590286666663,20.605529999999998
262,,,,15.64132,18.218429790000002,19.74395545
263,,,,15.54908,17.880526344,19.54925
264,,,,15.45684,17.489533097333336,19.53077
265,,,,15.3646,17.295112983333333,19.51228
266,,,,15.32036,17.295969272666667,19.49381
267,,,,15.27612,17.330411421333334,19.47533
268,,,,15.23188,17.176958262666666,19.45686
269,,,,14.75655455,16.806450903333335,19.43838
270,,,,14.217642730000001,16.495135039333334,19.4199
271,,,,13.676042729999999,15.997665552666666,17.7148
272,,,,13.11263455,15.60348075666667,16.483333333333334
273,,,,12.527398179999999,15.127095082666665,17.00298
274,,,,11.91694455,14.51186755,17.62284
275,,,,10.89437,13.934932101333334,18.2427
276,,,,10.67203,13.701324863333332,18.19406
277,,,,10.31717,13.70041938,18.14542
278,,,,9.847597270000001,13.577803267333332,18.09678
279,,,,9.50212545,13.356991136666664,18.04814
280,,,,9.50727455,13.056360609999999,17.9995
281,,,,9.74190455,13.09924793,17.81524
282,,,,10.100635449999999,13.335321976666666,17.63098
283,,,,10.783147269999997,13.793958467333335,17.44672
284,,,,11.37006091,14.239847702,17.26246
285,,,,11.83015636,14.650226572,17.0782
286,,,,12.163433640000001,14.553310128000001,16.86044
287,,,,12.08805,14.296074045999998,16.64268
288,,,,10.78452,13.863548328000002,16.42492
289,,,,9.48099,13.276505922666667,16.20716
290,,,,8.177463,12.887560165333335,15.9894
291,,,,8.350533,12.709611142666668,15.86552
292,,,,8.523603,12.495563108,15.74164
293,,,,8.696673,12.400985892666668,15.61776
294,,,,8.869742,12.382037783333335,15.49388
295,,,,9.042812,12.497387317999998,15.37
296,,,,9.518626,12.453356898666666,15.22462
297,,,,9.99444,12.850639845333333,15.07924
298,,,,10.47025,13.263419584666668,14.93386
299,,,,10.94607,13.893450506666667,16.633333333333336
300,,,,11.42188,14.332519504666667,18.293333333333333
301,,,,11.47756,14.491578625333332,19.396666666666665
302,,,,11.53323,14.40273525066667,18.763333333333335
303,,,,11.58891,14.952392410000002,18.110000000000003
304,,,,11.64459,14.624076309999998,18.65
305,,,,11.70026,14.580302418000002,19.7
306,,,,12.12048,15.512340104666666,20.263333333333335
307,,,,12.5407,16.004313776666667,20.203333333333333
308,,,,12.96092,16.26274133,20.36
309,,,,13.38114,16.216083064,19.799999999999997
310,,,,13.6554756,15.717445848,18.69578364
311,,,,13.31952,14.811756208666665,16.640750909999998
312,,,,12.83768,13.766567568000003,14.59308
313,,,,12.07,13.216031904000001,14.48232
314,,,,10.280000000000001,12.6893971,14.37156
315,,,,9.693333333333333,12.355163122666667,14.2608
316,,,,9.063333333333333,12.031201438666667,14.19168
317,,,,8.526666666666666,11.725657083333331,14.12256
318,,,,7.906666666666666,11.461737459333335,14.05344
319,,,,8.263333333333334,11.495513136666668,13.98432
320,,,,8.846666666666666,11.670870299333334,13.9152
321,,,,9.63,12.35332313,13.93376
322,,,,10.416666666666666,13.153680735333333,13.95232
323,,,,11.163333333333332,14.017694790666667,15.24209
324,,,,11.123333333333333,14.816261720666668,16.62705727
325,,,,11.886666666666665,15.591381947333332,17.9114
326,,,,12.633333333333333,15.908461670666664,18.04122
327,,,,13.526666666666666,16.204724375333335,18.17103
328,,,,12.953333333333333,16.156843376666664,18.30085
329,,,,12.31,16.061571832000002,18.5282628
330,,,,11.556666666666667,16.001289165333333,18.7394028
331,,,,11.410000000000002,15.997944870000001,18.8461398
332,,,,11.023333333333333,15.915178108666666,18.8578163
333,,,,10.973333333333334,15.87812841666667,18.8116733
334,,,,11.383333333333335,15.869197640666666,18.7982576
335,,,,12.336666666666668,15.906962885333334,18.8060614
336,,,,12.38162,16.011219252666667,18.8308402
337,,,,12.18574,16.085816425333334,18.8850991
338,,,,11.98986,16.128008027333333,19.00583
339,,,,11.79398,16.099957330000002,19.15421
340,,,,11.5981,16.040446235333334,19.30259
341,,,,12.6249,16.204004508,19.07408
342,,,,13.6517,16.445917608,18.84557
343,,,,14.331400910000003,16.818907995333333,19.1409124
344,,,,14.91263091,17.110766055333333,19.1606827
345,,,,15.928793640000002,17.451987168,19.1890022
346,,,,16.80966,17.685811151333336,19.2412
347,,,,16.88722,17.978020260666668,19.3041607
348,,,,16.96478,18.419295675999997,19.4743702
349,,,,17.04234,18.968501213333333,20.0126294
350,,,,17.1199,19.332787919333335,20.50963273
351,,,,16.98386,20.03495051866667,21.273333333333333
352,,,,16.84782,20.643337995333333,22.646666666666665
353,,,,16.71178,21.302733185333334,24.436666666666667
354,,,,16.57574,21.676262258666664,24.563333333333333
355,,,,16.4397,21.90041130866667,24.885670909999998
356,,,,16.47696,21.80220626,25.926429999999996
357,,,,16.51422,21.696985181333332,26.78747364
358,,,,16.55148,21.673654117333335,27.569091819999997
359,,,,16.58874,21.76006180066667,28.398427270000003
360,,,,16.626,22.17423246,28.95884
361,,,,16.91862,22.481691613333332,29.53985
362,,,,17.21124,22.860106754000004,30.16858727
363,,,,17.50386,22.920001644000003,30.571751820000003
364,,,,17.79648,23.168681991333337,31.034759089999998
365,,,,18.0891,23.520748171333334,31.59253909
366,,,,18.15512,24.030054704,32.22320182
367,,,,18.22114,24.718681553999996,32.944847270000004
368,,,,18.28716,25.052468516666664,33.08969545
369,,,,18.35318,25.134074316666666,32.83011545
370,,,,18.4192,24.85444290066667,32.18248727
371,,,,18.50454,24.839648128666663,32.25124090999999
372,,,,18.58988,24.78016218533333,32.71490636
373,,,,18.67522,24.78996628133333,33.23469364
374,,,,18.76056,24.512770090666667,33.04883182
375,,,,18.8459,24.201423488666666,32.87456091
376,,,,19.1983,23.630361322000002,32.316750909999996
377,,,,19.5507,22.725944964,31.41870182
378,,,,18.66,21.923450428,30.265793640000002
379,,,,18.213333333333335,21.438944728666666,29.676930910000003
380,,,,18.01666666666667,21.180782641333334,29.16032364
381,,,,18.040000000000003,21.207105924,28.60826182
382,,,,19.900000000000002,21.72219095,28.242405449999996
383,,,,20.17149,22.581092409999997,27.99101455
384,,,,20.37958,22.688520687333334,27.74848727
385,,,,20.3225,22.153579794666665,27.51483364
386,,,,17.013333333333332,21.196519934666668,27.357663640000002
387,,,,17.939999999999998,21.072345434,27.400197269999996
388,,,,18.71,21.041262290000002,27.451584550000003
389,,,,18.846442,21.121111369333335,27.50160818
390,,,,17.996666666666666,20.990954589333334,27.64640818
391,,,,17.053333333333335,20.881952936666668,27.814824549999997
392,,,,17.006666666666664,20.76534956733333,27.98186727
393,,,,16.863333333333333,20.60297809866667,28.147556360000003
394,,,,16.549999999999997,20.466440322,28.307570910000003
395,,,,15.713333333333333,20.24493848866667,28.442320910000003
396,,,,15.206666666666669,20.134653825333334,28.54910636
397,,,,15.003333333333336,20.048410740666668,28.62794727
398,,,,15.049999999999999,20.024147028,28.78186364
399,,,,16.176666666666666,20.352717203333334,29.03458545
400,,,,17.7831126,21.02891839933333,29.30435273
401,,,,19.09189,22.074233709999998,29.591165450000002
402,,,,19.30822,22.710305994666662,29.891743639999998
403,,,,19.52455,22.968746220666667,30.20765727
404,,,,19.74088,22.585621686000003,30.456752729999998
405,,,,18.266666666666666,22.096140133333332,30.62614
406,,,,17.243333333333336,21.43058272466667,30.67318909
407,,,,17.5358331,21.220217286666667,30.653429999999997
408,,,,17.3445552,21.281212252666663,30.566842729999998
409,,,,18.3014531,21.671649407333334,30.585947270000002
410,,,,18.99992,22.150847534666664,30.69722364
411,,,,19.33983,22.763840217333332,30.861231819999997
412,,,,19.67975,23.323581510666664,31.130931819999997
413,,,,20.01966,23.592316708,31.524243639999998
414,,,,20.35958,23.578259611333333,31.95473909
415,,,,20.69949,23.428560775999998,32.33408818
416,,,,20.31036,23.029463442,32.06753091
417,,,,19.92123,22.692157587333334,31.56618727
418,,,,19.5321,22.287214580666667,30.63161727
419,,,,19.14298,21.894906432000006,29.71544636
420,,,,18.75385,21.30782359,28.697854550000002
421,,,,18.2877891,20.764767517333333,27.638711819999997
422,,,,17.536666666666665,20.217272149333333,26.67566818
423,,,,17.8183328,20.21077395466667,25.92848364
424,,,,17.7886279,20.352002669999997,26.606135450000004
425,,,,17.6938553,20.484455787999998,27.35165364
426,,,,17.063333333333333,20.002675582666665,26.997718180000003
427,,,,15.31,19.007217798,24.380249089999996
428,,,,14.729999999999999,18.726497971999997,24.267826359999997
429,,,,14.636666666666665,18.662634475333334,24.80698091
430,,,,14.633333333333333,18.705806472666666,25.27387273
431,,,,15.633333333333335,19.083959930666666,25.76619182
432,,,,15.693333333333333,19.555479982666665,27.16714818
433,,,,17.346666666666664,20.354116297333334,28.991331820000003
434,,,,17.22,20.623339554,30.00466727
435,,,,18.03333333333333,20.916602536666666,30.39146455
436,,,,17.706666666666667,20.780807881333335,30.68185364
437,,,,17.283333333333335,20.381437596666665,29.919104549999997
438,,,,16.496666666666666,19.835153187333333,29.041407270000004
439,,,,15.936666666666667,19.17861402733333,27.909637269999997
440,,,,15.073333333333332,18.319073296666666,26.405584550000004
441,,,,13.956666666666669,17.070006771333333,24.63201909
442,,,,12.2696849,15.614634495333334,22.80302091
443,,,,10.4061886,14.569312386666667,21.585400000000003
444,,,,9.32765364,13.903705733333334,21.52472636
445,,,,8.067426,14.108179591333334,22.826350000000005
446,,,,9.463811,14.884325524000001,23.993460910000003
447,,,,10.8602,15.95227284466667,25.245699090000002
448,,,,12.25658,16.704716596666664,26.310624550000004
449,,,,13.65297,17.3236032,27.05634
450,,,,13.68,17.70036577,27.32155545
451,,,,13.413333333333334,17.938669588666666,27.31678091
452,,,,13.096666666666666,18.05059070533333,27.041996360000002
453,,,,13.0,18.118910564,26.55592182
454,,,,13.19,18.369743338,26.336099089999998
455,,,,13.893333333333333,18.838082062666665,26.56433818
456,,,,14.59666666666667,19.170772511333332,26.956329089999997
457,,,,15.303333333333333,19.550542090666667,27.531621819999998
458,,,,15.546666666666667,19.881209965333333,28.21167636
459,,,,16.21666666666667,20.301714779333334,28.90465273
460,,,,17.31,20.805447242,29.60581091
461,,,,18.1469869,21.285408228666668,30.31403091
462,,,,18.5861376,21.586772066,31.009992729999997
463,,,,18.11,21.647802912,31.714136359999998
464,,,,17.52,21.69160324,32.41829
465,,,,17.27,21.759660808,33.12243364
466,,,,17.36,21.824455114,33.712477269999994
467,,,,17.763333333333332,22.039623668666668,34.29443091
468,,,,18.136666666666667,22.277384363333333,34.876374549999994
469,,,,18.4137589,22.51067517466667,35.45287364000001
470,,,,18.6012188,22.744237396,36.023918179999995
471,,,,18.8277345,23.083252536,36.49979818
472,,,,19.3433405,23.546693494666663,36.96538364
473,,,,19.5930494,23.90253079,37.42550455
474,,,,19.7488799,24.11825907,37.885635449999995
475,,,,19.8320113,24.185037532000003,38.28371636
476,,,,19.8990388,24.292632547333334,38.58758727
477,,,,20.0174274,24.505833116,38.89145818
478,,,,20.1645327,24.82278369133333,39.21202909
479,,,,20.3019674,25.027201600666665,39.509607270000004
480,,,,21.0038,25.48130515333333,40.691255
481,,,,20.98224,25.68011924666667,41.162633
482,,,,20.96068,26.02570988,41.672271
483,,,,20.93912,26.470573573333333,42.16606899999999
484,,,,20.91756,26.832491926666666,42.655257
485,,,,20.896,27.11670118,43.144455
486,,,,20.926,27.36625896,43.643643000000004
487,,,,20.956,27.835551106666667,44.08834
488,,,,20.986,27.756969333333338,44.530792999999996
489,,,,21.016,27.951392199999997,45.001374999999996
490,,,,21.046,28.157372786666667,45.458603999999994
491,,,,20.95168,28.30712709333333,45.905843000000004
492,,,,20.85736,28.550667499999996,46.353082
493,,,,20.76304,28.844611386666667,46.800310999999994
494,,,,20.66872,28.84230816666667,47.240538
495,,,,20.5744,23.464528591666664,28.436666666666667
496,,,,20.613,22.993839133333335,26.903333333333336
497,,,,20.6516,22.846937908333334,26.313333333333333
498,,,,20.6902,23.30218815,27.19
499,,,,20.7288,22.09204463333333,23.3638239
500,,,,20.7674,22.050204366666666,23.1934631
501,,,,20.8618,22.1692765,23.3449595
502,,,,20.9562,22.2694347,23.4397141
503,,,,21.0506,22.294838466666665,23.3102054
504,,,,21.145,22.4357088,23.5270864
505,,,,21.2394,22.806089666666665,24.432509
506,,,,21.2963,22.811029066666663,24.3470972
507,,,,21.3532,22.762744766666668,24.1020043
508,,,,21.4101,22.763643033333334,24.0044591
509,,,,21.467,22.875580866666667,24.2400426
510,,,,21.5239,23.348544399999998,25.5586932
511,,,,21.54956,23.096353399999998,24.7701902
512,,,,21.57522,22.70074506666667,23.5514452
513,,,,21.60088,22.71667103333333,23.5672931
514,,,,21.62654,22.701132733333328,23.4887482
515,,,,21.6522,23.1887886,24.9197958
516,,,,21.53542,23.2505658,25.1909274
517,,,,21.41864,23.064847466666667,24.7195724
518,,,,21.30186,22.877901400000002,24.2445242
519,,,,21.18508,22.815985800000004,24.1445774
520,,,,21.0683,22.8489467,24.3292601
521,,,,20.97872,23.00921443333333,24.9984133
522,,,,20.88914,23.210064233333338,25.7893027
523,,,,20.79956,22.963378833333334,25.2375965
524,,,,20.70998,22.595565566666668,24.3224967
525,,,,20.6204,22.40393333333333,23.93595
526,,,,20.67512,22.358116266666666,23.9846488
527,,,,20.72984,21.581693633333334,22.17372
528,,,,20.78456,21.4159315,21.93285
529,,,,20.83928,21.394693,21.69198
530,,,,20.894,21.575348,22.380924
531,,,,20.87854,21.5661875,22.4244125
532,,,,20.86308,21.211565933333336,21.4315178
533,,,,20.84762,21.225872466666665,21.5454074
534,,,,20.83216,21.405124966666666,22.1541349
535,,,,20.8167,21.287267233333335,21.8715317
536,,,,20.91512,21.08217193333333,21.29105
537,,,,20.8225816,21.081553866666667,21.40854
538,,,,21.11196,21.376000966666666,21.52603
539,,,,21.21038,21.6495446,22.0947338
540,,,,21.3088,21.737189366666666,22.1417581
541,,,,,,
