,crust,crust,crust,lithosphere,lithosphere,lithosphere,sediments,sediments,sediments,total,total,total
,min,mean,max,min,mean,max,min,mean,max,min,mean,max
age,,,,,,,,,,,,
0,46.89294073351511,52.1362673362516,57.379593923723135,14.35159244082875,15.65466441809563,17.043651467058773,6.319721786604693,7.55297453773999,8.786226926055111,67.56425496094855,75.34390629208721,83.20947231683702
1,46.35239364378837,51.54642575334916,56.74045785326204,14.321641088000467,15.33159899129311,16.38966897726681,6.87320343762911,8.214721084604372,9.55623840643255,67.54723816941795,75.09274582924665,82.68636523696141
2,44.27247696498311,49.22964899165167,54.186820977269285,14.043010562046156,14.94263734581649,15.877196750785036,6.784570593701625,8.109330413232835,9.43408948458278,65.10005812073089,72.281616750701,79.49810721263711
3,44.34277619888532,49.30808766493216,54.27339910842353,14.88095650610325,15.804922775113752,16.76063729582176,6.577311264543361,7.861970811555231,9.146629932145963,65.80104396953192,72.97498125160115,80.18066633639125
4,44.56947913630243,49.559510002593335,54.549540876654966,14.747464174050155,15.672460141846473,16.63066421959411,6.491240113914683,7.758231589719982,9.025222602206851,65.80818342426727,72.9902017341598,80.20542769845592
5,42.97034131197999,47.78412133575459,52.597901339069196,13.390703832115157,14.237185220094496,15.113596808730684,6.255897553893876,7.477039238255886,8.698180439500677,62.616942697989025,69.49834579410498,76.40967858730056
6,43.80217577638648,48.707132385819186,53.6120890056274,13.6571068866913,14.53338574683628,15.438799429807466,6.249693442046826,7.469600904800153,8.689507964867424,63.708976105124606,70.71011903745563,77.7403964003023
7,42.84472820552084,47.64385406689737,52.4429799359864,13.648837808860637,14.473989031908236,15.319563205544815,6.117536566238684,7.3118768514344055,8.50621673571304,62.611102580620155,69.42971995024001,76.26875987724425
8,42.71097246084067,47.493100833113964,52.275229200163125,13.099497123677338,13.883718027864887,14.685167458054678,6.0273807012632385,7.2044903480033025,8.381599582524897,61.83785028578125,68.58130920898215,75.3419962407427
9,42.15226951187013,46.87379837940624,51.595327221330976,13.359924434235966,14.14417119078986,14.946665482175746,5.960658410934162,7.124898220093131,8.289137715394576,61.47285235704025,68.14286779028923,74.8311304189013
10,40.84735880688075,45.42061947055461,49.99388006375355,13.064008594016167,13.905297924525094,14.769560025173494,5.6058885367647875,6.700813774600711,7.795738571479042,59.5172559376617,66.02673116968042,72.55917866040608
11,41.491927608760804,46.13741505703415,50.78290248174794,13.382757579242679,14.224079069919338,15.086518278945611,5.404965694244904,6.460645608829193,7.516325196815753,60.27965088224839,66.82213973578268,73.3857459575093
12,40.37693147625747,44.897946762543015,49.4189620472424,13.45643087970049,14.295111461934788,15.15493495972182,5.31941841457986,6.358393017429381,7.3973674070242215,59.15278077053782,65.55145124190719,71.97126441398844
13,41.31311049104589,45.93863057019517,50.56415060197797,14.46252765297715,15.299646556315821,16.161093984741385,4.9476150276726205,5.914547875836726,6.881480465960815,60.72325317169566,67.15282500234773,73.60672505268018
14,41.898357136348224,46.589171056299556,51.279984948966046,14.343619879612172,15.1652852753197,16.007974639675634,4.919301704023798,5.879297111213834,6.839292091961814,61.161278719984196,67.63375344283308,74.1272516806035
15,44.30524345288441,49.26437028828232,54.223497097865135,14.489319628169309,15.28694737951202,16.100530610444455,4.692770220336132,5.608871529694188,6.524972448050466,63.48733330138985,70.16018919748852,76.84900015636005
16,42.90809684194238,47.71230786679217,52.51651885906023,14.04445107870595,14.814058029495488,15.595851760179169,4.690034765960786,5.605017104936064,6.519999124396759,61.64258268660912,68.13138300122372,74.63236974363616
17,43.16893979196416,48.00243152261342,52.835923223387596,14.446485511382939,15.254872020403845,16.078466461946242,4.672668352289917,5.584474231740102,6.4962797404402295,62.28809365563702,68.84177777475736,75.41066942577407
18,41.88166274194018,46.57213899977442,51.262615221549005,14.56287980153458,15.378207991003471,16.21109864124496,4.453431886085317,5.321734763898993,6.190037331271659,60.89797442956008,67.27208175467688,73.66375119406563
19,43.09545951712537,47.92119970318638,52.746939862821115,15.995867110807206,16.877883094992285,17.779021726191804,4.590751013692135,5.486709490502072,6.382667533850473,63.68207764162471,70.28579228868074,76.9086291228634
20,44.232133270859,49.183649609817756,54.13516588314738,15.05682928228702,15.911531539774433,16.781729182449816,4.460512897858385,5.33054413144338,6.200574975495433,63.74947545100441,70.42572528103557,77.11747004109263
21,37.916470698251615,42.16461919796315,46.41276765237457,13.955030480595841,14.731742550736033,15.523188284109269,4.250080788720373,5.079895594299108,5.909710029471119,56.12158196756783,61.97625734299829,67.84566596595495
22,37.92483144495058,42.17357532153259,46.42231918052134,13.73635642380609,14.510467927534027,15.298150534262376,4.318886011762345,5.161632882327752,6.004379399247512,55.980073880519015,61.84567613139437,67.72484911403123
23,35.75000814771894,39.755862126388564,43.76171606592808,13.142558450909597,13.93149933018405,14.736049555381985,3.9170490773917246,4.681325605361466,5.4456018157593045,52.80961567602026,58.36868706193408,63.94336743706937
24,37.084573756221396,41.238816826242434,45.39305985103612,13.39625455196315,14.167511302653818,14.955412549115547,4.064761582760374,4.857494136474278,5.650226406041119,54.54558989094492,60.26382226537053,65.99869880619278
25,35.88218545906379,39.92190906817227,43.96163265459431,12.25094741777552,13.009998393852737,13.786507786470377,3.9907124953256505,4.76954013010666,5.548367403206184,52.123845372164965,57.70144759213167,63.29650784427088
26,36.04259795066665,40.08687190245602,44.13114585124769,10.974975488913962,11.68034274063204,12.407856433182786,3.674245466967554,4.391517627794277,5.10878950765717,50.691818906548164,56.15873227088234,61.647791792087645
27,36.9593956746807,41.09829658904113,45.23719748540083,11.279141478931527,12.028766305759905,12.805792734783566,3.639290338348837,4.349199718316321,5.059108842511613,51.877827491961064,57.47626261311735,63.102099062696006
28,36.27495812035542,40.34668520403122,44.41841227900497,10.64789016760714,11.364797483341736,12.111106945890334,3.391802002527789,4.053749020720467,4.715695776538929,50.31465029049035,55.76523170809342,61.24521500143423
29,36.61038171575018,40.713230242670015,44.81607876493325,11.194893862700992,11.908260568607098,12.649246780244114,3.3843419422842325,4.044382868389699,4.704423610582604,51.1896175207354,56.66587367966681,62.169749155759966
30,41.777435143855634,46.45560151389416,51.13376788800722,13.19356890284773,14.027986664013309,14.882152670330521,3.25230400109253,3.8867804181073966,4.5212566047390705,58.223308047795896,64.37036859601486,70.5371771630768
31,36.89503330378783,41.037150129540365,45.18149381931232,12.056349735865638,12.789803723142121,13.538422758172352,3.0616963387132285,3.659110170395617,4.256523759211087,52.01307937836669,57.4860640230781,62.97644033669576
32,36.25811164607577,40.328543759595775,44.40111960407084,11.479547588732839,12.163520614947242,12.873346193639303,2.9099924390612104,3.477704979563936,4.045417330792629,50.64765167386982,55.96976935410696,61.31988312850278
33,35.61285313479285,39.61067718093782,43.60904164153417,11.722519774105411,12.432070353870914,13.155255220555937,2.833099442536451,3.3859435131967364,3.9387873333730856,50.168472351434716,55.42869104800547,60.70308419546319
34,34.214381990571034,38.06925289336742,41.9241237774355,10.766627322352146,11.406063681772942,12.057787686751835,2.7191542433347475,3.2499109841214753,3.7806675202286946,47.70016355625793,52.72522755926184,57.76257898441603
35,34.475300003376816,38.340283063934095,42.2052660976431,9.84196153460449,10.450573240199613,11.07692232841367,2.8297482514062278,3.382083097025271,3.9344177391157706,47.14700978938754,52.172939401158985,57.216606165172536
36,31.257294416232277,34.760965985647296,38.2646375614797,9.150721444226571,9.654520069934756,10.166136262868102,2.3220059627853384,2.774472568297538,3.2269390028356484,42.730021823244186,47.18995862387959,51.65771282718345
37,29.31468291271818,32.6035129960332,35.89234854615319,8.950743158853196,9.432772423182765,9.917819263508703,2.4114560609262963,2.88159323077741,3.351730253010258,40.676882132497674,44.91787864999338,49.16189806267215
38,28.57294347602805,31.78016176578171,34.98738003254334,8.029796688053889,8.48363870036071,8.941116966241065,2.3558775061465598,2.8157105601686157,3.2755434266183032,38.9586176702285,43.07951102631104,47.20404042540272
39,28.354556048352343,31.537014946841474,34.7194738369487,8.617409007013208,9.104273881732666,9.594776988902964,2.305822562077145,2.7561793215618926,3.206535925746783,39.2777876174427,43.397468150136035,47.52078675159845
40,30.46276636014602,33.878448337553095,37.29413028170905,10.387895057965622,10.971595809076193,11.559485460478804,2.425648827699895,2.89943621325461,3.373223454235138,43.27631024581154,47.7494803598839,52.22683919642299
41,27.48921326667778,30.572952104723754,33.656690954906026,9.603277317559394,10.129015153185719,10.661460977789028,2.294776144662022,2.742462294692699,3.1901482728334245,39.3872667288992,43.44442955260217,47.50830020552848
42,27.478470424800438,30.560871776818207,33.64327782109045,9.574334749136524,10.095421037217717,10.620319601218695,2.305580668662146,2.75526932671582,3.2049578279635123,39.358385842599105,43.41156214075174,47.46855525027266
43,27.709128385834095,30.817705494121228,33.92628265361655,9.761662193939536,10.291642658837386,10.827954351125381,2.348296355685494,2.8070154007457004,3.265734285923105,39.819086935459126,43.916363553704315,48.01997129066504
44,27.086698352038518,30.125897257399057,33.16509618732323,10.626602850714079,11.152532032561613,11.682182400546806,2.3134492960676107,2.764807171228804,3.2161648422948383,40.026750498820206,44.04323646118947,48.063443430164874
45,28.679499178984166,31.89815609765841,35.116813041536574,10.327635969449002,10.911932843594052,11.502289860205952,2.340979402984044,2.7976720846509804,3.2543646073773513,41.34811455141721,45.60776102590344,49.87346750911988
46,33.28239511959557,37.0187554573554,40.755115779821175,10.256240456289309,10.817844863844503,11.3829366428094,3.1268993030161454,3.737905547213288,4.348911562537452,46.66553487890103,51.57450586841318,56.486963985168025
47,33.1745414295066,36.89609497289998,40.61764849325769,11.849241980578563,12.537099548588074,13.229995783123234,3.205626274677451,3.8314641534772087,4.457301779813969,48.22940968476261,53.26465867496526,58.30494605619489
48,33.12731252891891,36.84576870702213,40.56422489587922,12.198869345820102,12.890085136837163,13.582280473028408,3.224458249553682,3.854217864633957,4.483977267008432,48.55064012429269,53.590071708493255,58.63048263591606
49,34.41802881177175,38.280889150766974,42.143749459828925,12.31590033496474,13.004620991698292,13.694620179459342,3.2258425436778877,3.8551606735598822,4.484478585922576,49.95977169041437,55.14067081602515,60.32284822521084
50,32.41524382957113,36.053802160371276,39.69236049419823,12.803368074846599,13.53515687835845,14.268854440528996,3.0213426340429543,3.611054199128008,4.200765544516431,48.23995453846068,53.20001323785773,58.16198047924366
51,26.62487552808312,29.61961993970914,32.61436435760703,12.145567389756868,12.854276822915338,13.565167153151425,2.8523643699704095,3.4096664779785257,3.9669683772098594,41.622807287810396,45.883563240603,50.14649988796831
52,30.07568145897704,33.458082344958086,36.840483206753845,13.058774849691245,13.823524162966935,14.589210124476448,3.149162963999723,3.7640659626247075,4.378968733561331,46.283619272668005,51.045672470549725,55.808662064791626
53,29.638472669476137,32.97536885117933,36.312264999951545,14.658612963513926,15.476605297818413,16.297018525778725,3.059479170151454,3.657314982503968,4.255150573632809,47.35656480314152,52.10928913150172,56.86443409936308
54,28.316500495991768,31.514002544139494,34.71150457559618,14.864438101344316,15.703307846369313,16.545089573982043,2.9977891758601354,3.583244692790914,4.168699990488905,46.178727773196215,50.80055508329972,55.42529414006712
55,28.154631454764477,31.329218003118026,34.50380452028682,13.845149624612104,14.656439204450646,15.469507049891698,2.8985963670671473,3.4645483429577317,4.030500174494682,44.89837744644373,49.450205550526405,54.0038117446732
56,25.80631074477046,28.71343435926095,31.62152308001381,17.090274920209083,18.025529443646995,18.96846430096511,2.838150586398382,3.3924538965373308,3.9467569740134367,45.734736251377925,50.13141769944528,54.53674435499236
57,25.87674952442811,28.790913822827566,31.707026350877527,17.787109454969187,18.742448554730913,19.702190084384895,2.8314020103016575,3.3846742219170793,3.9379462314364115,46.495260989698956,50.918036599475556,55.347162666698836
58,25.801449509555713,28.706278729066582,31.612822851175693,15.553607123993105,16.4319836748923,17.316754810862964,2.8357192875471275,3.389587065341167,3.943454677001447,44.19077592109595,48.52784946930005,52.8730323390401
59,26.405390515870472,29.379668707174748,32.35539750775935,15.800750071779008,16.687107432044336,17.58058237752578,2.7722903422838736,3.3144651613181173,3.856639807064062,44.97843092993335,49.381241300537205,53.79261969234919
60,26.251430143480064,29.218742968979342,32.18941486143953,15.005183489650973,15.892009015748298,16.787298305008683,2.7288004600545324,3.2616932575878823,3.794585850799155,43.98541409318557,48.37244524231552,52.771299017247365
61,25.512239722315023,28.38936822733089,31.266512852217456,14.628556456974179,15.503066448403356,16.384873587320918,2.626207537609111,3.1392219871137916,3.6522362340212515,42.767003716898316,47.03165666284804,51.30362267355962
62,25.798104309672553,28.706299777891317,31.614495192064272,14.20300654651613,15.063620990466767,15.931694028410487,2.62700871815108,3.140080939213055,3.6531529929243667,42.62811957433976,46.91000170757114,51.19934221339913
63,24.78402555684128,27.591486114496128,30.39894663290446,12.5535179607434,13.318409075091209,14.091380242313683,2.512178454288393,3.00320378652025,3.4942289391100774,39.84972197187307,43.91309897610759,47.984555814328225
64,23.995193507424148,26.719272254271374,29.443350925012084,12.512066976762585,13.265947052780128,14.027171270349307,2.4954926171812812,2.982846627382952,3.4702004623286316,39.002753101368015,42.968065934434456,46.940722657690024
65,25.123268069353514,27.957918730902463,30.79256937340296,13.92778845694654,14.741719144501516,15.56278131532742,2.562427564313365,3.062754314838256,3.563080882159082,41.613484090613426,45.76239219024224,49.91843157088947
66,24.320077973511413,27.070721109767675,29.821364265247013,12.576752239419502,13.316951270636913,14.064436619329229,2.247792546280869,2.687309982762634,3.1268272786779,39.144622759211785,43.07498236316722,47.01262816325414
67,23.392203049665547,26.026720978905793,28.661238878853034,12.07374836580077,12.807898893164182,13.549585610349194,2.242452055947446,2.6808258517543564,3.119199495016723,37.70840347141376,41.515445723824335,45.33002398421895
68,25.793765452094103,28.69440220655846,31.5950389362118,12.367317857429168,13.07694856263835,13.793051163462405,2.6279640599949454,3.1416830491406182,3.655401832227988,40.789047369518215,44.91303381833743,49.04349193190219
69,25.2720494709544,28.116227929353656,30.960406330665748,12.015443035600304,12.713796931298145,13.420348691614887,2.5791433996119046,3.0831177241862058,3.5870918904029274,39.86663590616661,43.91314258483801,47.96784691268357
70,25.512178914611347,28.38943784049922,31.266696723488046,12.735945152108032,13.477276299058815,14.227058568223647,2.7389142246732385,3.2740590655778883,3.8092036881196814,40.987038291392615,45.14077320513592,49.302958979831374
71,24.63269296806883,27.41140122543684,30.190468892070477,12.592954648906213,13.333803991131548,14.082282723402477,2.679624235869996,3.203119080680098,3.726613749065054,39.90527185284504,43.94832429724848,47.99936536453801
72,23.436026100795203,26.08170847012704,28.72903787083199,10.99227131477701,11.66276225140321,12.342350089512188,2.315055666075679,2.767367123092682,3.219678420539295,36.743353081647896,40.51183784462293,44.29106638088348
73,22.588438790138166,25.139721097634535,27.69187511426131,10.97095226528737,11.630629651312603,12.297594984730445,2.335624130834449,2.7919051145060534,3.248185905614892,35.89501518625998,39.56225586345319,43.23765600460665
74,21.970217268795807,24.452547718909376,26.935630115463105,10.528415742565887,11.1604861073582,11.799320190572523,2.2661502781074345,2.708776516448725,3.151402587018711,34.76478328946912,38.3218103427163,41.88635289305434
75,23.591836251599986,26.25705092156859,28.923570573514738,10.497649728288447,11.157157380230128,11.822510241386988,2.384454653283714,2.8499278936742796,3.3154009644286218,36.47394063317215,40.264136195473,44.06148177933034
76,26.468915749531593,29.452479543329456,32.43724954266211,10.597650683740195,11.260219867800885,11.927131497103964,2.63428780342517,3.1485822315093834,3.6628764523875113,39.700854236696955,43.861281642639725,48.02725749215358
77,25.785747786917465,28.692187276237178,31.599202852237422,11.291725443771915,11.988788649451651,12.690013737555063,2.623042883060619,3.135113232269517,3.6471834010715005,39.70051611375,43.816089157958345,47.93639999086399
78,25.56390609574204,28.443612230696186,31.32384533652526,11.465008685934563,12.158589804081856,12.854957887912168,2.550039146596017,3.0476608081256096,3.5452822757732143,39.578953928272625,43.64986284290366,47.72408550021065
79,25.36548389256256,28.22508959097162,31.08520967189206,12.068646159842366,12.738394582323048,13.4124972285044,2.5134097319418416,3.004019539809555,3.4946291709083326,39.947539784346766,43.96750371310422,47.99233607130479
80,26.389966649115983,29.365527477482676,32.341646492378985,12.347650497081819,13.017747643075786,13.690570255408872,2.6667170375394367,3.1871450750245263,3.7075729383718485,41.40433418373724,45.57042019558299,49.7397896861597
81,25.758310656951043,28.664069348116527,31.57033134031397,11.758841123053456,12.41884596357677,13.081825443626332,2.476877034713784,2.960281037852514,3.4436848488018263,39.99402881471828,44.04319634954581,48.09584163274212
82,26.640712032358277,29.642212552677922,32.64401657200942,11.935493019364724,12.602100568143072,13.272015986418545,2.5504680576834886,3.048287090581894,3.546105949342078,41.12667310940649,45.292600211402885,49.46213850777004
83,26.895735179804106,29.920901606720363,32.946068035557474,12.217257538067383,12.898175633227766,13.581147220602524,2.5194016813821403,3.0114059882358273,3.5034101183792417,41.632394399253634,45.83048322818396,50.03062537453924
84,24.886133838666332,27.685741467486416,30.48671870107658,9.639345339056911,10.212959618674187,10.78977694503568,2.4473173577542857,2.925114014607856,3.4029105060707243,36.97279653547753,40.823815100768456,44.679406152182985
85,26.317787651934026,29.277122616564192,32.23772172622296,10.471686474468797,11.10846743557714,11.74945939833772,2.5149949504650904,3.0057476605586926,3.4965002016713624,39.30446907686791,43.39133771270002,47.48368132623204
86,28.263154473337856,31.442762255966127,34.62515365958477,10.90189391589653,11.552760589686844,12.2072243190165,2.261840899046613,2.7034217240043956,3.1450024066126145,41.426889288281,45.698944569657364,49.977380385213884
87,27.248635864792707,30.3156951208193,33.38461047193866,10.885787139460302,11.545980895120957,12.210675131019158,2.320608154702289,2.7735726670034397,3.2265370056174776,40.4550311589553,44.6352486829437,48.821822608575296
88,26.851935547433662,29.879553918921385,32.90875975636847,10.902547539079514,11.583075170296333,12.270178857917024,2.3064528660666554,2.7569450119008883,3.2074369975108032,40.06093595257983,44.2195741011186,48.386375611796296
89,27.447794024050637,30.543435728662573,33.64059905009837,10.863511619694503,11.541532634799289,12.225644366463136,2.351671455538317,2.8108065679428273,3.2699415259542457,40.66297709928346,44.89577493140469,49.136184942515754
90,27.178959071176983,30.239753954293505,33.30144231237408,11.319525413015654,11.970808941075065,12.625524075576466,2.3137430200034093,2.7651380551104072,3.216532920775359,40.812227504196045,44.97570095047897,49.1434993087259
91,26.53897688027404,29.527285314018812,32.51609641690376,11.926150305124564,12.60844021604113,13.293389831355638,2.228166512856117,2.6628373922707422,3.0975081224381964,40.69329369825472,44.79856292233069,48.906994370697596
92,26.0821679257393,29.01849938838339,31.95517663588751,11.882121877392557,12.565995906937589,13.25319533927291,2.210085473783182,2.641227126433876,3.0723686240957595,40.174375276915036,44.22572242175485,48.28074059925618
93,25.8060934634455,28.71296392982332,31.620130489935015,12.176494148329175,12.884006256824252,13.59661208260201,2.2670183763179046,2.709344779790994,3.1516710029949575,40.24960598809258,44.30631496643857,48.36841357553198
94,25.99756435397513,28.924609831771598,31.851831567777122,12.165005545706048,12.8784973164586,13.597660259432184,2.221654577570918,2.654960867485899,3.0882669989928235,40.38422447725209,44.458068015716094,48.53775882620213
95,25.929049112930944,28.84743595207197,31.765822762050952,11.307384970889808,11.997043599232564,12.694096897816275,2.259273905613148,2.7002748878672294,3.141275691904005,39.4957079894339,43.54475443917176,47.60119535177123
96,25.513502807408315,28.387152902877517,31.260802965182904,11.45521626912669,12.167244516330676,12.88821008229423,2.1608499716875,2.582555738926973,3.0042613331614545,39.12956904822251,43.136953158135164,47.153274380638585
97,25.603582346115516,28.48934285213393,31.375103343731396,11.155010156108368,11.856722870729033,12.567419618770122,2.233923251543907,2.669826431546604,3.1057294211816004,38.99251575376779,43.01589215440956,47.04825238368312
98,25.564188536392454,28.44667958771372,31.329170607559195,11.22315036538254,11.935103250650634,12.656127703878845,2.079622012968045,2.4854916530091913,2.8913611417545297,38.86696091474304,42.86727449137355,46.87665945319257
99,24.82523226798787,27.626107989094294,30.426983688241876,11.064410525858403,11.792458755728811,12.530761048119624,2.044335292304202,2.4431706661496877,2.8420058938307355,37.93397808615048,41.86173741097279,45.799750630192236
100,23.978336981162126,26.702462118188024,29.427427259209274,9.543465145619841,10.178501367928412,10.824316014237976,2.0242492828934857,2.419040198394775,2.8138309688212,35.54605140967545,39.30000368451121,43.06557424226845
101,24.065147351414772,26.794667137630633,29.524493321793532,9.434287013068989,10.095019136131441,10.76790162661276,2.014354248940717,2.407259403212092,2.800164897439276,35.51378861342448,39.29694567697417,43.092559845845564
102,23.304260267083443,25.948655759542795,28.593733077963925,9.210745956217579,9.861707473130386,10.52514825114199,1.9857382756411837,2.3733735204058077,2.761008620114667,34.500744498942204,38.18373675307899,41.87988994922058
103,23.411069050933726,26.070803219424665,28.731699942923946,9.339693822337322,9.994546980014576,10.662816340938498,1.9834766143237221,2.3704116630221552,2.757346568667985,34.73423948759477,38.43576186246139,42.15186285253043
104,22.41633717744619,24.96045701323804,27.504936676234152,7.518135970656048,8.06273718327294,8.61727446132548,1.7528789864135268,2.0948802048322994,2.4368812979504417,31.687352134515766,35.118074401343286,38.559092435510074
105,22.434141062536888,24.97668803796509,27.519525485934512,7.424388093543005,7.960984815930516,8.507346129269223,1.7053702616638207,2.0380880584505308,2.370805725978035,31.563899417743713,34.97576091234614,38.39767734118177
106,24.37168062411154,27.133007102860873,29.89536011113114,7.7974853060095795,8.34307674929046,8.89758155266942,1.7973446434733806,2.14801211889052,2.498679457382323,33.9665105735945,37.624095971041854,41.291621121182885
107,23.72384680403102,26.412304203249537,29.103753706777013,7.86870693730514,8.42562588766723,8.992800606460202,1.759632848665814,2.1041664990049584,2.4487000181272096,33.35218659000198,36.94209658992173,40.545254331364426
108,25.275881148155655,28.13601485021311,30.996930436327343,8.026355554089038,8.596689098158162,9.177884655126464,1.8275181479551303,2.1840061182641204,2.540493961051949,35.129754850199824,38.916710066635396,42.71530905250576
109,24.564412073331034,27.342922613291897,30.12176315948623,7.624077616905449,8.176405018359324,8.738985763233996,1.8156482506850555,2.1701236757929765,2.5245989640433186,34.00413794092154,37.6894513074442,41.38534788676355
110,25.546290899994126,28.433587721412028,31.32180337476635,8.891179212307863,9.494661571252996,10.110135408422192,1.867833944935928,2.2323478330206576,2.596861581312414,36.30530405723792,40.16059712568568,44.02880036450095
111,26.519700311797962,29.514195847237055,32.509181491171404,8.552295667818695,9.08342306913849,9.622617921899804,1.9174753572147005,2.2911868435912783,2.6648982022452423,36.98947133683136,40.88880575996682,44.79669761531645
112,26.28604565919276,29.251298039277042,32.21689769990773,8.421730658956381,8.950314213693055,9.485814629445777,1.852813208580562,2.214088463623545,2.5753635784692843,36.56058952672971,40.41570071659364,44.278075907822796
113,26.365619541046506,29.34378888615798,32.32214076221031,8.450207326072189,8.974799339073986,9.505822800619486,1.8544316071118927,2.21600122556798,2.5775707150659044,36.670258474230586,40.53458945079994,44.4055342778957
114,26.221482000318627,29.185948550277185,32.151230431101666,8.371826904777325,8.872415990075648,9.379030785322538,1.9903062242758518,2.3788475270623586,2.767388691513812,36.58361512937181,40.43721206741519,44.29764990793802
115,26.618447206504257,29.633094863798423,32.64850709615678,9.964566365059564,10.520686850330282,11.082481353468342,2.0933254842851134,2.501327168041197,2.909328691691652,38.67633905584894,42.6551088821699,46.64031714131677
116,24.96405408387296,27.797930345552707,30.631880611852942,8.20750811957389,8.687370685788315,9.172879994713744,1.96961464091595,2.353342969157382,2.7370711539842323,35.141176844362796,38.838644000498405,42.54183176055092
117,25.236956350001673,28.106670859864543,30.97684714328891,7.7040537603639505,8.176904676492061,8.658930885403622,1.9684715303009666,2.352246634121847,2.736021591073886,34.90948164066659,38.635822170478455,42.37179961976642
118,24.935537010217097,27.781739411405603,30.62922501672731,7.707094951888067,8.186109518142633,8.67126934458025,1.9677670982789062,2.3517106868927806,2.735654126566893,34.61039906038407,38.31955961644102,42.03614848787445
119,25.49996434521165,28.40745645164668,31.315667408341938,7.851598938160093,8.333257895324802,8.82222184050832,1.8963448211866316,2.2660599900359566,2.635775032354105,35.24790810455838,39.00677433700744,42.77366428120436
120,24.500922306081385,27.3081949651758,30.118739072108838,9.727528642909837,10.275160245121528,10.832178051992816,1.8048389251025423,2.156518474320039,2.508199849130466,36.03328987409377,39.739873684617365,43.45911697323211
121,26.08355834346667,29.10875066894466,32.15328480214788,9.097574207829409,9.622065338092614,10.154666996032724,1.9467081807942332,2.3262562824315145,2.7058048254902323,37.12784073209031,41.05707228946879,45.01375662367084
122,26.053816631681983,29.078042644560256,32.12866512092775,9.579362343507748,10.137866485763627,10.704256359658977,1.9766329071168212,2.3614864620773215,2.746339870234463,37.60981188230655,41.5773955924012,45.57926135082119
123,26.092821807285013,29.12646239115537,32.18077532460322,9.460686120675621,10.01569218441211,10.578968579149,1.980329238991764,2.3663295564108386,2.752329745315275,37.5338371669524,41.50848413197832,45.51207364906749
124,25.91077360089852,28.9309802147792,31.965046165182553,9.157384355095079,9.71245883557876,10.27548998964535,1.9444743046634252,2.3236427558286668,2.702811084985195,37.01263226065702,40.96708180618663,44.9433472398131
125,25.437091649341443,28.41021713021388,31.411339202097977,8.781801923301245,9.31928208340596,9.864759930124658,2.0579455257689125,2.4592088683894087,2.860472066950946,36.2768390984116,40.18870808200925,44.13657119917358
126,22.443969568388965,25.11406795101804,27.819451241239136,8.748961429631233,9.280997375873431,9.82283406222,2.0835266222703916,2.4895556872544597,2.8955852577353096,33.27645762029059,36.88462101414593,40.537870561194445
127,22.758578945712387,25.466163322897238,28.202938229386938,9.34382046650979,9.921690950492842,10.50855388726949,2.067949019760361,2.471336744000835,2.8747243311318,34.17034843198254,37.85919101739091,41.58621644778823
128,22.812051244853908,25.528929841048473,28.268032778896355,9.006989311054115,9.595644326948111,10.192460355681737,2.0935129215631525,2.5019584219166897,2.910406133129859,33.91255347747118,37.626532589913275,41.370899267707955
129,23.036239186958305,25.777457109897945,28.54431137933276,9.583050664869816,10.207362088231918,10.840358255421926,2.1479257858012435,2.5663009615762107,2.984678212683114,34.76721563762936,38.55112015970607,42.3693478474378
130,23.350230915175715,26.09197804815023,28.839220303551336,9.247811824057788,9.866071903646157,10.493020293509522,2.1213710919201105,2.5351165049001168,2.948861753808643,34.71941383115362,38.49316645669651,42.2811023508695
131,29.512579676063304,32.898454820453985,36.285910486830474,10.298875353317316,10.941877952887518,11.593183753150024,2.9481451052933556,3.523489434526204,4.098833473456984,42.759600134673974,47.363822207867706,51.97792771343748
132,28.12086325721914,31.344586253118013,34.57404148158946,10.024927280481792,10.637151687522023,11.254256422971197,2.9263452150363007,3.4974671721070734,4.068588843393238,41.07213575273723,45.47920511274711,49.89688674795389
133,27.566453463867322,30.72715230766504,33.89495423635843,10.135274447352616,10.729440976034507,11.32800845705762,3.325088713756391,3.9737051886208024,4.62232145852649,41.026816624976334,45.43029847232035,49.84528415194254
134,26.969947290419356,30.06509818286936,33.171257244372285,9.715160860384428,10.300469014295201,10.889754216463613,3.412976768404559,4.079059358389934,4.7451594315782515,40.09808491920835,44.44462655555449,48.80617089241415
135,26.968101100567768,30.106460419221822,33.25859638846286,9.22599726109403,9.763650578483784,10.30600838155889,3.5114084768261344,4.19737913003796,4.883349444462553,39.705506838487935,44.06749012774357,48.447954214484305
136,26.558659172919974,29.660508939249727,32.77385756197446,9.549181836256114,10.08732232736401,10.628718729296425,3.448844202173338,4.122909932962944,4.796975357770794,39.556685211349425,43.870741199576685,48.19955164904168
137,26.534959108939166,29.631348807200656,32.74085017138481,9.565874832594867,10.103208610258017,10.643780147981355,3.770665786101337,4.5080138143880975,5.2453615485870175,39.871499727635374,44.242571231846775,48.62999186795318
138,25.484052188835136,28.44974558744697,31.415660490742894,9.087786992763796,9.620977418981198,10.157383091143089,3.871921452679438,4.626110496350869,5.38029922613476,38.44376063427837,42.696833502779036,46.95334280802074
139,25.528273918956106,28.498276076832955,31.471869669622208,9.063641787838137,9.583825902748217,10.107542611005087,4.023409265847816,4.807435785271876,5.591462017298339,38.61532497264206,42.889537764853046,47.170874297925636
140,24.22278029033184,27.08067063150824,29.95526518112514,9.05357627746978,9.563277858563325,10.076526061892949,3.9954262647672043,4.773199166851256,5.550971764023119,37.271782832568825,41.41714765692282,45.58276300704121
141,22.250140223775087,24.86576516231149,27.48661648256373,9.573611082727538,10.063766167189542,10.556829892197213,3.1722449379865547,3.7906243665622905,4.409003506389375,34.99599624448918,38.72015569606332,42.452449881150315
142,22.034461277545624,24.633901587153254,27.238747336149267,9.86823157935706,10.358988856081796,10.853640551098268,3.2776526307174714,3.9169403494679096,4.556227838205318,35.18034548762015,38.909830792702955,42.64861572545285
143,23.17863886588006,25.916032635047827,28.656997960040258,11.087917901923468,11.622613943889199,12.159873443208788,4.153957451600326,4.963443834208027,5.772929954356021,38.420514219403856,42.502090413145055,46.58980135760507
144,22.96228983611794,25.67524360027778,28.39259924310932,11.103033545458988,11.647245710077318,12.193964648409992,4.179923837641463,4.993937920741583,5.807951735508933,38.24524721921839,42.31642723109668,46.39451562702824
145,22.765651542535664,25.45964496631907,28.156317446086653,11.26425102252454,11.853371493328204,12.446455832701922,4.318712377418839,5.16063582871279,6.002558965188786,38.348614942479045,42.473652288360064,46.60533224397736
146,21.95170343723919,24.532162031086308,27.12799963300495,11.483152421626482,12.07559305575047,12.67053098859584,4.180159926631328,4.99515330961132,5.810146359507067,37.615015785497,41.60290839644809,45.608676981107855
147,21.099134662441315,23.623657695269983,26.170321083726332,11.404070302958075,11.925455459475302,12.449955590780235,4.3021010845078,5.140802852104176,5.979504330561728,36.80530604990719,40.68991600684946,44.599781005068294
148,21.175348410426782,23.65682363777687,26.160583452904664,10.844272302493698,11.272525981434887,11.700835515604167,4.344951567792981,5.192317944940391,6.0396840342968465,36.36457228071346,40.12166756415215,43.90110300280568
149,21.277430161911855,23.781107870178175,26.301674278838327,10.348455302118674,10.756811065432627,11.165489023273663,4.509645792944012,5.389128774753827,6.268611408951584,36.135531256974545,39.92704771036463,43.73577471106358
150,22.12336971508901,24.66078824707054,27.198206675398776,10.115782659036148,10.540523850583519,10.96377648366524,4.661400237424113,5.571256478052073,6.481112412804231,36.900552611549266,40.772568575706124,44.643095571868244
151,21.242791591101074,23.67878306318771,26.114827877980403,10.032180737943479,10.442588675830283,10.853299125472521,4.871888347915872,5.8220970067435776,6.7723053027788485,36.14686067696042,39.943468745761564,43.74043230623177
152,22.077503321612888,24.61250868571608,27.14787079129985,11.314206791368276,11.78470963582874,12.253940243230156,5.0711773916402,6.060308521883295,7.049439299121028,38.462887504621364,42.45752684342811,46.45125033365103
153,22.073505913573435,24.607053365267227,27.14098255216947,11.530854228521566,12.002303777525732,12.472215092025206,5.129827884230167,6.130446725416846,7.13106519990572,38.73418802632517,42.739803868209805,46.74426284410039
154,23.144518143257926,25.7685767593145,28.39263551585526,11.798317237333833,12.279906779299893,12.761879079962341,5.417441153744708,6.474639063692425,7.531836587209941,40.360276534336464,44.52312260230681,48.68635118302754
155,22.848774145619387,25.444965082133564,28.041155883605967,11.57294641196931,12.05711550180233,12.541618954051664,5.47555480022668,6.544288212133713,7.613021213603522,39.89727535781538,44.04636879606961,48.195796051261155
156,22.82779340218955,25.416909667837594,28.006026119459115,11.427007514031608,11.884959763179051,12.340582329655714,5.861054309596254,7.00510181578167,8.14914889406529,40.11585522581741,44.30697124679831,48.49575734318012
157,22.726476894307517,25.302089010563314,27.877700979350003,11.2513210169028,11.70552938593538,12.159802744412268,5.899059809732394,7.050309349055029,8.20155845243548,39.87685772094271,44.05792774555372,48.23906217619775
158,22.80619039808176,25.393487385776332,27.98078435747835,11.292965567275878,11.748581540344942,12.203517685751342,5.826380960254342,6.963408224686505,8.100435010512088,39.92553692561198,44.10547715080778,48.28473705374178
159,22.742394093265325,25.322429429129848,27.90246495205924,11.33663795364903,11.792210282553338,12.247486376869954,5.917568456273557,7.072569966678429,8.227571054462032,39.99660050318791,44.18720967836161,48.377522383391224
160,23.117622788533737,25.729692587239953,28.341762411804922,12.496173445690882,12.972140523129982,13.447844648486548,6.0874978740850585,7.275533541388724,8.46356877017679,41.70129410830968,45.97736665175866,50.253175830468265
161,20.487079853970233,22.8043171108363,25.121554386314266,10.14817912869243,10.54591001352985,10.941777871614182,4.7325662614260695,5.656002082637184,6.579437525688587,35.367825244088735,39.00622920700334,42.64276978361704
162,20.433921571817258,22.745450682963487,25.056979932673052,9.708798979190824,10.103522016562504,10.496315345134349,4.721291285329357,5.642560113195145,6.563828606071297,34.86401183633744,38.49153281272113,42.1171238838787
163,20.66322188515675,22.999293928978084,25.335366100594335,9.74880385365523,10.13953006205361,10.528094536468418,4.892078874086404,5.846690789224634,6.80130235128838,35.304104612898385,38.985514780256324,42.66476298835113
164,20.439178737441374,22.750793359585057,25.062408011109053,9.688963046262302,10.078158953834807,10.46518511557314,5.033901397461378,6.016267665415071,6.998633572467625,35.16204318116505,38.84521997883493,42.52622669914982
165,20.48019630211611,22.794477495990304,25.108758677058812,9.2167337164933,9.600015011034118,9.981729901581364,5.226247051335861,6.245916856977886,7.265586275986891,34.92317706994527,38.64040936400231,42.35607485462707
166,20.87670202694413,23.237433354399275,25.598164799244717,9.238113744411764,9.634877384760994,10.029383805553646,5.230710643574067,6.251351351510375,7.271991693732043,35.345526414929964,39.12366209067064,42.899540298530404
167,20.843025223239287,23.19928477250874,25.555544343591514,9.255704082407593,9.652673456169934,10.047025494924979,5.306053021741307,6.341319251023877,7.376585073211161,35.40478232738819,39.19327747970255,42.979154911727655
168,20.80159910864519,23.15776938120167,25.513939521903254,9.235602367580023,9.624694325209273,10.011618526499124,5.545885026839445,6.628095240922251,7.710305091893391,35.583086503064656,39.41055894733319,43.23586314029576
169,20.078784843029254,22.35416852811902,24.629552326189852,8.923384343163507,9.30157762045397,9.677499633251227,5.82476681220016,6.961351349453544,8.09793548882346,34.82693599839292,38.61709749802653,42.40498744826454
170,19.79721361022097,22.061862446880006,24.326511286012867,8.323685032252957,8.701582986707894,9.077740107531405,6.133574518247985,7.330445598500989,8.527316246596216,34.254473160721915,38.09389103208889,41.931567640140486
