,min_magma_production_rate,mean_magma_production_rate,max_magma_production_rate
0,68.91497873542896,87.48777505194842,106.76771940240074
1,65.3831313147402,86.73489206646276,107.63038876954202
2,61.9938852991787,82.62769963081911,105.70939145240298
3,69.38799620284993,87.63309399298177,111.10416239384425
4,66.46976534509676,92.204333870002,115.77512317236963
5,73.40593125392365,105.7114893201935,132.38941704862992
6,74.78938829130541,104.15237668417379,129.00494710839973
7,68.71639932964756,98.68339847517952,121.53029443875847
8,72.35471365553478,102.0670013067988,123.85919903125495
9,72.62582089521277,104.69302868247397,126.9585390030152
10,72.16564199848071,100.92245012700735,124.50537374168229
11,71.06112397775422,102.00395460873719,125.84379125973929
12,81.5156183404444,112.37330197915904,137.4979535705211
13,66.35850074689579,91.14206996632531,112.91491402533447
14,71.40044594287477,99.23701647827046,120.63564499263836
15,95.52305844824176,119.68741327740861,138.90142622792388
16,84.97620655453787,111.99091332575367,131.24424119586735
17,78.19802701590622,101.79012402419183,122.10518682889463
18,76.96064538423856,101.30092400435888,122.33550422416458
19,81.07477210050978,106.49750602934675,126.45951003123275
20,75.64520638935018,99.86459577635429,122.07619937495537
21,70.20943554060116,89.3746956921403,111.55276318496877
22,71.41735130745266,91.65409130383365,109.86007268506052
23,64.25287945119175,84.04870988590253,99.3187643846845
24,62.028133947078885,85.13645291476881,101.79958762969423
25,64.19520572118977,97.92838183509932,122.50278603604235
26,64.99738936055789,100.07495502478497,128.013568404967
27,68.17398000783088,107.27845350437462,138.2439621180682
28,69.14309731869675,111.48056742541547,144.4873720574182
29,70.71432799874849,109.13797476755173,132.31782939891087
30,68.2215418562123,101.76806044574039,123.99564342635924
31,72.95469123114685,109.34710846059218,130.97996919384465
32,77.46341629280639,115.0017144265667,137.9983844846859
33,72.09057541852098,106.57582612526514,128.18931924990613
34,72.21116470005198,101.99631423839217,125.70347798008106
35,74.46946622096029,103.81134822762591,127.60418325424018
36,67.90428991222666,94.30172349374324,116.08721213461772
37,70.89386333161512,95.7572939455053,121.58905106766763
38,66.23231474363209,88.48391794168222,113.42301413466865
39,68.04232374150035,93.05798751496619,119.91765326294448
40,53.00155333320224,74.7268535422235,101.6149834668046
41,50.82693922216539,75.34315718912435,101.54371604613712
42,55.26598014691683,80.12150941843635,105.09912758503981
43,47.109013097837604,70.96052408426141,94.22538706475652
44,36.08604972080549,55.22981836526384,72.66696473038989
45,41.335128321648824,55.209827944008005,72.33841654654792
46,62.295996162534756,78.7522019834408,95.89777775884198
47,61.41792202178656,78.43666790326301,96.5841244665452
48,68.49297976675791,91.4793568540273,114.87595312426575
49,70.64994328670642,92.94748396238194,117.7111728991884
50,63.37148326650956,84.50409697746585,104.96026243272
51,59.92504581999116,80.05421257211498,99.20336589989196
52,59.434497673830535,79.85652260376222,104.98539087477036
53,60.601704717081006,81.35025287703063,108.73603894589158
54,53.737978206074374,71.31090857066526,96.46453113791475
55,52.07913613367256,68.7901352709263,94.3968276156269
56,35.63783022074464,52.081605883076875,81.09339331060184
57,35.39021251602554,51.052037284966566,79.46502671243209
58,32.20730865150331,43.987965033168834,70.31476218366629
59,37.29791923488551,49.66408982354528,78.06744026242808
60,36.8953932729934,48.91934158282217,74.62891803151891
61,42.27398877122569,55.514133658650444,83.31378706077936
62,44.86033798259593,59.93871947900116,90.49701090517814
63,47.58492858935021,63.37701748710748,95.6184025515478
64,43.57347745750245,59.113078317585064,95.15687875112904
65,37.44225801949174,56.47489013274667,99.16722427169108
66,41.40927556535077,59.14229106047124,98.5420793196309
67,37.74085209286385,55.21218607162274,84.58715145316825
68,43.840663170789846,61.265095035675216,89.29662100944178
69,42.16223287640104,61.2746035538843,88.68104635917848
70,50.351403317688465,70.88246912535924,96.46255641634383
71,32.474889828561736,46.64002882869576,67.17609446369691
72,29.253718642199686,42.84935433789225,62.75575089991965
73,30.888506248806166,44.15285179893115,62.32345794690153
74,28.319061765351332,41.33392462070309,60.67745549034579
75,30.595061028100247,44.84991615516309,64.27971670994094
76,34.31746223143951,48.51000625599811,68.6094881760125
77,30.392451139209733,43.74803431874622,63.45553526543981
78,28.996237563265055,38.3538828055818,57.879070937210216
79,23.361610319916323,32.66075093528072,51.749979441295565
80,29.894031995055965,40.88566755288039,63.68962479907019
81,27.16692317864911,37.071873565789375,64.50005841554774
82,26.530455182394736,35.245918465971144,60.952024211639014
83,43.010600055231166,57.40737909658763,81.53379601217335
84,44.22703100800839,60.179334414606274,87.52812061762475
85,38.75887099212066,53.292788886311726,79.47624516345896
86,33.60014287946913,51.88191432237935,74.76972132128981
87,34.84245494080562,51.52332956939276,76.51212375310561
88,33.71159034271801,51.91336176027702,75.06015513022413
89,32.869496486883854,49.43904283215175,75.84748334735741
90,32.62725761932845,46.47897844723986,71.50504314325116
91,31.157838178990332,45.91133253991012,73.39028657114233
92,30.29825223952008,44.969187104372295,70.45121268810662
93,29.823078365258432,44.318936351032704,69.8977631322932
94,30.44088461769766,44.91155477321229,70.65459021964554
95,28.035555657046725,42.41202412449387,68.87969606229044
96,29.2316111627077,43.8209584072128,69.26370746339828
97,27.394755983632503,42.60231849792656,68.90923095329178
98,29.60380468880325,44.74172653402219,70.3384027757061
99,28.01691097085603,43.96597485573905,70.81519904471368
100,28.335794531224654,44.47770995915498,67.78072018692346
101,27.372073338788635,42.719380584620964,69.20348031647234
102,27.80352653637499,44.94321258817206,72.6834947531822
103,22.635567095077942,40.765345603441794,65.69008192093905
104,23.24667577389169,38.90507877204955,63.68790140273396
105,20.804965887440474,35.57568392536646,59.866449785904706
106,22.130196791438618,37.653510527246695,61.83571204426897
107,22.54402335648386,36.967401089620004,61.01951299028196
108,13.243003475685596,24.728992980561365,47.95813598481862
109,12.220448057197736,20.9969139505628,37.88250210511526
110,13.263493364429973,23.27884108579051,38.54715236549018
111,15.13500795271099,25.51359172705597,41.54954309793263
112,15.43443880681863,26.01905660033404,41.600928841114566
113,15.61932865721948,25.912154452615923,42.535685596024976
114,16.215701824539735,26.779683483601687,44.35999453037286
115,11.912070652280438,20.48932524213958,36.2011356076517
116,11.878491553046734,20.84448850196239,36.51819096670175
117,12.14146162864052,22.32470813625086,37.440216546053165
118,11.483327256564142,21.482409516689255,36.3618392524313
119,14.96831517008516,25.275504340651807,45.43818213630095
120,13.564221837228285,22.73348114525355,40.825693279656754
121,20.47330278729897,35.38479316959439,50.22738373959987
122,21.543772118734864,40.47841451508172,55.986930143209314
123,20.73101994159255,36.60950764762623,50.70368484667007
124,23.219992967508723,37.12745293959841,49.56372983425963
125,26.380576851323497,37.18471793229857,49.02468985720624
126,31.280424356342415,42.876457172924944,55.48698213956294
127,26.80197114034835,37.64246138446008,49.351038428670165
128,31.75664535825579,43.49869154406028,57.2984707140095
129,28.2196164499061,39.00751222186176,55.48707069738269
130,26.109667948123267,35.81655518733756,54.18832975108264
131,27.568857773956335,37.992948276425174,55.9228923076989
132,24.228580597669634,34.69879550559706,53.52218037205174
133,29.391409289997583,41.29952986770465,59.7213277265409
134,28.973764723166624,40.14905137126209,58.896137267650786
135,24.422608252865036,34.94823555719647,49.88283041828319
136,25.368320431920186,34.91682307139668,50.29718295240951
137,26.952238840467324,35.295190958052466,51.43883501548139
138,30.950547464438518,40.12307834340366,58.833586953344486
139,33.4210153310193,43.34728805624543,67.06715825447108
140,32.36720373432135,40.476226394697534,69.45080983453153
141,17.97601786682926,26.163352424325634,50.406550124907795
142,18.173878153652343,29.89048308013642,47.425696613487034
143,18.944595414296273,33.90601927265067,49.7042934677349
144,20.274612163194277,37.8886432410199,53.913302147010334
145,22.322323672137443,33.549244935589705,50.281370853703194
146,25.491104899249564,33.70628713934712,48.69536706220718
147,22.263594299358964,30.56894387744385,46.64177235525133
148,20.476705808615936,29.585899726339292,50.947377355007205
149,19.770933983905064,33.26204147791465,47.6759149875881
150,22.643829118291514,39.804699328276044,49.86960522102308
151,27.509230193238473,39.69256781999724,54.46775325639233
152,28.267160113420776,38.77017012843211,49.541098987162876
153,35.06159717837146,45.492957076927325,55.31947654267108
154,25.19217573111361,35.87286523463342,42.844941362795055
155,25.064018861053654,32.12101896510177,38.987532636193144
156,27.210636810793986,34.618748799874986,41.51536331108963
157,28.273764830427716,36.512452288487125,43.4574082460942
158,27.778577743404043,35.63655676155814,42.767437220800765
159,27.348960943657996,35.40829054018199,44.2744727706736
160,20.63840035741487,26.63142406301513,33.45862808331185
161,35.32064946442034,44.77008459117434,54.17544244865077
162,25.08449422939795,33.60786231822462,43.19046998187858
163,25.56739733157761,33.74894640045078,42.61403861138999
164,26.41027750882205,34.51034220068108,43.507077248266526
165,28.968082496373306,36.95472967411146,46.26681099912405
166,27.637684333606977,35.556195760050265,44.62193187518959
167,29.230150272775845,37.44904611766637,47.43838249446647
168,32.32276213015656,41.466435655053004,52.39035152876446
169,40.78010979895916,49.96118084837574,61.97524492335083
170,36.64591851418896,45.11765549732169,55.350602645662626
